fecha,tasa_interbancaria_on_end,tasa_referencia_exo,tasa_cdbcrp_saldo_exo,depositos_sector_publico_saldo_exo,cuentas_corrientes_bancos_bcrp_saldo_exo,cuentas_corrientes_bancos_bcrp_saldo_exo_L1,cuentas_corrientes_bancos_bcrp_saldo_exo_L1_metodo_imputacion,tasa_interbancaria_on_end_metodo_imputacion,tasa_referencia_exo_metodo_imputacion,tasa_cdbcrp_saldo_exo_metodo_imputacion,depositos_sector_publico_saldo_exo_metodo_imputacion,cuentas_corrientes_bancos_bcrp_saldo_exo_metodo_imputacion,tasa_interbancaria_on_end_outlier,tasa_referencia_exo_outlier,tasa_cdbcrp_saldo_exo_outlier,depositos_sector_publico_saldo_exo_outlier,cuentas_corrientes_bancos_bcrp_saldo_exo_outlier
2015-01-01,3.55,3.5,3.64347005779166,36100.94908496,5916.66323693,5916.66323693,bfill_borde_inicial,,,bfill_borde_inicial,bfill_borde_inicial,bfill_borde_inicial,False,False,False,False,False
2015-01-02,3.55,3.5,3.64347005779166,36100.94908496,5916.66323693,5916.66323693,,,,bfill_borde_inicial,bfill_borde_inicial,bfill_borde_inicial,False,False,False,False,False
2015-01-05,3.5,3.5,3.64347005779166,36100.94908496,5916.66323693,5916.66323693,,,,,,,False,False,False,False,False
2015-01-06,3.5,3.5,3.64347005779166,35732.05324817,5519.08204218,5916.66323693,,,,,,,False,False,False,False,False
2015-01-07,3.5,3.5,3.64314001186598,35657.86342492,5292.64033008,5519.08204218,,,,,,,False,False,False,False,False
2015-01-08,3.5,3.5,3.64594283296831,35824.12541941,5383.92222242,5292.64033008,,,,,,,False,False,False,False,False
2015-01-09,3.5,3.5,3.64138273255855,36490.89079349,4794.42160785,5383.92222242,,,,,,,False,False,False,False,False
2015-01-12,3.5,3.5,3.63742004250947,36375.93242705,4889.19091761,4794.42160785,,,,,,,False,False,False,False,False
2015-01-13,3.5,3.5,3.63505388324577,36450.9282639,4622.9352571,4889.19091761,,,,,,,False,False,False,False,False
2015-01-14,3.5,3.5,3.63428457180122,36777.09872214,3731.07393342,4622.9352571,,,,,,,False,False,False,False,False
2015-01-15,3.5,3.5,3.63295631194815,37296.44425491,3592.20123977,3731.07393342,,,,,,,False,False,False,False,False
2015-01-16,3.25,3.25,3.6275319451159,37708.4997049,2312.40312854,3592.20123977,,,,,,,False,False,False,False,False
2015-01-19,3.23,3.25,3.62570740360601,37628.97076736,2570.11333766,2312.40312854,,,,,,,False,False,False,False,False
2015-01-20,3.24,3.25,3.6221225073731,37771.60140291,2051.37337952,2570.11333766,,,,,,,False,False,False,False,False
2015-01-21,3.25,3.25,3.62053627741866,38687.47269434,2263.21460813,2051.37337952,,,,,,,False,False,False,False,False
2015-01-22,3.24,3.25,3.61879457326157,38760.20490725,1888.07639802,2263.21460813,,,,,,,False,False,False,False,False
2015-01-23,3.2,3.25,3.61514187667931,38860.12418478,1094.05094486,1888.07639802,,,,,,,False,False,False,False,False
2015-01-26,3.2,3.25,3.61340370144631,38823.25053172,1125.77950632,1094.05094486,,,,,,,False,False,False,False,False
2015-01-27,3.25,3.25,3.61340370144631,38585.38288547,1681.49274646,1125.77950632,,,,,,,False,False,False,False,False
2015-01-28,3.25,3.25,3.61174185655301,38253.02265446,1426.26437915,1681.49274646,,,,,,,False,False,False,False,False
2015-01-29,3.25,3.25,3.60998608866087,38021.63308035,1652.28159031,1426.26437915,,,,,,,False,False,False,False,False
2015-01-30,3.25,3.25,3.60998608866087,37562.44578824,1921.52128199,1652.28159031,,,,,,,False,False,False,False,False
2015-02-02,3.25,3.25,3.60824998739872,37403.56479842,4577.9131268,1921.52128199,,,,,,,False,False,False,False,False
2015-02-03,3.25,3.25,3.60824998739872,37310.12604762,3981.69945182,4577.9131268,,,,,,,False,False,False,False,False
2015-02-04,3.25,3.25,3.60670030575933,37213.36838473,3748.61329594,3981.69945182,,,,,,,False,False,False,False,False
2015-02-05,3.25,3.25,3.6050016338693,37020.53861437,4030.87145291,3748.61329594,,,,,,,False,False,False,False,False
2015-02-06,3.25,3.25,3.6050016338693,36893.64824785,3890.76375573,4030.87145291,,,,,,,False,False,False,False,False
2015-02-09,3.25,3.25,3.60315643365851,36791.5080695,2932.15848327,3890.76375573,,,,,,,False,False,False,False,False
2015-02-10,3.25,3.25,3.60116711311238,36950.730108,2113.07052375,2932.15848327,,,,,,,False,False,False,False,False
2015-02-11,3.26,3.25,3.5995808295152,36015.50258904,1952.23011277,2113.07052375,,,,,,,False,False,False,False,False
2015-02-12,3.25,3.25,3.59137950447251,36233.38988174,2865.60026229,1952.23011277,,,,,,,False,False,False,False,False
2015-02-13,3.25,3.25,3.59137950447251,36351.84703169,2264.80917952,2865.60026229,,,,,,,False,False,False,False,False
2015-02-16,3.33,3.25,3.58894030635615,37400.20299031,1537.49343019,2264.80917952,,,,,,,False,False,False,False,False
2015-02-17,3.57,3.25,3.58894030635615,37699.38820731,2008.11584493,1537.49343019,,,,,,,False,False,False,False,False
2015-02-18,3.79,3.25,3.58720325212397,37980.54755593,1987.89063436,2008.11584493,,,,,,,False,False,False,False,False
2015-02-19,3.83,3.25,3.5845351210212,37948.19679789,2231.66904975,1987.89063436,,,,,,,False,False,False,False,False
2015-02-20,3.81,3.25,3.5845351210212,38304.44140759,2156.87701607,2231.66904975,,,,,,,False,False,False,False,False
2015-02-23,3.67,3.25,3.58234146775425,38404.85709255,2013.87115073,2156.87701607,,,,,,,False,False,False,False,False
2015-02-24,3.28,3.25,3.58234146775425,38164.59772586,2088.95088139,2013.87115073,,,,,,,False,False,False,False,False
2015-02-25,3.27,3.25,3.58078030223443,37920.10299961,1668.69899038,2088.95088139,,,,,,,False,False,False,False,False
2015-02-26,3.26,3.25,3.57912632730834,37659.84956972,1588.19427119,1668.69899038,,,,,,,False,False,False,False,False
2015-02-27,3.31,3.25,3.57912632730834,37634.00507242,1185.08303201,1588.19427119,,,,,,,False,False,False,False,False
2015-03-02,3.33,3.25,3.57727168818671,37679.50295711,4230.66798303,1185.08303201,,interpolacion_lineal,,,,,False,False,False,False,False
2015-03-03,3.35,3.25,3.57727168818671,37564.51867296,4402.60755928,4230.66798303,,,,,,,False,False,False,False,False
2015-03-04,3.32,3.25,3.57663377879961,37443.44893697,3826.04988569,4402.60755928,,,,,,,False,False,False,False,False
2015-03-05,3.26,3.25,3.57529739424449,37236.52830411,2963.37480625,3826.04988569,,,,,,,False,False,False,False,False
2015-03-06,3.4,3.25,3.57529739424449,37138.71307704,3390.4679547,2963.37480625,,,,,,,False,False,False,False,False
2015-03-09,3.3,3.25,3.57365205628583,37155.89155834,2964.7052279,3390.4679547,,,,,,,False,False,False,False,False
2015-03-10,3.3,3.25,3.57365205628583,37207.41766627,2787.12536982,2964.7052279,,,,,,,False,False,False,False,False
2015-03-11,3.35,3.25,3.57306707843423,37206.94132358,2728.32444109,2787.12536982,,,,,,,False,False,False,False,False
2015-03-12,3.36,3.25,3.56598495368436,37640.33514647,2065.69282414,2728.32444109,,,,,,,False,False,False,False,False
2015-03-13,3.35,3.25,3.56598495368436,37655.51175244,2748.46014471,2065.69282414,,,,,,,False,False,False,False,False
2015-03-16,3.35,3.25,3.56401069251803,38196.82520074,2588.47719796,2748.46014471,,,,,,,False,False,False,False,False
2015-03-17,3.4,3.25,3.56401069251803,38263.71385278,2885.11913459,2588.47719796,,,,,,,False,False,False,False,False
2015-03-18,3.32,3.25,3.56358574721032,38361.37149563,2423.12046915,2885.11913459,,,,,,,False,False,False,False,False
2015-03-19,3.33,3.25,3.56283178914533,38603.51973827,2130.98090109,2423.12046915,,,,,,,False,False,False,False,False
2015-03-20,3.25,3.25,3.56283178914533,38876.42145083,1998.82584109,2130.98090109,,,,,,,False,False,False,False,False
2015-03-23,3.25,3.25,3.56194456200911,38908.3906491,1421.9146365,1998.82584109,,,,,,,False,False,False,False,False
2015-03-24,3.25,3.25,3.56194456200911,38927.02595826,1032.96955329,1421.9146365,,,,,,,False,False,False,False,False
2015-03-25,3.25,3.25,3.56196663980751,39082.45678036,1601.26949791,1032.96955329,,,,,,,False,False,False,False,False
2015-03-26,3.4,3.25,3.56146928110294,39040.09809103,1174.15020835,1601.26949791,,,,,,,False,False,False,False,False
2015-03-27,3.41,3.25,3.56146928110294,38791.6688815,632.86370306,1174.15020835,,,,,,,False,False,False,False,False
2015-03-30,3.58,3.25,3.56064753888343,38724.37512847,1112.31384221,632.86370306,,,,,,,False,False,False,False,False
2015-03-31,3.7,3.25,3.56064753888343,38784.49069196,1593.14754233,1112.31384221,,,,,,,False,False,False,False,False
2015-04-01,3.6125000000000003,3.25,3.56045549194546,38879.76063977,3970.55601917,1593.14754233,,interpolacion_lineal,,,,,False,False,False,False,False
2015-04-02,3.5250000000000004,3.25,3.5601749424668365,38879.76063977,3970.55601917,3970.55601917,,interpolacion_lineal,,interpolacion_lineal,forward_fill_max5,forward_fill_max5,False,False,False,False,False
2015-04-03,3.4375,3.25,3.5598943929882134,38879.76063977,3970.55601917,3970.55601917,,interpolacion_lineal,,interpolacion_lineal,forward_fill_max5,forward_fill_max5,False,False,False,False,False
2015-04-06,3.35,3.25,3.55961384350959,39104.32205487,3568.91449933,3970.55601917,,,,,,,False,False,False,False,False
2015-04-07,3.38,3.25,3.55961384350959,39008.55879389,2412.90146314,3568.91449933,,,,,,,False,False,False,False,False
2015-04-08,3.3,3.25,3.55942562982271,39330.9477724,2431.37776536,2412.90146314,,,,,,,False,False,False,False,False
2015-04-09,3.25,3.25,3.53817225038574,40219.85764612,2084.78343784,2431.37776536,,,,,,,False,False,False,False,False
2015-04-10,3.29,3.25,3.53817225038574,40290.99925149,2200.48157167,2084.78343784,,,,,,,False,False,False,False,False
2015-04-13,3.27,3.25,3.53717069925292,40371.72031063,1730.71976994,2200.48157167,,,,,,,False,False,False,False,False
2015-04-14,3.35,3.25,3.53717069925292,40568.0358871,2102.01770965,1730.71976994,,,,,,,False,False,False,False,False
2015-04-15,3.33,3.25,3.53675334079792,40945.98430626,1017.14656018,2102.01770965,,,,,,,False,False,False,False,False
2015-04-16,3.33,3.25,3.54416993863438,41415.08966273,1273.07535649,1017.14656018,,,,,,,False,False,False,False,False
2015-04-17,3.4,3.25,3.54416993863438,41820.5080155,1281.72656436,1273.07535649,,,,,,,False,False,False,False,False
2015-04-20,3.36,3.25,3.54289291916132,42323.58013171,1389.52905296,1281.72656436,,,,,,,False,False,False,False,False
2015-04-21,3.36,3.25,3.54289291916132,42553.55374288,1240.54529245,1389.52905296,,,,,,,False,False,False,False,False
2015-04-22,3.63,3.25,3.54227000878374,42647.92065415,1005.1477783,1240.54529245,,,,,,,False,False,False,False,False
2015-04-23,3.93,3.25,3.5441835363786,42755.8138088,997.25755247,1005.1477783,,,,,,,False,False,False,False,False
2015-04-24,4.0,3.25,3.5441835363786,42501.01461159,830.29727379,997.25755247,,,,,,,False,False,False,False,False
2015-04-27,4.0,3.25,3.54286981902338,42421.77360398,942.64146341,830.29727379,,,,,,,False,False,False,False,False
2015-04-28,3.97,3.25,3.54286981902338,42105.63573447,1020.6646321,942.64146341,,,,,,,False,False,False,False,False
2015-04-29,3.29,3.25,3.54279572609701,41815.33618238,736.07127014,1020.6646321,,,,,,,False,False,False,False,False
2015-04-30,3.44,3.25,3.54258414970303,41545.75854601,2011.65713375,736.07127014,,,,,,,False,False,False,False,False
2015-05-01,3.7199999999999998,3.25,3.542144628287285,41545.75854601,2011.65713375,2011.65713375,,interpolacion_lineal,,interpolacion_lineal,forward_fill_max5,forward_fill_max5,False,False,False,False,False
2015-05-04,4.0,3.25,3.54170510687154,40959.28754954,3374.6101341,2011.65713375,,,,,,,False,False,False,False,False
2015-05-05,4.03,3.25,3.54170510687154,40765.50888112,3244.91152588,3374.6101341,,,,,,,False,False,False,False,False
2015-05-06,4.0,3.25,3.54157104650717,40506.44731654,4060.36789657,3244.91152588,,,,,,,False,False,False,False,False
2015-05-07,3.64,3.25,3.50788606913388,40781.03895553,3044.23211191,4060.36789657,,,,,,,False,False,False,False,False
2015-05-08,3.65,3.25,3.50788606913388,40581.05629346,2841.72384787,3044.23211191,,,,,,,False,False,False,False,False
2015-05-11,3.55,3.25,3.50660603025862,40461.71368321,1966.03756028,2841.72384787,,,,,,,False,False,False,False,False
2015-05-12,3.5,3.25,3.50660603025862,40492.75141743,1414.71050168,1966.03756028,,,,,,,False,False,False,False,False
2015-05-13,3.5,3.25,3.50611917744755,40274.74629153,1700.42747448,1414.71050168,,,,,,,False,False,False,False,False
2015-05-14,3.5,3.25,3.50919982455502,40599.58794283,1856.51218235,1700.42747448,,,,,,,False,False,False,False,False
2015-05-15,3.5,3.25,3.50919982455502,40404.01376342,2650.76211938,1856.51218235,,,,,,,False,False,False,False,False
2015-05-18,3.28,3.25,3.50792811100189,40749.21727071,1781.070417,2650.76211938,,,,,,,False,False,False,False,False
2015-05-19,3.25,3.25,3.50792811100189,41093.61301921,996.70295584,1781.070417,,,,,,,False,False,False,False,False
2015-05-20,3.23,3.25,3.50750019957186,41068.27280488,873.48556018,996.70295584,,,,,,,False,False,False,False,False
2015-05-21,3.25,3.25,3.50624382660258,41194.37021157,707.59655921,873.48556018,,,,,,,False,False,False,False,False
2015-05-22,3.25,3.25,3.50624382660258,41325.87437693,1019.36768961,707.59655921,,,,,,,False,False,False,False,False
2015-05-25,3.25,3.25,3.50499650563784,41207.75796957,834.12693346,1019.36768961,,,,,,,False,False,False,False,False
2015-05-26,3.25,3.25,3.50499650563784,41120.14553325,697.37062885,834.12693346,,,,,,,False,False,False,False,False
2015-05-27,3.25,3.25,3.50461962023048,40657.85288732,1783.61300061,697.37062885,,,,,,,False,False,False,False,False
2015-05-28,3.3366666666666664,3.25,3.50360163095965,40450.74592808,979.53704003,1783.61300061,,interpolacion_lineal,,,,,False,False,False,False,False
2015-05-29,3.4233333333333333,3.25,3.50360163095965,40262.82193412,1230.30148627,979.53704003,,interpolacion_lineal,,,,,False,False,False,False,False
2015-06-01,3.51,3.25,3.50237706261808,40318.2124808,4639.22445794,1230.30148627,,,,,,,False,False,False,False,False
2015-06-02,3.5,3.25,3.50237706261808,40158.06287161,4854.07506085,4639.22445794,,,,,,,False,False,False,False,False
2015-06-03,3.5,3.25,3.50208452004691,39525.07637154,5011.20134651,4854.07506085,,,,,,,False,False,False,False,False
2015-06-04,3.44,3.25,3.5008739870484,39287.87973547,4474.14750412,5011.20134651,,,,,,,False,False,False,False,False
2015-06-05,3.33,3.25,3.5008739870484,39090.41080258,3065.05671897,4474.14750412,,,,,,,False,False,False,False,False
2015-06-08,3.25,3.25,3.49522577280159,39117.43512514,2455.25861157,3065.05671897,,,,,,,False,False,False,False,False
2015-06-09,3.25,3.25,3.49158743441136,39216.98618806,2673.7928168,2455.25861157,,,,,,,False,False,False,False,False
2015-06-10,3.25,3.25,3.47777059240031,39002.0463613,3072.8780457,2673.7928168,,,,,,,False,False,False,False,False
2015-06-11,3.25,3.25,3.45986099650907,39473.05506093,1907.04746489,3072.8780457,,,,,,,False,False,False,False,False
2015-06-12,3.25,3.25,3.4451197190445,39255.78341091,2116.47685733,1907.04746489,,,,,,,False,False,False,False,False
2015-06-15,3.25,3.25,3.4441317439967,39894.1362894,1942.74362816,2116.47685733,,,,,,,False,False,False,False,False
2015-06-16,3.25,3.25,3.43682962507265,40224.2655836,1495.28409124,1942.74362816,,,,,,,False,False,False,False,False
2015-06-17,3.25,3.25,3.42953042550251,40417.38360941,1750.56670195,1495.28409124,,,,,,,False,False,False,False,False
2015-06-18,3.25,3.25,3.42525723462385,40514.90625555,1282.8953231,1750.56670195,,,,,,,False,False,False,False,False
2015-06-19,3.25,3.25,3.42604928264572,40590.88702173,639.28649227,1282.8953231,,,,,,,False,False,False,False,False
2015-06-22,3.26,3.25,3.42925024714797,40669.08120907,614.16170982,639.28649227,,,,,,,False,False,False,False,False
2015-06-23,3.6,3.25,3.42925024714797,40664.88852104,889.69404014,614.16170982,,,,,,,False,False,False,False,False
2015-06-24,3.68,3.25,3.43015048599479,39968.55229353,1013.39932437,889.69404014,,,,,,,False,False,False,False,False
2015-06-25,3.75,3.25,3.43099426524597,39727.92564866,1078.68621368,1013.39932437,,,,,,,False,False,False,False,False
2015-06-26,3.86,3.25,3.43099426524597,39448.5599709,1014.71267942,1078.68621368,,,,,,,False,False,False,False,False
2015-06-29,3.83,3.25,3.43099426524597,39448.5599709,1014.71267942,1014.71267942,,interpolacion_lineal,,interpolacion_lineal,forward_fill_max5,forward_fill_max5,False,False,False,False,False
2015-06-30,3.8,3.25,3.43099426524597,39232.92256931,1002.64219273,1014.71267942,,,,,,,False,False,False,False,False
2015-07-01,3.84,3.25,3.43213357702415,39386.6457889,2868.50863533,1002.64219273,,,,,,,False,False,False,False,False
2015-07-02,3.5,3.25,3.43299632562296,39273.64765634,3380.6068135,2868.50863533,,,,,,,False,False,False,False,False
2015-07-03,3.25,3.25,3.43299632562296,38920.05899614,3433.224167,3380.6068135,,,,,,,False,False,False,False,False
2015-07-06,3.25,3.25,3.43367463291323,38837.78673205,2626.67716667,3433.224167,,,,,,,False,False,False,False,False
2015-07-07,3.25,3.25,3.43367463291323,38943.76993423,1904.14567712,2626.67716667,,,,,,,False,False,False,False,False
2015-07-08,3.25,3.25,3.43446806609032,38286.0612398,2392.27511836,1904.14567712,,,,,,,False,False,False,False,False
2015-07-09,3.25,3.25,3.4197911784207,38674.25850191,2123.22177595,2392.27511836,,,,,,,False,False,False,False,False
2015-07-10,3.25,3.25,3.43446667666685,38719.84868409,1751.93024129,2123.22177595,,,,,,,False,False,False,False,False
2015-07-13,3.25,3.25,3.44930612165301,39064.12555133,1446.20040616,1751.93024129,,,,,,,False,False,False,False,False
2015-07-14,3.19,3.25,3.45122447427948,38477.25018294,1693.38677729,1446.20040616,,,,,,,False,False,False,False,False
2015-07-15,3.2,3.25,3.45207325160584,38788.63395381,1157.75420404,1693.38677729,,,,,,,False,False,False,False,False
2015-07-16,3.25,3.25,3.45241856788334,38902.24773016,1391.35520348,1157.75420404,,,,,,,False,False,False,False,False
2015-07-17,3.25,3.25,3.45241856788334,39115.36162564,1061.34182392,1391.35520348,,,,,,,False,False,False,False,False
2015-07-20,3.25,3.25,3.45218470461344,39134.11578459,1190.52482001,1061.34182392,,,,,,,False,False,False,False,False
2015-07-21,3.25,3.25,3.45218470461344,39475.83778622,1177.2352355,1190.52482001,,,,,,,False,False,False,False,False
2015-07-22,3.25,3.25,3.45323991991299,39023.87547386,1096.36380195,1177.2352355,,,,,,,False,False,False,False,False
2015-07-23,3.36,3.25,3.45355100364498,38798.7887376,951.46048899,1096.36380195,,,,,,,False,False,False,False,False
2015-07-24,3.82,3.25,3.45355100364498,38439.47296085,729.85667115,951.46048899,,,,,,,False,False,False,False,False
2015-07-27,3.8575,3.25,3.4536121307625525,38439.47296085,729.85667115,729.85667115,,interpolacion_lineal,,interpolacion_lineal,forward_fill_max5,forward_fill_max5,False,False,False,False,False
2015-07-28,3.895,3.25,3.453673257880125,38439.47296085,729.85667115,729.85667115,,interpolacion_lineal,,interpolacion_lineal,forward_fill_max5,forward_fill_max5,False,False,False,False,False
2015-07-29,3.9325,3.25,3.4537343849976976,38439.47296085,729.85667115,729.85667115,,interpolacion_lineal,,interpolacion_lineal,forward_fill_max5,forward_fill_max5,False,False,False,False,False
2015-07-30,3.97,3.25,3.45379551211527,38112.68458852,542.47502753,729.85667115,,,,,,,False,False,False,False,False
2015-07-31,3.65,3.25,3.45379551211527,37568.15086032,2290.89996812,542.47502753,,,,,,,False,False,False,False,False
2015-08-03,3.77,3.25,3.45333707406654,37316.33219579,3136.41695205,2290.89996812,,,,,,,False,False,False,False,False
2015-08-04,3.26,3.25,3.45333707406654,37121.62884275,3558.97985931,3136.41695205,,,,,,,False,False,False,False,False
2015-08-05,3.36,3.25,3.45450232629093,37138.42301709,2540.57868981,3558.97985931,,,,,,,False,False,False,False,False
2015-08-06,3.73,3.25,3.45458310101883,36427.12365543,2388.0762867,2540.57868981,,,,,,,False,False,False,False,False
2015-08-07,3.99,3.25,3.45458310101883,36373.38435498,2229.87756952,2388.0762867,,,,,,,False,False,False,False,False
2015-08-10,4.0,3.25,3.4538423060405,36293.34011015,2963.69933771,2229.87756952,,,,,,,False,False,False,False,False
2015-08-11,4.0,3.25,3.4538423060405,34906.35641418,3240.14671724,2963.69933771,,,,,,,False,False,False,False,False
2015-08-12,3.8,3.25,3.45508940263929,35046.18872455,2469.20667444,3240.14671724,,,,,,,False,False,False,False,False
2015-08-13,3.25,3.25,3.45805379359162,35126.77140896,2012.38641058,2469.20667444,,,,,,,False,False,False,False,False
2015-08-14,3.25,3.25,3.45590379363494,35028.03762849,1591.54815794,2012.38641058,,,,,,,False,False,False,False,False
2015-08-17,3.26,3.25,3.45507545542743,35583.86456123,900.99406401,1591.54815794,,,,,,,False,False,False,False,False
2015-08-18,3.31,3.25,3.45507545542743,36173.02023017,757.16797375,900.99406401,,,,,,,False,False,False,False,False
2015-08-19,3.36,3.25,3.45646493885037,36033.86461963,750.87871716,757.16797375,,,,,,,False,False,False,False,False
2015-08-20,3.99,3.25,3.45627596270343,35994.55621668,818.06625324,750.87871716,,,,,,,False,False,False,False,False
2015-08-21,5.07,3.25,3.45627596270343,36256.18831044,810.08268002,818.06625324,,,,,,,False,False,False,False,False
2015-08-24,3.92,3.25,3.45542112250415,35825.85931382,931.88665343,810.08268002,,,,,,,False,False,False,False,False
2015-08-25,3.26,3.25,3.45542112250415,35597.57050955,628.27121341,931.88665343,,,,,,,False,False,False,False,False
2015-08-26,3.26,3.25,3.45704844994749,35454.84505119,465.45848504,628.27121341,,,,,,,False,False,False,False,False
2015-08-27,3.27,3.25,3.45725706180992,35189.95884009,583.51532906,465.45848504,,,,,,,False,False,False,False,False
2015-08-28,3.29,3.25,3.45725706180992,34903.04067965,765.8739617,583.51532906,,,,,,,False,False,False,False,False
2015-08-31,3.3,3.25,3.45647342484578,34720.55223132,806.27322501,765.8739617,,,,,,,False,False,False,False,False
2015-09-01,3.83,3.25,3.45647342484578,34806.01229159,3909.20665221,806.27322501,,,,,,,False,False,False,False,False
2015-09-02,4.43,3.25,3.45846025203779,34747.53674621,4578.90005926,3909.20665221,,,,,,,False,False,False,False,False
2015-09-03,4.75,3.25,3.45895748841729,34469.70363711,4868.00333434,4578.90005926,,,,,,,False,False,False,False,False
2015-09-04,4.5,3.25,3.45895748841729,33861.1683839,4675.90258585,4868.00333434,,,,,,,False,False,False,False,False
2015-09-07,3.25,3.25,3.45827409374553,33693.74975915,4795.74671002,4675.90258585,,,,,,,False,False,False,False,False
2015-09-08,3.16,3.25,3.45597203031988,33659.27762651,3181.4353802,4795.74671002,,,,,,,False,False,False,False,False
2015-09-09,3.15,3.25,3.45365327674069,33710.20618923,2465.27608531,3181.4353802,,,,,,,False,False,False,False,False
2015-09-10,3.1,3.25,3.45285158560148,34050.32138008,1553.81385572,2465.27608531,,,,,,,False,False,False,False,False
2015-09-11,3.5,3.5,3.4561872332698,34139.67824929,1091.51072379,1553.81385572,,,,,,,False,False,False,False,False
2015-09-14,3.5,3.5,3.4631845105973,34349.27790184,1047.54485692,1091.51072379,,,,,,,False,False,False,False,False
2015-09-15,3.43,3.5,3.47246026312844,34814.88820776,1251.16724723,1047.54485692,,,,,,,False,False,False,False,False
2015-09-16,3.15,3.5,3.47272046382007,34914.83709734,1059.20256927,1251.16724723,,,,,,,False,False,False,False,False
2015-09-17,3.3,3.5,3.50113829031651,35117.49074536,946.24556444,1059.20256927,,,,,,,False,False,False,False,False
2015-09-18,3.3,3.5,3.51089488518348,35280.05565367,771.04453259,946.24556444,,,,,,,False,False,False,False,False
2015-09-21,3.5,3.5,3.5124528722598,35384.67173933,939.35614693,771.04453259,,,,,,,False,False,False,False,False
2015-09-22,3.5,3.5,3.5124528722598,35511.23086149,1112.3029686,939.35614693,,,,,,,False,False,False,False,False
2015-09-23,3.5,3.5,3.51565210488549,35314.71423386,1092.10709585,1112.3029686,,,,,,,False,False,False,False,False
2015-09-24,3.5,3.5,3.51807143264102,34915.11148882,958.35706027,1092.10709585,,,,,,,False,False,False,False,False
2015-09-25,3.5,3.5,3.5272396826679,34695.53084891,929.16593353,958.35706027,,,,,,,False,False,False,False,False
2015-09-28,3.5,3.5,3.52916812723345,34419.65763474,801.61239884,929.16593353,,,,,,,False,False,False,False,False
2015-09-29,3.5,3.5,3.53505105005906,34043.66954957,714.77607007,801.61239884,,,,,,,False,False,False,False,False
2015-09-30,3.5,3.5,3.54434429736034,33692.61041109,951.90361142,714.77607007,,,,,,,False,False,False,False,False
2015-10-01,3.5,3.5,3.5465539115861,33829.17829893,3513.987029,951.90361142,,,,,,,False,False,False,False,False
2015-10-02,3.6,3.5,3.55288685617957,33313.04408787,3932.98149425,3513.987029,,,,,,,False,False,False,False,False
2015-10-05,3.65,3.5,3.55524563968114,33062.72779139,2748.05349254,3932.98149425,,,,,,,False,False,False,False,False
2015-10-06,3.5,3.5,3.55524563968114,32671.10606105,3180.71883191,2748.05349254,,,,,,,False,False,False,False,False
2015-10-07,3.4,3.5,3.55658313139077,32424.98184806,2265.49500275,3180.71883191,,,,,,,False,False,False,False,False
2015-10-08,3.413333333333333,3.5,3.55966726009468,32424.98184806,2265.49500275,2265.49500275,,interpolacion_lineal,,interpolacion_lineal,forward_fill_max5,forward_fill_max5,False,False,False,False,False
2015-10-09,3.4266666666666667,3.5,3.5627513887985898,32424.98184806,2265.49500275,2265.49500275,,interpolacion_lineal,,interpolacion_lineal,forward_fill_max5,forward_fill_max5,False,False,False,False,False
2015-10-12,3.44,3.5,3.5658355175025,32419.05649301,1318.80657361,2265.49500275,,,,,,,False,False,False,False,False
2015-10-13,3.5,3.5,3.57621100234704,32592.1208977,1427.38023622,1318.80657361,,,,,,,False,False,False,False,False
2015-10-14,3.53,3.5,3.58390143156229,32823.79343729,1196.206967,1427.38023622,,,,,,,False,False,False,False,False
2015-10-15,3.5,3.5,3.60054025298501,33212.08532005,1320.08987376,1196.206967,,,,,,,False,False,False,False,False
2015-10-16,3.5,3.5,3.60824512209373,33814.56603447,1124.73575947,1320.08987376,,,,,,,False,False,False,False,False
2015-10-19,3.5,3.5,3.60996854613236,33621.12068793,1182.43038359,1124.73575947,,,,,,,False,False,False,False,False
2015-10-20,3.5,3.5,3.60996854613236,33950.41085671,959.38178061,1182.43038359,,,,,,,False,False,False,False,False
2015-10-21,3.52,3.5,3.61995866345162,34296.40774687,888.6116624,959.38178061,,,,,,,False,False,False,False,False
2015-10-22,3.5,3.5,3.6305433552185,34084.92297914,1202.54470152,888.6116624,,,,,,,False,False,False,False,False
2015-10-23,3.58,3.5,3.6305433552185,33535.57192474,692.31160639,1202.54470152,,,,,,,False,False,False,False,False
2015-10-26,3.56,3.5,3.63206569590249,33230.29205337,599.71843905,692.31160639,,,,,,,False,False,False,False,False
2015-10-27,3.6,3.5,3.63206569590249,32942.3894069,541.07445905,599.71843905,,,,,,,False,False,False,False,False
2015-10-28,3.5,3.5,3.63370182555783,32550.48731746,545.6337256,541.07445905,,,,,,,False,False,False,False,False
2015-10-29,3.5,3.5,3.63585459040344,32197.14539262,644.97330312,545.6337256,,,,,,,False,False,False,False,False
2015-10-30,3.5,3.5,3.63585459040344,31477.89467117,690.75425611,644.97330312,,,,,,,False,False,False,False,False
2015-11-02,3.5,3.5,3.63735096369343,31256.71782519,3707.7405977,690.75425611,,,,,,,False,False,False,False,False
2015-11-03,3.5,3.5,3.63735096369343,31045.7131514,4136.24765062,3707.7405977,,,,,,,False,False,False,False,False
2015-11-04,3.5,3.5,3.63856455313674,30916.41221593,3839.48309728,4136.24765062,,,,,,,False,False,False,False,False
2015-11-05,3.5,3.5,3.63689853914634,30877.0725457,4379.69136823,3839.48309728,,,,,,,False,False,False,False,False
2015-11-06,3.5,3.5,3.63689853914634,30711.54183973,2223.45773691,4379.69136823,,,,,,,False,False,False,False,False
2015-11-09,3.5,3.5,3.63689853914634,30507.16298019,2406.90238576,2223.45773691,,,,,,,False,False,False,False,False
2015-11-10,3.5,3.5,3.63690736315013,30467.45812746,2244.47124202,2406.90238576,,,,,,,False,False,False,False,False
2015-11-11,3.5,3.5,3.63702492034595,30516.03494935,2104.13627541,2244.47124202,,,,,,,False,False,False,False,False
2015-11-12,3.5,3.5,3.65016266414293,31029.93789748,2000.8021248,2104.13627541,,,,,,,False,False,False,False,False
2015-11-13,3.5,3.5,3.65016266414293,30544.47541483,1519.82864875,2000.8021248,,,,,,,False,False,False,False,False
2015-11-16,3.5,3.5,3.65087092583847,31406.02558415,963.37934581,1519.82864875,,,,,,,False,False,False,False,False
2015-11-17,3.5,3.5,3.65087092583847,31853.273463,749.59178071,963.37934581,,,,,,,False,False,False,False,False
2015-11-18,3.5,3.5,3.6528144524343,32127.09600612,894.16271708,749.59178071,,,,,,,False,False,False,False,False
2015-11-19,3.5,3.5,3.65411567427632,31976.31823334,936.71220197,894.16271708,,,,,,,False,False,False,False,False
2015-11-20,3.5,3.5,3.65411567427632,32003.13582966,1063.22622845,936.71220197,,,,,,,False,False,False,False,False
2015-11-23,3.5,3.5,3.67223202093767,32117.04037276,535.6214011,1063.22622845,,,,,,,False,False,False,False,False
2015-11-24,3.5,3.5,3.67223202093767,31891.52443828,567.04237052,535.6214011,,,,,,,False,False,False,False,False
2015-11-25,3.5,3.5,3.68512839201617,31289.86293767,759.46780264,567.04237052,,,,,,,False,False,False,False,False
2015-11-26,3.5,3.5,3.6877660465896,30459.86532114,702.19049342,759.46780264,,,,,,,False,False,False,False,False
2015-11-27,3.5,3.5,3.6877660465896,30421.97383269,571.05895872,702.19049342,,,,,,,False,False,False,False,False
2015-11-30,3.5,3.5,3.69045048085037,30000.27355161,1063.52441531,571.05895872,,,,,,,False,False,False,False,False
2015-12-01,3.68,3.5,3.69045048085037,30534.23271785,3352.85401072,1063.52441531,,,,,,,False,False,False,False,False
2015-12-02,3.85,3.5,3.6925214754927,30376.53913868,3863.83546532,3352.85401072,,,,,,,False,False,False,False,False
2015-12-03,3.9,3.5,3.69387926685726,29918.70529974,4445.40624193,3863.83546532,,,,,,,False,False,False,False,False
2015-12-04,3.84,3.5,3.69387926685726,29635.23005854,3713.66673604,4445.40624193,,,,,,,False,False,False,False,False
2015-12-07,3.7,3.5,3.71120735372108,29553.29244241,2242.4675813,3713.66673604,,,,,,,False,False,False,False,False
2015-12-08,3.6500000000000004,3.5,3.7122562267105597,29553.29244241,2242.4675813,2242.4675813,,interpolacion_lineal,,interpolacion_lineal,forward_fill_max5,forward_fill_max5,False,False,False,False,False
2015-12-09,3.6,3.5,3.71330509970004,29298.8670268,2379.19992208,2242.4675813,,,,,,,False,False,False,False,False
2015-12-10,3.5,3.5,3.74873882041294,30027.24599959,2205.51987705,2379.19992208,,,,,,,False,False,False,False,False
2015-12-11,3.71,3.75,3.74987811822215,29718.49330708,1418.83217629,2205.51987705,,,,,,,False,False,False,False,False
2015-12-14,3.75,3.75,3.75457483829239,29694.63659862,1304.08995613,1418.83217629,,,,,,,False,False,False,False,False
2015-12-15,3.75,3.75,3.76514580200504,29566.86541654,1205.29922951,1304.08995613,,,,,,,False,False,False,False,False
2015-12-16,3.75,3.75,3.77026342758368,29451.60700565,1138.03436098,1205.29922951,,,,,,,False,False,False,False,False
2015-12-17,3.75,3.75,3.78157203498845,29067.52852668,1218.45548708,1138.03436098,,,,,,,False,False,False,False,False
2015-12-18,3.75,3.75,3.78902168643962,29658.88871145,1065.96582387,1218.45548708,,,,,,,False,False,False,False,False
2015-12-21,3.75,3.75,3.79164011388804,29839.03476307,1459.2537321,1065.96582387,,,,,,,False,False,False,False,False
2015-12-22,3.75,3.75,3.79260322071364,33657.94575138,916.17323439,1459.2537321,,,,,,,False,False,False,False,False
2015-12-23,3.75,3.75,3.79084306262479,33244.156258,729.27582481,916.17323439,,,,,,,False,False,False,False,False
2015-12-24,3.75,3.75,3.79547702054164,33313.11334587,711.01699539,729.27582481,,,,,,,False,False,False,False,False
2015-12-25,3.8,3.75,3.79576759405529,33313.11334587,711.01699539,711.01699539,,interpolacion_lineal,,interpolacion_lineal,forward_fill_max5,forward_fill_max5,False,False,False,False,False
2015-12-28,3.85,3.75,3.79605816756894,32672.9190706,619.39683602,711.01699539,,,,,,,False,False,False,False,False
2015-12-29,4.0,3.75,3.79605816756894,31644.254637,900.49280821,619.39683602,,,,,,,False,False,False,False,False
2015-12-30,4.0,3.75,3.79196969400854,31275.79435006,763.49312327,900.49280821,,,,,,,False,False,False,False,False
2015-12-31,4.21,3.75,3.79372136722131,30694.2045643,1402.13165213,763.49312327,,,,,,,False,False,False,False,False
2016-01-01,4.154999999999999,3.75,3.79241738606496,30694.2045643,1402.13165213,1402.13165213,,interpolacion_lineal,,interpolacion_lineal,forward_fill_max5,forward_fill_max5,False,False,False,False,False
2016-01-04,4.1,3.75,3.79111340490861,29922.09451797,3412.13000218,1402.13165213,,,,,,,False,False,False,False,False
2016-01-05,4.06,3.75,3.79111340490861,29131.0902591,4597.99327521,3412.13000218,,,,,,,False,False,False,False,False
2016-01-06,3.76,3.75,3.79765765765769,28626.91625455,4916.20375696,4597.99327521,,,,,,,False,False,False,False,False
2016-01-07,3.75,3.75,3.82295279782329,28546.31037482,4009.71247952,4916.20375696,,,,,,,False,False,False,False,False
2016-01-08,3.75,3.75,3.83546583977092,28280.283506,3349.5388858,4009.71247952,,,,,,,False,False,False,False,False
2016-01-11,3.75,3.75,3.84363110178081,28248.58324201,2397.80980873,3349.5388858,,,,,,,False,False,False,False,False
2016-01-12,3.75,3.75,3.84862526866712,28057.17094063,1802.93998368,2397.80980873,,,,,,,False,False,False,False,False
2016-01-13,3.75,3.75,3.85657056941781,28087.35226584,1385.71680833,1802.93998368,,,,,,,False,False,False,False,False
2016-01-14,3.75,3.75,3.86970346702926,28281.85363254,1823.56526,1385.71680833,,,,,,,False,False,False,False,False
2016-01-15,4.0,4.0,3.89062461945734,28255.27122001,1715.84809714,1823.56526,,,,,,,False,False,False,False,False
2016-01-18,4.0,4.0,3.9061201244007,28821.88765243,1092.66388453,1715.84809714,,,,,,,False,False,False,False,False
2016-01-19,4.0,4.0,3.91883446334914,29017.51556506,815.83069616,1092.66388453,,,,,,,False,False,False,False,False
2016-01-20,4.0,4.0,3.92771872621165,29178.68223204,712.93112715,815.83069616,,,,,,,False,False,False,False,False
2016-01-21,4.0,4.0,3.92104377671289,28685.32413102,775.07701592,712.93112715,,,,,,,False,False,False,False,False
2016-01-22,4.0,4.0,3.92104377671289,29199.42469956,1879.73837458,775.07701592,,,,,,,False,False,False,False,False
2016-01-25,4.0,4.0,3.92215064535521,29632.65245131,670.35750988,1879.73837458,,,,,,,False,False,False,False,False
2016-01-26,4.0,4.0,3.92215064535521,29812.03770465,632.77883754,670.35750988,,,,,,,False,False,False,False,False
2016-01-27,4.0,4.0,3.92452680604566,29560.14810851,920.89546296,632.77883754,,,,,,,False,False,False,False,False
2016-01-28,4.0,4.0,3.93008386535487,29151.49176105,724.72755225,920.89546296,,,,,,,False,False,False,False,False
2016-01-29,4.0,4.0,3.93258840088658,28629.1556563,585.85921526,724.72755225,,,,,,,False,False,False,False,False
2016-02-01,4.0,4.0,3.93367047650532,28563.4399816,3083.27070374,585.85921526,,,,,,,False,False,False,False,False
2016-02-02,4.0,4.0,3.9397744327657,28221.1966078,2921.71883124,3083.27070374,,,,,,,False,False,False,False,False
2016-02-03,4.01,4.0,3.93977607792112,27900.93912315,3160.54686729,2921.71883124,,,,,,,False,False,False,False,False
2016-02-04,4.0,4.0,3.94159223019408,27435.6819195,3356.35699931,3160.54686729,,,,,,,False,False,False,False,False
2016-02-05,4.0,4.0,3.94760273157287,27977.61918737,2406.45372489,3356.35699931,,,,,,,False,False,False,False,False
2016-02-08,4.0,4.0,3.95051182301218,27772.40023988,2337.43192938,2406.45372489,,,,,,,False,False,False,False,False
2016-02-09,4.0,4.0,3.95492502225089,26924.51089897,1979.31291689,2337.43192938,,,,,,,False,False,False,False,False
2016-02-10,4.0,4.0,3.96316899747876,26509.68682845,2372.08687322,1979.31291689,,,,,,,False,False,False,False,False
2016-02-11,4.0,4.0,4.00665757338732,25204.29181952,2883.32221642,2372.08687322,,,,,,,False,False,False,False,False
2016-02-12,4.25,4.25,4.02608088276275,25199.04780525,1608.41237647,2883.32221642,,,,,,,False,False,False,False,False
2016-02-15,4.25,4.25,4.03856870101771,25551.66345324,1442.05247473,1608.41237647,,,,,,,False,False,False,False,False
2016-02-16,4.25,4.25,4.04815398504155,25665.63439064,1226.5998644,1442.05247473,,,,,,,False,False,False,False,False
2016-02-17,4.31,4.25,4.05689901809156,26021.16622151,1225.08301134,1226.5998644,,,,,,,False,False,False,False,False
2016-02-18,4.67,4.25,4.06893150716992,26160.85525198,999.66569072,1225.08301134,,,,,,,False,False,False,False,False
2016-02-19,5.2,4.25,4.0746379483839,27266.26875277,760.0182485,999.66569072,,,,,,,False,False,False,False,False
2016-02-22,5.03,4.25,4.08179769947265,27189.46263315,836.64081772,760.0182485,,,,,,,False,False,False,False,False
2016-02-23,5.23,4.25,4.08804348319454,27130.5183369,714.62620028,836.64081772,,,,,,,False,False,False,False,False
2016-02-24,5.33,4.25,4.09254952364848,26885.36576444,1150.6574554,714.62620028,,,,,,,False,False,False,False,False
2016-02-25,5.11,4.25,4.09288976555458,26694.31963259,940.51716739,1150.6574554,,,,,,,False,False,False,False,False
2016-02-26,5.16,4.25,4.09288976555458,26988.79408323,639.45486758,940.51716739,,,,,,,False,False,False,False,False
2016-02-29,5.09,4.25,4.09302620161156,26629.59901012,601.23875505,639.45486758,,,,,,,False,False,False,False,False
2016-03-01,5.5,4.25,4.08692465552627,26680.37621409,3120.69680896,601.23875505,,,,,,,False,False,False,False,False
2016-03-02,5.5,4.25,4.08515461417198,26338.61915225,3825.95113679,3120.69680896,,,,,,,False,False,False,False,False
2016-03-03,5.15,4.25,4.08550527354915,26295.37327261,4295.76125658,3825.95113679,,,,,,,False,False,False,False,False
2016-03-04,4.26,4.25,4.08550527354915,25914.22802864,3481.76914007,4295.76125658,,,,,,,False,False,False,False,False
2016-03-07,4.25,4.25,4.08635075517727,25544.86900267,3719.70239253,3481.76914007,,,,,,,False,False,False,False,False
2016-03-08,4.26,4.25,4.08635075517727,25936.99726841,2498.84916813,3719.70239253,,,,,,,False,False,False,False,False
2016-03-09,4.26,4.25,4.08882679055632,25835.55762249,2400.7982398,2498.84916813,,,,,,,False,False,False,False,False
2016-03-10,4.29,4.25,4.12973352869913,26335.19112016,2698.00538533,2400.7982398,,,,,,,False,False,False,False,False
2016-03-11,4.25,4.25,4.12973352869913,26204.76697573,2261.61774271,2698.00538533,,,,,,,False,False,False,False,False
2016-03-14,4.25,4.25,4.13091160028619,25870.19891555,2049.5997025,2261.61774271,,,,,,,False,False,False,False,False
2016-03-15,4.29,4.25,4.13091160028619,26400.74759675,1686.63511874,2049.5997025,,,,,,,False,False,False,False,False
2016-03-16,4.32,4.25,4.13333636645122,26641.00356532,1448.37213376,1686.63511874,,,,,,,False,False,False,False,False
2016-03-17,5.0,4.25,4.1351275598696,27779.79032508,1187.39765551,1448.37213376,,,,,,,False,False,False,False,False
2016-03-18,5.27,4.25,4.1351275598696,28533.84943737,827.17716664,1187.39765551,,,,,,,False,False,False,False,False
2016-03-21,5.17,4.25,4.13626988473623,28996.94148442,1093.75721233,827.17716664,,,,,,,False,False,False,False,False
2016-03-22,5.41,4.25,4.13626988473623,29111.50382344,1116.14188936,1093.75721233,,,,,,,False,False,False,False,False
2016-03-23,5.49,4.25,4.13875448890904,29031.02904767,1063.51879805,1116.14188936,,,,,,,False,False,False,False,False
2016-03-24,5.493333333333333,4.25,4.1391381888463235,29031.02904767,1063.51879805,1063.51879805,,interpolacion_lineal,,interpolacion_lineal,forward_fill_max5,forward_fill_max5,False,False,False,False,False
2016-03-25,5.496666666666667,4.25,4.139521888783607,29031.02904767,1063.51879805,1063.51879805,,interpolacion_lineal,,interpolacion_lineal,forward_fill_max5,forward_fill_max5,False,False,False,False,False
2016-03-28,5.5,4.25,4.13990558872089,29069.02366009,933.99160242,1063.51879805,,,,,,,False,False,False,False,False
2016-03-29,5.25,4.25,4.13990558872089,28601.19145479,523.59976713,933.99160242,,,,,,,False,False,False,False,False
2016-03-30,4.95,4.25,4.14218015952084,28740.82001524,576.47611255,523.59976713,,,,,,,False,False,False,False,False
2016-03-31,4.25,4.25,4.14377078603906,28315.0360177,553.75135466,576.47611255,,,,,,,False,False,False,False,False
2016-04-01,5.12,4.25,4.14377078603906,28951.13539712,1555.91455165,553.75135466,,,,,,,False,False,False,False,False
2016-04-04,5.1,4.25,4.14481239427479,29185.59594295,3419.76989039,1555.91455165,,,,,,,False,False,False,False,False
2016-04-05,4.9,4.25,4.14481239427479,29001.72697055,3783.83032745,3419.76989039,,,,,,,False,False,False,False,False
2016-04-06,4.5,4.25,4.14685943564921,29090.41556914,3520.83172271,3783.83032745,,,,,,,False,False,False,False,False
2016-04-07,4.5,4.25,4.19127447363658,29492.38060706,3699.02855284,3520.83172271,,,,,,,False,False,False,False,False
2016-04-08,4.25,4.25,4.19127447363658,29987.9925278,3204.97933182,3699.02855284,,,,,,,False,False,False,False,False
2016-04-11,4.25,4.25,4.19918079674488,29870.39384379,2951.67033073,3204.97933182,,,,,,,False,False,False,False,False
2016-04-12,4.25,4.25,4.22133102288498,29309.7336283,2843.97178426,2951.67033073,,,,,,,False,False,False,False,False
2016-04-13,4.25,4.25,4.24894189547824,29258.23709762,2934.15959037,2843.97178426,,,,,,,False,False,False,False,False
2016-04-14,4.25,4.25,4.2911419394784,29521.81089746,2856.90508971,2934.15959037,,,,,,,False,False,False,False,False
2016-04-15,4.25,4.25,4.30629578294044,30527.26898816,1848.94305528,2856.90508971,,,,,,,False,False,False,False,False
2016-04-18,4.25,4.25,4.3102178383086,30924.35437058,1292.78450489,1848.94305528,,,,,,,False,False,False,False,False
2016-04-19,4.25,4.25,4.32095953989327,31586.43522015,978.19752327,1292.78450489,,,,,,,False,False,False,False,False
2016-04-20,4.25,4.25,4.32210725485113,31979.28016287,844.69075549,978.19752327,,,,,,,False,False,False,False,False
2016-04-21,4.25,4.25,4.32295083317645,32571.89094673,1070.3367521,844.69075549,,,,,,,False,False,False,False,False
2016-04-22,4.52,4.25,4.32295083317645,32852.81891056,1109.70460897,1070.3367521,,,,,,,False,False,False,False,False
2016-04-25,4.62,4.25,4.32324518948385,32821.16330927,776.62066826,1109.70460897,,,,,,,False,False,False,False,False
2016-04-26,4.91,4.25,4.32324518948385,32585.23546443,770.82357167,776.62066826,,,,,,,False,False,False,False,False
2016-04-27,4.96,4.25,4.32390789905721,32216.93272205,488.19053541,770.82357167,,,,,,,False,False,False,False,False
2016-04-28,4.62,4.25,4.32472631283219,31790.28141174,1690.717024,488.19053541,,,,,,,False,False,False,False,False
2016-04-29,4.5,4.25,4.32472631283219,31825.3850646,1279.99013455,1690.717024,,,,,,,False,False,False,False,False
2016-05-02,4.8,4.25,4.32515623539313,31810.67379233,3063.54738383,1279.99013455,,,,,,,False,False,False,False,False
2016-05-03,4.8,4.25,4.32515623539313,31333.1519591,2732.0965895,3063.54738383,,,,,,,False,False,False,False,False
2016-05-04,4.8,4.25,4.32616207451651,31103.34527894,2817.74937426,2732.0965895,,,,,,,False,False,False,False,False
2016-05-05,4.8,4.25,4.32688492710422,30444.83564025,3560.69043073,2817.74937426,,,,,,,False,False,False,False,False
2016-05-06,4.8,4.25,4.32688492710422,30421.24211048,3351.14454685,3560.69043073,,,,,,,False,False,False,False,False
2016-05-09,4.4,4.25,4.32720421732967,30150.06331312,3239.11765144,3351.14454685,,,,,,,False,False,False,False,False
2016-05-10,4.26,4.25,4.33340474574687,30137.89344158,2592.27470441,3239.11765144,,,,,,,False,False,False,False,False
2016-05-11,4.26,4.25,4.34196987983118,29805.66003442,2597.54780182,2592.27470441,,,,,,,False,False,False,False,False
2016-05-12,4.53,4.25,4.38585982481258,30330.19984688,2821.93090488,2597.54780182,,,,,,,False,False,False,False,False
2016-05-13,4.65,4.25,4.38585982481258,30708.38978362,3067.22693335,2821.93090488,,,,,,,False,False,False,False,False
2016-05-16,4.76,4.25,4.38607535578736,31201.54663748,2403.57997119,3067.22693335,,,,,,,False,False,False,False,False
2016-05-17,4.5,4.25,4.38607535578736,31359.08057223,2531.7740565,2403.57997119,,,,,,,False,False,False,False,False
2016-05-18,4.25,4.25,4.38723244520116,31990.33715658,1836.77407471,2531.7740565,,,,,,,False,False,False,False,False
2016-05-19,4.25,4.25,4.38808418980018,31995.59298992,1020.01404621,1836.77407471,,,,,,,False,False,False,False,False
2016-05-20,4.25,4.25,4.38808418980018,32454.69616867,1205.20660082,1020.01404621,,,,,,,False,False,False,False,False
2016-05-23,4.25,4.25,4.38827555344147,32803.02988603,809.21121164,1205.20660082,,,,,,,False,False,False,False,False
2016-05-24,4.25,4.25,4.39905268493509,32690.08659066,828.22396482,809.21121164,,,,,,,False,False,False,False,False
2016-05-25,4.26,4.25,4.40114141107528,32446.28396419,763.55959661,828.22396482,,,,,,,False,False,False,False,False
2016-05-26,4.25,4.25,4.40210390606163,32273.67414052,664.14525722,763.55959661,,,,,,,False,False,False,False,False
2016-05-27,4.25,4.25,4.40210390606163,32524.24905436,624.85906181,664.14525722,,,,,,,False,False,False,False,False
2016-05-30,4.25,4.25,4.40254439184563,32271.43806829,581.63005254,624.85906181,,,,,,,False,False,False,False,False
2016-05-31,4.46,4.25,4.40254439184563,31976.1538194,829.62864891,581.63005254,,,,,,,False,False,False,False,False
2016-06-01,4.8,4.25,4.40409214960298,32132.70906994,2624.49093725,829.62864891,,,,,,,False,False,False,False,False
2016-06-02,4.88,4.25,4.40508076963286,32009.31089127,3500.20939313,2624.49093725,,,,,,,False,False,False,False,False
2016-06-03,4.83,4.25,4.40508076963286,32606.55913551,3583.84274642,3500.20939313,,,,,,,False,False,False,False,False
2016-06-06,4.8,4.25,4.40542127262575,31909.11907745,3793.99236592,3583.84274642,,,,,,,False,False,False,False,False
2016-06-07,4.3,4.25,4.40542127262575,31650.23207694,3671.77413888,3793.99236592,,,,,,,False,False,False,False,False
2016-06-08,4.25,4.25,4.40680817041719,31684.01128028,3059.41714547,3671.77413888,,,,,,,False,False,False,False,False
2016-06-09,4.25,4.25,4.47443098893629,31851.74710571,3483.13693306,3059.41714547,,,,,,,False,False,False,False,False
2016-06-10,4.25,4.25,4.4869201998274,32155.16288033,2648.23872881,3483.13693306,,,,,,,False,False,False,False,False
2016-06-13,4.25,4.25,4.49764248041377,31973.7427747,2342.72395144,2648.23872881,,,,,,,False,False,False,False,False
2016-06-14,4.25,4.25,4.4995682289297,31912.69981962,2272.79704898,2342.72395144,,,,,,,False,False,False,False,False
2016-06-15,4.25,4.25,4.50686891087138,32249.45816943,1801.66774974,2272.79704898,,,,,,,False,False,False,False,False
2016-06-16,4.25,4.25,4.51195514395208,32195.51326511,1740.56133335,1801.66774974,,,,,,,False,False,False,False,False
2016-06-17,4.25,4.25,4.52010054409149,33316.26828181,1195.68649172,1740.56133335,,,,,,,False,False,False,False,False
2016-06-20,4.25,4.25,4.52006281595678,32849.81150661,1149.38565608,1195.68649172,,,,,,,False,False,False,False,False
2016-06-21,4.25,4.25,4.52006281595678,33474.57323229,1012.40719961,1149.38565608,,,,,,,False,False,False,False,False
2016-06-22,4.25,4.25,4.52118677091402,33464.52665898,1212.51566242,1012.40719961,,,,,,,False,False,False,False,False
2016-06-23,4.25,4.25,4.52168943851603,33580.74115414,756.74190855,1212.51566242,,,,,,,False,False,False,False,False
2016-06-24,4.25,4.25,4.52259997995392,33534.2960795,566.22973264,756.74190855,,,,,,,False,False,False,False,False
2016-06-27,4.25,4.25,4.52252007103021,33066.794934,455.82127797,566.22973264,,,,,,,False,False,False,False,False
2016-06-28,4.25,4.25,4.52424599056753,32822.7794048,704.74352585,455.82127797,,,,,,,False,False,False,False,False
2016-06-29,4.25,4.25,4.5244932296650795,32822.7794048,704.74352585,704.74352585,,interpolacion_lineal,,interpolacion_lineal,forward_fill_max5,forward_fill_max5,False,False,False,False,False
2016-06-30,4.25,4.25,4.52474046876263,32590.63094988,653.34437816,704.74352585,,,,,,,False,False,False,False,False
2016-07-01,4.64,4.25,4.52474046876263,33234.40132211,3774.62289178,653.34437816,,,,,,,False,False,False,False,False
2016-07-04,4.7,4.25,4.52450880005946,33116.95757359,4100.32650817,3774.62289178,,,,,,,False,False,False,False,False
2016-07-05,4.61,4.25,4.52450880005946,32740.54698203,4077.47583837,4100.32650817,,,,,,,False,False,False,False,False
2016-07-06,4.41,4.25,4.52535317271511,32503.28243344,5191.95734724,4077.47583837,,,,,,,False,False,False,False,False
2016-07-07,4.25,4.25,4.52567740264229,32193.80902454,3710.51774824,5191.95734724,,,,,,,False,False,False,False,False
2016-07-08,4.25,4.25,4.52567740264229,32178.43067578,3243.23635061,3710.51774824,,,,,,,False,False,False,False,False
2016-07-11,4.25,4.25,4.52930160429111,31764.13035979,2798.57205759,3243.23635061,,,,,,,False,False,False,False,False
2016-07-12,4.25,4.25,4.53372672119415,31302.7884108,2299.65020781,2798.57205759,,,,,,,False,False,False,False,False
2016-07-13,4.25,4.25,4.45911757462995,31140.10427103,2030.49937541,2299.65020781,,,,,,,False,False,False,False,False
2016-07-14,4.25,4.25,4.52064702226771,30685.31974385,2079.36256966,2030.49937541,,,,,,,False,False,False,False,False
2016-07-15,4.25,4.25,4.47015194494721,31207.67823647,1448.12176974,2079.36256966,,,,,,,False,False,False,False,False
2016-07-18,4.25,4.25,4.48033128612538,31266.81309484,1518.77901841,1448.12176974,,,,,,,False,False,False,False,False
2016-07-19,4.25,4.25,4.49456020960225,31897.75337573,1038.5370342,1518.77901841,,,,,,,False,False,False,False,False
2016-07-20,4.25,4.25,4.56183960862089,32092.50159171,1065.99803192,1038.5370342,,,,,,,False,False,False,False,False
2016-07-21,4.25,4.25,4.56547164593299,32447.1356428,1067.51406735,1065.99803192,,,,,,,False,False,False,False,False
2016-07-22,4.25,4.25,4.56547164593299,32233.28209696,777.98776941,1067.51406735,,,,,,,False,False,False,False,False
2016-07-25,4.25,4.25,4.56601079236411,31927.99317008,733.71331203,777.98776941,,,,,,,False,False,False,False,False
2016-07-26,4.25,4.25,4.56601079236411,31062.71968472,1158.62951121,733.71331203,,,,,,,False,False,False,False,False
2016-07-27,4.26,4.25,4.56792255465836,30441.02230772,826.52826563,1158.62951121,,,,,,,False,False,False,False,False
2016-07-28,4.26,4.25,4.56804294605202,30441.02230772,826.52826563,826.52826563,,interpolacion_lineal,,interpolacion_lineal,forward_fill_max5,forward_fill_max5,False,False,False,False,False
2016-07-29,4.26,4.25,4.5681633374456805,30441.02230772,826.52826563,826.52826563,,interpolacion_lineal,,interpolacion_lineal,forward_fill_max5,forward_fill_max5,False,False,False,False,False
2016-08-01,4.26,4.25,4.56828372883934,30534.41045996,4089.38904353,826.52826563,,,,,,,False,False,False,False,False
2016-08-02,4.26,4.25,4.56828372883934,30210.259963,4336.13935153,4089.38904353,,,,,,,False,False,False,False,False
2016-08-03,4.25,4.25,4.57135512936864,29848.31611741,4590.87669792,4336.13935153,,,,,,,False,False,False,False,False
2016-08-04,4.25,4.25,4.58062315920715,29792.92768299,3542.9953883,4590.87669792,,,,,,,False,False,False,False,False
2016-08-05,4.25,4.25,4.58187109395987,30003.5019701,3162.23161896,3542.9953883,,,,,,,False,False,False,False,False
2016-08-08,4.25,4.25,4.58078783558832,29658.09952843,3442.99457794,3162.23161896,,,,,,,False,False,False,False,False
2016-08-09,4.25,4.25,4.578941814893,29336.81217481,3693.30395622,3442.99457794,,,,,,,False,False,False,False,False
2016-08-10,4.25,4.25,4.58259484047326,29079.64293954,2840.51694002,3693.30395622,,,,,,,False,False,False,False,False
2016-08-11,4.07,4.25,4.61480384652188,27483.41016385,3493.66002351,2840.51694002,,,,,,,False,False,False,False,False
2016-08-12,4.02,4.25,4.61444144391687,27622.10150849,2570.36954753,3493.66002351,,,,,,,False,False,False,False,False
2016-08-15,3.9,4.25,4.66558896734107,27974.59319481,2676.63235342,2570.36954753,,,,,,,False,False,False,False,False
2016-08-16,3.98,4.25,4.66540905267989,27966.92892739,1967.28205043,2676.63235342,,,,,,,False,False,False,False,False
2016-08-17,4.11,4.25,4.66793709703182,28906.87838943,1697.79716924,1967.28205043,,,,,,,False,False,False,False,False
2016-08-18,4.2,4.25,4.67160542360019,29228.10918591,1569.7660906,1697.79716924,,,,,,,False,False,False,False,False
2016-08-19,4.1,4.25,4.66897595969331,29519.02832775,1306.49416867,1569.7660906,,,,,,,False,False,False,False,False
2016-08-22,4.1,4.25,4.66942788966851,30057.50765042,1095.46752063,1306.49416867,,,,,,,False,False,False,False,False
2016-08-23,4.1,4.25,4.67120368245842,29988.36815604,967.23359646,1095.46752063,,,,,,,False,False,False,False,False
2016-08-24,4.26,4.25,4.67178377878927,29572.4917144,987.55697562,967.23359646,,,,,,,False,False,False,False,False
2016-08-25,4.25,4.25,4.67190048151521,29259.23552778,958.68164839,987.55697562,,,,,,,False,False,False,False,False
2016-08-26,4.25,4.25,4.67190048151521,28954.81814414,863.25082752,958.68164839,,,,,,,False,False,False,False,False
2016-08-29,4.25,4.25,4.67253711495715,28630.37712492,490.14140152,863.25082752,,,,,,,False,False,False,False,False
2016-08-30,4.25,4.25,4.672802013623105,28630.37712492,490.14140152,490.14140152,,interpolacion_lineal,,interpolacion_lineal,forward_fill_max5,forward_fill_max5,False,False,False,False,False
2016-08-31,4.25,4.25,4.67306691228906,28274.87228776,511.61815059,490.14140152,,,,,,,False,False,False,False,False
2016-09-01,4.25,4.25,4.673219002056,28325.09500933,3981.38713879,511.61815059,,,,,,,False,False,False,False,False
2016-09-02,4.25,4.25,4.673219002056,28298.7199751,4107.918131,3981.38713879,,,,,,,False,False,False,False,False
2016-09-05,4.25,4.25,4.67178622665762,27989.39642827,4058.20857415,4107.918131,,,,,,,False,False,False,False,False
2016-09-06,4.25,4.25,4.67126531185288,27839.02617528,3556.1715898,4058.20857415,,,,,,,False,False,False,False,False
2016-09-07,4.25,4.25,4.66955586561045,27747.13851611,3410.68341298,3556.1715898,,,,,,,False,False,False,False,False
2016-09-08,4.24,4.25,4.68821936373303,27759.76959151,2445.20863831,3410.68341298,,,,,,,False,False,False,False,False
2016-09-09,4.25,4.25,4.68780805243085,27697.65624432,3009.30980913,2445.20863831,,,,,,,False,False,False,False,False
2016-09-12,4.25,4.25,4.68773156993153,27767.37444401,2572.57461857,3009.30980913,,,,,,,False,False,False,False,False
2016-09-13,4.25,4.25,4.68699474892473,27456.90702737,2470.48877659,2572.57461857,,,,,,,False,False,False,False,False
2016-09-14,4.25,4.25,4.68676799898045,27487.39601027,2200.77877152,2470.48877659,,,,,,,False,False,False,False,False
2016-09-15,4.25,4.25,4.68620831298762,27827.78376313,1741.12018154,2200.77877152,,,,,,,False,False,False,False,False
2016-09-16,4.25,4.25,4.68620831298762,27927.25462866,1630.92767915,1741.12018154,,,,,,,False,False,False,False,False
2016-09-19,4.25,4.25,4.68591772422698,28827.92799701,1299.68169543,1630.92767915,,,,,,,False,False,False,False,False
2016-09-20,4.25,4.25,4.68485790220886,28882.07958113,1301.72165625,1299.68169543,,,,,,,False,False,False,False,False
2016-09-21,4.25,4.25,4.68527440163684,29428.55661882,1026.57072914,1301.72165625,,,,,,,False,False,False,False,False
2016-09-22,4.25,4.25,4.684215042369,29562.59868331,976.36868231,1026.57072914,,,,,,,False,False,False,False,False
2016-09-23,4.25,4.25,4.684215042369,29645.31343467,1082.07474785,976.36868231,,,,,,,False,False,False,False,False
2016-09-26,4.26,4.25,4.68409992981839,29443.78113161,959.29128248,1082.07474785,,,,,,,False,False,False,False,False
2016-09-27,4.25,4.25,4.68409992981839,29222.30230021,811.20384469,959.29128248,,,,,,,False,False,False,False,False
2016-09-28,4.25,4.25,4.68428260494549,28744.53015542,586.87130571,811.20384469,,,,,,,False,False,False,False,False
2016-09-29,4.25,4.25,4.68428889353295,28653.57121174,552.14815331,586.87130571,,,,,,,False,False,False,False,False
2016-09-30,4.25,4.25,4.68428889353295,28423.10493171,1343.40947359,552.14815331,,,,,,,False,False,False,False,False
2016-10-03,4.25,4.25,4.68420727263407,28534.32651495,3262.1286925,1343.40947359,,,,,,,False,False,False,False,False
2016-10-04,4.25,4.25,4.68420727263407,27930.07141085,3309.84072772,3262.1286925,,,,,,,False,False,False,False,False
2016-10-05,4.25,4.25,4.6843782536007,28045.93864452,4682.24003973,3309.84072772,,,,,,,False,False,False,False,False
2016-10-06,4.25,4.25,4.69829439582947,27583.46866015,4274.91958684,4682.24003973,,,,,,,False,False,False,False,False
2016-10-07,4.26,4.25,4.69829439582947,26514.31928049,3786.11780756,4274.91958684,,,,,,,False,False,False,False,False
2016-10-10,4.25,4.25,4.69806196763996,26661.97462185,3297.74392139,3786.11780756,,,,,,,False,False,False,False,False
2016-10-11,4.25,4.25,4.69840266814899,26393.78694692,3082.14820111,3297.74392139,,,,,,,False,False,False,False,False
2016-10-12,4.25,4.25,4.69808179312881,26085.7573894,3094.93185164,3082.14820111,,,,,,,False,False,False,False,False
2016-10-13,4.25,4.25,4.70800824899754,26028.7180169,2799.57305735,3094.93185164,,,,,,,False,False,False,False,False
2016-10-14,4.25,4.25,4.70650733371235,26491.1924649,2360.94271487,2799.57305735,,,,,,,False,False,False,False,False
2016-10-17,4.25,4.25,4.70380742121948,27079.667128,2263.4500462,2360.94271487,,,,,,,False,False,False,False,False
2016-10-18,4.25,4.25,4.70029748300571,27240.49565856,1997.73229316,2263.4500462,,,,,,,False,False,False,False,False
2016-10-19,4.25,4.25,4.69949153410131,28064.40286527,1715.14804466,1997.73229316,,,,,,,False,False,False,False,False
2016-10-20,4.25,4.25,4.69929483105024,28320.3721445,1552.8776199,1715.14804466,,,,,,,False,False,False,False,False
2016-10-21,4.3,4.25,4.69929483105024,29100.84241316,1171.19768935,1552.8776199,,,,,,,False,False,False,False,False
2016-10-24,4.26,4.25,4.69895624885971,29109.95440383,1469.98200758,1171.19768935,,,,,,,False,False,False,False,False
2016-10-25,4.25,4.25,4.69895624885971,28831.29736566,1053.8450893,1469.98200758,,,,,,,False,False,False,False,False
2016-10-26,4.25,4.25,4.69888084563515,28577.29250754,1154.48805729,1053.8450893,,,,,,,False,False,False,False,False
2016-10-27,4.25,4.25,4.69870730020027,28370.64872053,1050.08653312,1154.48805729,,,,,,,False,False,False,False,False
2016-10-28,4.25,4.25,4.69870730020027,28711.29882544,613.96922475,1050.08653312,,,,,,,False,False,False,False,False
2016-10-31,4.25,4.25,4.69835955628298,27927.10263553,948.53124888,613.96922475,,,,,,,False,False,False,False,False
2016-11-01,4.25,4.25,4.698333202301354,27927.10263553,948.53124888,948.53124888,,interpolacion_lineal,interpolacion_lineal,interpolacion_lineal,forward_fill_max5,forward_fill_max5,False,False,False,False,False
2016-11-02,4.25,4.25,4.69830684831973,28006.21925417,3569.60856862,948.53124888,,,,,,,False,False,False,False,False
2016-11-03,4.25,4.25,4.69809094538198,27923.5084436,3688.47830154,3569.60856862,,,,,,,False,False,False,False,False
2016-11-04,4.35,4.25,4.69809094538198,28122.68689919,3681.36190523,3688.47830154,,,,,,,False,False,False,False,False
2016-11-07,4.35,4.25,4.69903299344503,27753.82213653,3760.62077386,3681.36190523,,,,,,,False,False,False,False,False
2016-11-08,4.35,4.25,4.69903299344503,27704.89478955,3781.55898588,3760.62077386,,,,,,,False,False,False,False,False
2016-11-09,4.25,4.25,4.69899039650784,27767.68431301,3571.71536402,3781.55898588,,,,,,,False,False,False,False,False
2016-11-10,4.26,4.25,4.71762600578351,27712.61173101,2850.41078379,3571.71536402,,,,,,,False,False,False,False,False
2016-11-11,4.25,4.25,4.71762600578351,27260.0553538,2588.84839404,2850.41078379,,,,,,,False,False,False,False,False
2016-11-14,4.25,4.25,4.71718053033613,26994.1846589,2565.24018455,2588.84839404,,,,,,,False,False,False,False,False
2016-11-15,4.25,4.25,4.71718053033613,26747.86804967,2393.86319,2565.24018455,,,,,,,False,False,False,False,False
2016-11-16,2.25,4.25,4.72093133519602,27233.54442207,2027.91720996,2393.86319,,,,,,,False,False,False,False,False
2016-11-17,2.92,4.25,4.721966485937107,27233.54442207,2027.91720996,2027.91720996,,interpolacion_lineal,interpolacion_lineal,interpolacion_lineal,forward_fill_max5,forward_fill_max5,False,False,False,False,False
2016-11-18,3.59,4.25,4.723001636678193,27233.54442207,2027.91720996,2027.91720996,,interpolacion_lineal,interpolacion_lineal,interpolacion_lineal,forward_fill_max5,forward_fill_max5,False,False,False,False,False
2016-11-21,4.26,4.25,4.72403678741928,29044.36665884,1652.96459004,2027.91720996,,,,,,,False,False,False,False,False
2016-11-22,4.25,4.25,4.72403678741928,29275.72774598,1620.45625614,1652.96459004,,,,,,,False,False,False,False,False
2016-11-23,4.26,4.25,4.72915067094285,30176.28498146,1195.47228737,1620.45625614,,,,,,,False,False,False,False,False
2016-11-24,4.35,4.25,4.72875725122715,30025.78320476,1272.55365665,1195.47228737,,,,,,,False,False,False,False,False
2016-11-25,4.35,4.25,4.72875725122715,30039.83581544,1120.0217263,1272.55365665,,,,,,,False,False,False,False,False
2016-11-28,4.35,4.25,4.72824538783568,29669.52125922,842.23606457,1120.0217263,,,,,,,False,False,False,False,False
2016-11-29,4.35,4.25,4.72824538783568,29339.2176141,1058.03153612,842.23606457,,,,,,,False,False,False,False,False
2016-11-30,4.35,4.25,4.7279732264937,29338.98070434,955.4033146,1058.03153612,,,,,,,False,False,False,False,False
2016-12-01,4.54,4.25,4.72758131428822,29718.53787518,4004.19322067,955.4033146,,,,,,,False,False,False,False,False
2016-12-02,4.58,4.25,4.72758131428822,30040.10543906,4068.34706746,4004.19322067,,,,,,,False,False,False,False,False
2016-12-05,4.59,4.25,4.72706078281318,29817.39025486,4396.81294178,4068.34706746,,,,,,,False,False,False,False,False
2016-12-06,4.25,4.25,4.72706078281318,28953.75072961,4262.11849595,4396.81294178,,,,,,,False,False,False,False,False
2016-12-07,4.25,4.25,4.72679100014655,29187.16132253,3787.02438317,4262.11849595,,,,,,,False,False,False,False,False
2016-12-08,4.25,4.25,4.72679100014655,29187.16132253,3787.02438317,3787.02438317,,interpolacion_lineal,interpolacion_lineal,interpolacion_lineal,forward_fill_max5,forward_fill_max5,False,False,False,False,False
2016-12-09,4.25,4.25,4.72679100014655,29134.24762373,2947.05434222,3787.02438317,,,,,,,False,False,False,False,False
2016-12-12,4.25,4.25,4.72617354910937,28791.85371491,2411.93388536,2947.05434222,,,,,,,False,False,False,False,False
2016-12-13,4.25,4.25,4.73579316964324,28443.80933441,1996.80262604,2411.93388536,,,,,,,False,False,False,False,False
2016-12-14,4.25,4.25,4.73555499111,28182.73168691,1953.47415674,1996.80262604,,,,,,,False,False,False,False,False
2016-12-15,4.25,4.25,4.75218598002129,28455.78692636,1702.24980981,1953.47415674,,,,,,,False,False,False,False,False
2016-12-16,4.25,4.25,4.75218598002129,29187.0758039,1789.34681921,1702.24980981,,,,,,,False,False,False,False,False
2016-12-19,4.26,4.25,4.75154328295844,28744.68305313,1355.97855224,1789.34681921,,,,,,,False,False,False,False,False
2016-12-20,4.25,4.25,4.75154328295844,29766.09129815,1345.70901035,1355.97855224,,,,,,,False,False,False,False,False
2016-12-21,4.25,4.25,4.75167168020033,30379.84714834,1413.24402746,1345.70901035,,,,,,,False,False,False,False,False
2016-12-22,4.37,4.25,4.75114854304868,30090.94841536,1637.40914873,1413.24402746,,,,,,,False,False,False,False,False
2016-12-23,4.62,4.25,4.75114854304868,30691.55586469,1751.29087438,1637.40914873,,,,,,,False,False,False,False,False
2016-12-26,4.8,4.25,4.75069180208461,30411.41355047,1705.82337071,1751.29087438,,,,,,,False,False,False,False,False
2016-12-27,4.84,4.25,4.75086899723051,30183.92188976,1817.65603572,1705.82337071,,,,,,,False,False,False,False,False
2016-12-28,4.25,4.25,4.75086899723051,29637.25075233,1836.54237254,1817.65603572,,,,,,,False,False,False,False,False
2016-12-29,4.25,4.25,4.75086899723051,29024.15639218,1136.76562507,1836.54237254,,,,,,,False,False,False,False,False
2016-12-30,4.25,4.25,4.75086899723051,28466.76839579,1280.12456367,1136.76562507,,,,,,,False,False,False,False,False
2017-01-02,4.25,4.25,4.75047646383469,28229.92769128,4240.48542774,1280.12456367,,,,,,,False,False,False,False,False
2017-01-03,4.25,4.25,4.75047646383469,26764.91825242,4682.09191153,4240.48542774,,,,,,,False,False,False,False,False
2017-01-04,4.25,4.25,4.75029281851942,26579.61309559,3387.83013144,4682.09191153,,,,,,,False,False,False,False,False
2017-01-05,4.25,4.25,4.74897216033227,26344.15201282,3182.47189848,3387.83013144,,,,,,,False,False,False,False,False
2017-01-06,4.26,4.25,4.74756287966914,26736.26786768,2776.40157227,3182.47189848,,,,,,,False,False,False,False,False
2017-01-09,4.25,4.25,4.74704969665679,26613.2029625,3085.96508495,2776.40157227,,,,,,,False,False,False,False,False
2017-01-10,4.25,4.25,4.74704969665679,26309.61059392,3281.43133624,3085.96508495,,,,,,,False,False,False,False,False
2017-01-11,4.25,4.25,4.74537597877713,25938.61893331,3078.34614923,3281.43133624,,,,,,,False,False,False,False,False
2017-01-12,4.25,4.25,4.75218024002482,25881.59248281,2724.3206137,3078.34614923,,,,,,,False,False,False,False,False
2017-01-13,4.25,4.25,4.74535407510554,25976.10062805,2155.74615267,2724.3206137,,,,,,,False,False,False,False,False
2017-01-16,4.25,4.25,4.74123726995841,26513.46698382,1906.23592934,2155.74615267,,,,,,,False,False,False,False,False
2017-01-17,4.25,4.25,4.73717627204457,26722.28906046,1699.65560793,1906.23592934,,,,,,,False,False,False,False,False
2017-01-18,4.25,4.25,4.73257825991072,27822.81011681,1836.45482389,1699.65560793,,,,,,,False,False,False,False,False
2017-01-19,4.25,4.25,4.72904216864989,28016.20117727,1290.76841329,1836.45482389,,,,,,,False,False,False,False,False
2017-01-20,4.25,4.25,4.7258613937479,27641.10398478,1712.42611727,1290.76841329,,,,,,,False,False,False,False,False
2017-01-23,4.25,4.25,4.72395582321154,28237.6822981,1554.52759347,1712.42611727,,,,,,,False,False,False,False,False
2017-01-24,4.25,4.25,4.72288683425065,28452.78779114,1124.2821339,1554.52759347,,,,,,,False,False,False,False,False
2017-01-25,4.25,4.25,4.72068140325255,28184.43854573,1000.59982923,1124.2821339,,,,,,,False,False,False,False,False
2017-01-26,4.25,4.25,4.71939653761563,27960.37033759,911.96067336,1000.59982923,,,,,,,False,False,False,False,False
2017-01-27,4.25,4.25,4.71849050178007,27713.15383844,898.15925481,911.96067336,,,,,,,False,False,False,False,False
2017-01-30,4.25,4.25,4.71453271119729,27355.31709186,1198.61379094,898.15925481,,,,,,,False,False,False,False,False
2017-01-31,4.25,4.25,4.71279504028209,26821.28507623,1263.34820533,1198.61379094,,,,,,,False,False,False,False,False
2017-02-01,4.25,4.25,4.71286204567374,27086.4398692,3753.87904514,1263.34820533,,,,,,,False,False,False,False,False
2017-02-02,4.25,4.25,4.7127417021227,26754.61187256,4156.93954513,3753.87904514,,,,,,,False,False,False,False,False
2017-02-03,4.25,4.25,4.7127417021227,26933.30118465,3776.72273339,4156.93954513,,,,,,,False,False,False,False,False
2017-02-06,4.25,4.25,4.71248140977951,26811.99737928,3925.04872372,3776.72273339,,,,,,,False,False,False,False,False
2017-02-07,4.25,4.25,4.7106481039574,26951.13186572,4506.10402559,3925.04872372,,,,,,,False,False,False,False,False
2017-02-08,4.25,4.25,4.7072387999431,26928.99498658,3749.04773892,4506.10402559,,,,,,,False,False,False,False,False
2017-02-09,4.25,4.25,4.6965218486436,27371.84952192,2823.01972247,3749.04773892,,,,,,,False,False,False,False,False
2017-02-10,4.25,4.25,4.68975827505202,25403.93052963,3069.83526297,2823.01972247,,,,,,,False,False,False,False,False
2017-02-13,4.25,4.25,4.68560085374024,25347.80065663,1598.78136103,3069.83526297,,,,,,,False,False,False,False,False
2017-02-14,4.18,4.25,4.68344255731548,25043.04064917,2005.27036971,1598.78136103,,,,,,,False,False,False,False,False
2017-02-15,4.22,4.25,4.68140462540983,25352.46349572,1270.44517952,2005.27036971,,,,,,,False,False,False,False,False
2017-02-16,4.25,4.25,4.6833686828717,25789.60131957,1081.15864971,1270.44517952,,,,,,,False,False,False,False,False
2017-02-17,4.25,4.25,4.68131872554502,26318.04579466,799.8317004,1081.15864971,,,,,,,False,False,False,False,False
2017-02-20,4.25,4.25,4.67861769813414,26963.25566183,818.73711701,799.8317004,,,,,,,False,False,False,False,False
2017-02-21,4.25,4.25,4.67609712085093,27385.81468856,694.11378341,818.73711701,,,,,,,False,False,False,False,False
2017-02-22,4.25,4.25,4.67369296235681,27530.97901878,815.07384155,694.11378341,,,,,,,False,False,False,False,False
2017-02-23,4.25,4.25,4.6711375293057,27271.37067887,598.72910339,815.07384155,,,,,,,False,False,False,False,False
2017-02-24,4.25,4.25,4.66869428827218,27159.03086692,655.91365285,598.72910339,,,,,,,False,False,False,False,False
2017-02-27,4.25,4.25,4.66484473544507,26829.6489162,574.84034823,655.91365285,,,,,,,False,False,False,False,False
2017-02-28,4.25,4.25,4.66290784072971,26369.96273446,711.93762424,574.84034823,,,,,,,False,False,False,False,False
2017-03-01,4.25,4.25,4.66305197126338,26573.38529326,3500.8123081,711.93762424,,,,,,,False,False,False,False,False
2017-03-02,4.25,4.25,4.66731958252257,26571.51937754,3616.16510582,3500.8123081,,,,,,,False,False,False,False,False
2017-03-03,4.25,4.25,4.66731958252257,26703.35076104,3764.19728766,3616.16510582,,,,,,,False,False,False,False,False
2017-03-06,4.25,4.25,4.66708916769749,26443.43408054,3418.75508348,3764.19728766,,,,,,,False,False,False,False,False
2017-03-07,4.25,4.25,4.66860393686826,26399.47172335,3403.18383637,3418.75508348,,,,,,,False,False,False,False,False
2017-03-08,4.25,4.25,4.67057735111113,26534.93950778,3535.94110762,3403.18383637,,,,,,,False,False,False,False,False
2017-03-09,4.25,4.25,4.67464184549514,26457.86997379,3370.85197001,3535.94110762,,,,,,,False,False,False,False,False
2017-03-10,4.25,4.25,4.67649870020172,26411.87241155,2671.05744817,3370.85197001,,,,,,,False,False,False,False,False
2017-03-13,4.19,4.25,4.67678936693879,26129.38215505,2625.75280183,2671.05744817,,,,,,,False,False,False,False,False
2017-03-14,4.22,4.25,4.6761316096855,26057.44993712,2088.03188763,2625.75280183,,,,,,,False,False,False,False,False
2017-03-15,4.25,4.25,4.67615667729444,26482.54441654,1991.49315452,2088.03188763,,,,,,,False,False,False,False,False
2017-03-16,4.25,4.25,4.67527837028078,27007.80079408,1792.17955345,1991.49315452,,,,,,,False,False,False,False,False
2017-03-17,4.25,4.25,4.67423755459133,27889.20387182,1314.43669285,1792.17955345,,,,,,,False,False,False,False,False
2017-03-20,4.25,4.25,4.67493026383898,28524.61577374,1326.70305644,1314.43669285,,,,,,,False,False,False,False,False
2017-03-21,4.25,4.25,4.67632578206992,29098.07818562,951.13714543,1326.70305644,,,,,,,False,False,False,False,False
2017-03-22,4.25,4.25,4.67776548978213,29288.19897936,1597.23614433,951.13714543,,,,,,,False,False,False,False,False
2017-03-23,4.25,4.25,4.67905965575164,29468.54920793,1341.16009124,1597.23614433,,,,,,,False,False,False,False,False
2017-03-24,4.25,4.25,4.6781091515156,29094.51554508,1025.98729682,1341.16009124,,,,,,,False,False,False,False,False
2017-03-27,4.25,4.25,4.67727723120418,28957.19616545,761.88728871,1025.98729682,,,,,,,False,False,False,False,False
2017-03-28,4.23,4.25,4.67036216934699,28918.43281089,868.33443808,761.88728871,,,,,,,False,False,False,False,False
2017-03-29,4.25,4.25,4.66497482929626,28725.24876404,712.24624377,868.33443808,,,,,,,False,False,False,False,False
2017-03-30,4.25,4.25,4.65772823190808,28657.67819979,727.86648606,712.24624377,,,,,,,False,False,False,False,False
2017-03-31,4.25,4.25,4.65772823190808,29210.57830782,1081.9814367,727.86648606,,,,,,,False,False,False,False,False
2017-04-03,4.25,4.25,4.65733023569205,29546.22289617,3212.60212119,1081.9814367,,,,,,,False,False,False,False,False
2017-04-04,4.25,4.25,4.65733023569205,29312.37802087,2743.42370668,3212.60212119,,,,,,,False,False,False,False,False
2017-04-05,4.25,4.25,4.65707298949012,29350.63323444,3081.56804008,2743.42370668,,,,,,,False,False,False,False,False
2017-04-06,4.25,4.25,4.65367145639684,29862.05473732,2976.17950492,3081.56804008,,,,,,,False,False,False,False,False
2017-04-07,4.25,4.25,4.65367145639684,30389.60819019,2767.31603671,2976.17950492,,,,,,,False,False,False,False,False
2017-04-10,4.32,4.25,4.65451419915648,29824.39304483,3323.51190452,2767.31603671,,,,,,,False,False,False,False,False
2017-04-11,4.3,4.25,4.67504522918219,29713.43395145,4115.6403005,3323.51190452,,,,,,,False,False,False,False,False
2017-04-12,4.35,4.25,4.67466236883668,29286.70124205,3956.62573387,4115.6403005,,,,,,,False,False,False,False,False
2017-04-13,4.316666666666666,4.25,4.673446883569313,29286.70124205,3956.62573387,3956.62573387,,interpolacion_lineal,interpolacion_lineal,interpolacion_lineal,forward_fill_max5,forward_fill_max5,False,False,False,False,False
2017-04-14,4.283333333333333,4.25,4.672231398301947,29286.70124205,3956.62573387,3956.62573387,,interpolacion_lineal,interpolacion_lineal,interpolacion_lineal,forward_fill_max5,forward_fill_max5,False,False,False,False,False
2017-04-17,4.25,4.25,4.67101591303458,29718.15350208,1613.34295509,3956.62573387,,,,,,,False,False,False,False,False
2017-04-18,4.25,4.25,4.66670614530204,29521.97232038,1325.80056779,1613.34295509,,,,,,,False,False,False,False,False
2017-04-19,4.25,4.25,4.65547606842967,30032.01422978,1535.07100384,1325.80056779,,,,,,,False,False,False,False,False
2017-04-20,4.25,4.25,4.64779626745661,30358.71630237,1803.23266884,1535.07100384,,,,,,,False,False,False,False,False
2017-04-21,4.25,4.25,4.64504616040064,31585.67891415,895.636339,1803.23266884,,,,,,,False,False,False,False,False
2017-04-24,4.25,4.25,4.6459876931987,32050.47641159,834.66543327,895.636339,,,,,,,False,False,False,False,False
2017-04-25,4.25,4.25,4.64220728069862,32150.49832815,1091.50388179,834.66543327,,,,,,,False,False,False,False,False
2017-04-26,4.25,4.25,4.63801197562108,32544.71477861,728.16404503,1091.50388179,,,,,,,False,False,False,False,False
2017-04-27,4.25,4.25,4.63368338812884,32311.48356216,676.55456446,728.16404503,,,,,,,False,False,False,False,False
2017-04-28,4.25,4.25,4.63642186444897,32352.10674169,977.04634943,676.55456446,,,,,,,False,False,False,False,False
2017-05-01,4.25,4.25,4.639460562682005,32352.10674169,977.04634943,977.04634943,,interpolacion_lineal,interpolacion_lineal,interpolacion_lineal,forward_fill_max5,forward_fill_max5,False,False,False,False,False
2017-05-02,4.25,4.25,4.64249926091504,32524.30688883,3161.16773641,977.04634943,,,,,,,False,False,False,False,False
2017-05-03,4.26,4.25,4.64196715525626,31906.96419071,4724.17987571,3161.16773641,,,,,,,False,False,False,False,False
2017-05-04,4.25,4.25,4.64506340110233,31691.45587684,4245.32824132,4724.17987571,,,,,,,False,False,False,False,False
2017-05-05,4.25,4.25,4.64506340110233,32535.01017268,2793.24119003,4245.32824132,,,,,,,False,False,False,False,False
2017-05-08,4.25,4.25,4.64441251321692,32409.013416,3043.0499871,2793.24119003,,,,,,,False,False,False,False,False
2017-05-09,4.25,4.25,4.64441251321692,32313.92163213,2853.47134085,3043.0499871,,,,,,,False,False,False,False,False
2017-05-10,4.25,4.25,4.63931019271796,32001.24051717,2796.85222456,2853.47134085,,,,,,,False,False,False,False,False
2017-05-11,4.25,4.25,4.62015523270169,31802.94498639,2909.05244997,2796.85222456,,,,,,,False,False,False,False,False
2017-05-12,4.0,4.0,4.61195379720773,32079.63354877,2033.72663818,2909.05244997,,,,,,,False,False,False,False,False
2017-05-15,4.0,4.0,4.60589850342793,32165.72961226,1921.46471195,2033.72663818,,,,,,,False,False,False,False,False
2017-05-16,4.0,4.0,4.60469935241728,32152.64414385,2347.56785676,1921.46471195,,,,,,,False,False,False,False,False
2017-05-17,4.0,4.0,4.59765985936622,32495.77403075,2285.05941353,2347.56785676,,,,,,,False,False,False,False,False
2017-05-18,4.0,4.0,4.59186370331674,32456.70995766,2178.10768549,2285.05941353,,,,,,,False,False,False,False,False
2017-05-19,4.0,4.0,4.59186370331674,33399.45396807,1776.98609599,2178.10768549,,,,,,,False,False,False,False,False
2017-05-22,4.0,4.0,4.59108975334683,33757.40868299,1795.52957996,1776.98609599,,,,,,,False,False,False,False,False
2017-05-23,4.0,4.0,4.59108975334683,34142.11822728,1013.7339873,1795.52957996,,,,,,,False,False,False,False,False
2017-05-24,4.0,4.0,4.5903609258817,34007.55402963,1290.45745508,1013.7339873,,,,,,,False,False,False,False,False
2017-05-25,4.0,4.0,4.58957943688662,33661.22922298,1014.71145103,1290.45745508,,,,,,,False,False,False,False,False
2017-05-26,4.0,4.0,4.58957943688662,33404.32570045,599.71871148,1014.71145103,,,,,,,False,False,False,False,False
2017-05-29,4.0,4.0,4.588767131205,32981.95192065,501.38764251,599.71871148,,,,,,,False,False,False,False,False
2017-05-30,4.0,4.0,4.588767131205,32524.73360347,318.46893112,501.38764251,,,,,,,False,False,False,False,False
2017-05-31,4.0,4.0,4.58799988453241,32172.03203012,567.51593838,318.46893112,,,,,,,False,False,False,False,False
2017-06-01,4.0,4.0,4.58720185701826,32435.29414521,3047.87511802,567.51593838,,,,,,,False,False,False,False,False
2017-06-02,4.0,4.0,4.58720185701826,32468.97529729,3575.19471352,3047.87511802,,,,,,,False,False,False,False,False
2017-06-05,4.0,4.0,4.58636234670586,32343.07468903,3364.69925155,3575.19471352,,,,,,,False,False,False,False,False
2017-06-06,4.01,4.0,4.59350233934174,32162.24614529,2988.29969425,3364.69925155,,,,,,,False,False,False,False,False
2017-06-07,4.0,4.0,4.5926763296474,32058.22269338,2809.3110111,2988.29969425,,,,,,,False,False,False,False,False
2017-06-08,4.0,4.0,4.58729272823067,32329.6286652,2777.49585431,2809.3110111,,,,,,,False,False,False,False,False
2017-06-09,4.0,4.0,4.58729272823067,32277.19022969,2915.89839411,2777.49585431,,,,,,,False,False,False,False,False
2017-06-12,4.01,4.0,4.58034059763737,32116.86162816,2573.95992657,2915.89839411,,,,,,,False,False,False,False,False
2017-06-13,4.0,4.0,4.57128848922492,32073.3617562,2155.06779834,2573.95992657,,,,,,,False,False,False,False,False
2017-06-14,3.82,4.0,4.56189186774573,32280.35314942,1427.4040288,2155.06779834,,,,,,,False,False,False,False,False
2017-06-15,3.81,4.0,4.5615585799787,32451.61482506,1099.51444134,1427.4040288,,,,,,,False,False,False,False,False
2017-06-16,4.0,4.0,4.56433248296141,33163.75171769,1246.17825231,1099.51444134,,,,,,,False,False,False,False,False
2017-06-19,4.01,4.0,4.56616952890304,33568.62227346,1277.3858367,1246.17825231,,,,,,,False,False,False,False,False
2017-06-20,4.02,4.0,4.56616952890304,33578.57262043,947.91795777,1277.3858367,,,,,,,False,False,False,False,False
2017-06-21,4.0,4.0,4.56531968696267,33606.7456529,1135.82809831,947.91795777,,,,,,,False,False,False,False,False
2017-06-22,4.01,4.0,4.56444930079745,34092.38094885,1317.62840614,1135.82809831,,,,,,,False,False,False,False,False
2017-06-23,4.02,4.0,4.56444930079745,34187.27934931,1040.94934772,1317.62840614,,,,,,,False,False,False,False,False
2017-06-26,4.02,4.0,4.56356965308955,33845.19664778,1221.8803032,1040.94934772,,,,,,,False,False,False,False,False
2017-06-27,4.02,4.0,4.56356965308955,33135.76114388,937.60147064,1221.8803032,,,,,,,False,False,False,False,False
2017-06-28,4.0,4.0,4.56271437798929,32521.82677676,1406.07816614,937.60147064,,,,,,,False,False,False,False,False
2017-06-29,4.0,4.0,4.562415006267797,32521.82677676,1406.07816614,1406.07816614,,interpolacion_lineal,interpolacion_lineal,interpolacion_lineal,forward_fill_max5,forward_fill_max5,False,False,False,False,False
2017-06-30,4.0,4.0,4.562115634546304,32521.82677676,1406.07816614,1406.07816614,,interpolacion_lineal,interpolacion_lineal,interpolacion_lineal,forward_fill_max5,forward_fill_max5,False,False,False,False,False
2017-07-03,4.0,4.0,4.56181626282481,32507.11680929,3556.75506937,1406.07816614,,,,,,,False,False,False,False,False
2017-07-04,4.0,4.0,4.56181626282481,32685.71768519,3473.49200417,3556.75506937,,,,,,,False,False,False,False,False
2017-07-05,4.0,4.0,4.56095368304197,33043.65395998,3098.25954425,3473.49200417,,,,,,,False,False,False,False,False
2017-07-06,4.0,4.0,4.56408783797095,33498.94673175,3294.28182171,3098.25954425,,,,,,,False,False,False,False,False
2017-07-07,4.0,4.0,4.56408783797095,33231.11904764,2803.76208962,3294.28182171,,,,,,,False,False,False,False,False
2017-07-10,4.0,4.0,4.56310320267895,32960.98904027,2731.02659941,2803.76208962,,,,,,,False,False,False,False,False
2017-07-11,4.0,4.0,4.56626089766899,32806.2275743,2198.88213863,2731.02659941,,,,,,,False,False,False,False,False
2017-07-12,4.0,4.0,4.56527280797323,32695.16884329,2431.98914757,2198.88213863,,,,,,,False,False,False,False,False
2017-07-13,4.0,4.0,4.56087249289745,32481.69794453,2615.55325054,2431.98914757,,,,,,,False,False,False,False,False
2017-07-14,3.75,3.75,4.56087249289745,32257.13948282,2370.92256248,2615.55325054,,,,,,,False,False,False,False,False
2017-07-17,3.75,3.75,4.55975335620211,32090.75598856,1847.02991587,2370.92256248,,,,,,,False,False,False,False,False
2017-07-18,3.75,3.75,4.55975335620211,32123.73672227,1955.57345036,1847.02991587,,,,,,,False,False,False,False,False
2017-07-19,3.75,3.75,4.55868781457516,32552.43030195,2043.06339396,1955.57345036,,,,,,,False,False,False,False,False
2017-07-20,3.75,3.75,4.55752359227815,33017.16472349,1688.3083934,2043.06339396,,,,,,,False,False,False,False,False
2017-07-21,3.75,3.75,4.55752359227815,36645.77217173,1264.80604453,1688.3083934,,,,,,,False,False,False,False,False
2017-07-24,3.75,3.75,4.55634966038057,36393.00111429,983.83562972,1264.80604453,,,,,,,False,False,False,False,False
2017-07-25,3.8,3.75,4.55634966038057,35712.21906362,946.76237325,983.83562972,,,,,,,False,False,False,False,False
2017-07-26,3.79,3.75,4.55526718071885,34835.89472581,819.15358377,946.76237325,,,,,,,False,False,False,False,False
2017-07-27,3.776666666666667,3.75,4.554865182999407,34835.89472581,819.15358377,819.15358377,,interpolacion_lineal,interpolacion_lineal,interpolacion_lineal,forward_fill_max5,forward_fill_max5,False,False,False,False,False
2017-07-28,3.763333333333333,3.75,4.554463185279963,34835.89472581,819.15358377,819.15358377,,interpolacion_lineal,interpolacion_lineal,interpolacion_lineal,forward_fill_max5,forward_fill_max5,False,False,False,False,False
2017-07-31,3.75,3.75,4.55406118756052,34398.02469653,715.58708038,819.15358377,,,,,,,False,False,False,False,False
2017-08-01,3.75,3.75,4.55406118756052,34138.82842018,4248.17682339,715.58708038,,,,,,,False,False,False,False,False
2017-08-02,3.75,3.75,4.55294649686885,34110.55095576,3902.27557517,4248.17682339,,,,,,,False,False,False,False,False
2017-08-03,3.75,3.75,4.55219861647501,33716.74135302,3862.96760635,3902.27557517,,,,,,,False,False,False,False,False
2017-08-04,3.75,3.75,4.55219861647501,33757.94549369,3064.78012034,3862.96760635,,,,,,,False,False,False,False,False
2017-08-07,3.75,3.75,4.55093697283095,33609.75539633,3185.79637615,3064.78012034,,,,,,,False,False,False,False,False
2017-08-08,3.75,3.75,4.54442387229923,33564.35177123,3085.29533066,3185.79637615,,,,,,,False,False,False,False,False
2017-08-09,3.75,3.75,4.52601067306501,33398.48924808,2461.36345657,3085.29533066,,,,,,,False,False,False,False,False
2017-08-10,3.7,3.75,4.48633263584093,33665.7496737,1779.34999684,2461.36345657,,,,,,,False,False,False,False,False
2017-08-11,3.72,3.75,4.45572875193316,30525.07513124,1500.69811904,1779.34999684,,,,,,,False,False,False,False,False
2017-08-14,3.75,3.75,4.43694921667447,30751.13171352,1783.98936231,1500.69811904,,,,,,,False,False,False,False,False
2017-08-15,3.75,3.75,4.42708218655044,31003.98634295,2928.32280181,1783.98936231,,,,,,,False,False,False,False,False
2017-08-16,3.75,3.75,4.41951388888891,31309.15219892,2072.526445,2928.32280181,,,,,,,False,False,False,False,False
2017-08-17,3.75,3.75,4.4056351429011,32303.12163571,1559.24826005,2072.526445,,,,,,,False,False,False,False,False
2017-08-18,3.75,3.75,4.39633101953668,32563.4471493,1459.15802639,1559.24826005,,,,,,,False,False,False,False,False
2017-08-21,3.75,3.75,4.38633120752664,33197.69047402,1465.55998542,1459.15802639,,,,,,,False,False,False,False,False
2017-08-22,3.75,3.75,4.38025172870156,33197.05683395,1640.25008433,1465.55998542,,,,,,,False,False,False,False,False
2017-08-23,3.75,3.75,4.37069282627353,33047.17805769,1298.08539428,1640.25008433,,,,,,,False,False,False,False,False
2017-08-24,3.75,3.75,4.36411951998899,32652.6995565,1039.58238959,1298.08539428,,,,,,,False,False,False,False,False
2017-08-25,3.75,3.75,4.35573918346631,32268.78601177,783.3924613,1039.58238959,,,,,,,False,False,False,False,False
2017-08-28,3.74,3.75,4.34670169662734,31608.52952118,795.19424111,783.3924613,,,,,,,False,False,False,False,False
2017-08-29,3.46,3.75,4.33113866476391,31221.33255872,405.07660413,795.19424111,,,,,,,False,False,False,False,False
2017-08-30,3.575,3.75,4.321277872427014,31221.33255872,405.07660413,405.07660413,,interpolacion_lineal,interpolacion_lineal,interpolacion_lineal,forward_fill_max5,forward_fill_max5,False,False,False,False,False
2017-08-31,3.69,3.75,4.31141708009012,30916.73510282,685.59637185,405.07660413,,,,,,,False,False,False,False,False
2017-09-01,3.75,3.75,4.30431424198828,30789.91630994,3681.64381475,685.59637185,,,,,,,False,False,False,False,False
2017-09-04,3.76,3.75,4.30356994406168,30515.07669071,4031.41038887,3681.64381475,,,,,,,False,False,False,False,False
2017-09-05,3.76,3.75,4.30356994406168,30156.09194877,3875.22757681,4031.41038887,,,,,,,False,False,False,False,False
2017-09-06,3.75,3.75,4.30291166990402,29920.33430847,3930.31347651,3875.22757681,,,,,,,False,False,False,False,False
2017-09-07,3.75,3.75,4.28413958896821,29426.61004336,3894.86239315,3930.31347651,,,,,,,False,False,False,False,False
2017-09-08,3.46,3.75,4.28413958896821,29595.1286148,2471.38319191,3894.86239315,,,,,,,False,False,False,False,False
2017-09-11,3.7,3.75,4.28335948935676,29304.22732235,2385.00061511,2471.38319191,,,,,,,False,False,False,False,False
2017-09-12,3.75,3.75,4.27410921543406,29046.38000124,1527.917364,2385.00061511,,,,,,,False,False,False,False,False
2017-09-13,3.7,3.75,4.24898229812374,28737.25903226,1593.71955952,1527.917364,,,,,,,False,False,False,False,False
2017-09-14,3.7,3.625,4.22159905576098,28729.64817689,1392.71517346,1593.71955952,,,interpolacion_lineal,,,,False,False,False,False,False
2017-09-15,3.6,3.5,4.18477756727764,29554.95099913,1256.27388059,1392.71517346,,,,,,,False,False,False,False,False
2017-09-18,3.5,3.5,4.17650536196918,29699.07153152,1178.70910431,1256.27388059,,,,,,,False,False,False,False,False
2017-09-19,3.5,3.5,4.16403510214149,29700.9460389,1431.82393549,1178.70910431,,,,,,,False,False,False,False,False
2017-09-20,3.5,3.5,4.14787334182534,30487.84032289,836.30750235,1431.82393549,,,,,,,False,False,False,False,False
2017-09-21,3.5,3.5,4.1453444107555,31215.8289381,1255.77023151,836.30750235,,,,,,,False,False,False,False,False
2017-09-22,3.51,3.5,4.1453444107555,31850.95693288,1105.58597,1255.77023151,,,,,,,False,False,False,False,False
2017-09-25,3.5,3.5,4.1447502202089,31882.91205712,1274.53715878,1105.58597,,,,,,,False,False,False,False,False
2017-09-26,3.5,3.5,4.14050413583467,31539.68357628,842.73559065,1274.53715878,,,,,,,False,False,False,False,False
2017-09-27,3.5,3.5,4.13718613340128,31235.27429016,864.89480424,842.73559065,,,,,,,False,False,False,False,False
2017-09-28,3.5,3.5,4.1337962639244,30903.59977565,664.48120291,864.89480424,,,,,,,False,False,False,False,False
2017-09-29,3.5,3.5,4.12917931649084,30316.41503671,1044.97344878,664.48120291,,,,,,,False,False,False,False,False
2017-10-02,3.5,3.5,4.1317487877131,30398.90828343,3441.92126332,1044.97344878,,,,,,,False,False,False,False,False
2017-10-03,3.5,3.5,4.1317487877131,30075.36473501,3921.34537345,3441.92126332,,,,,,,False,False,False,False,False
2017-10-04,3.51,3.5,4.13103083782391,29867.99654816,3813.14643629,3921.34537345,,,,,,,False,False,False,False,False
2017-10-05,3.51,3.5,4.10388649423085,29843.55279647,3904.90477486,3813.14643629,,,,,,,False,False,False,False,False
2017-10-06,3.5,3.5,4.09934827547365,29797.69097259,3900.81334259,3904.90477486,,,,,,,False,False,False,False,False
2017-10-09,3.5,3.5,4.09200522508765,29804.14736071,2993.93777215,3900.81334259,,,,,,,False,False,False,False,False
2017-10-10,3.5,3.5,4.08828583463284,29446.19451882,2811.55914637,2993.93777215,,,,,,,False,False,False,False,False
2017-10-11,3.5,3.5,4.07957012935828,29109.86265515,2289.1822596,2811.55914637,,,,,,,False,False,False,False,False
2017-10-12,3.5,3.5,4.05141426772085,29079.64325055,2451.87987385,2289.1822596,,,,,,,False,False,False,False,False
2017-10-13,3.5,3.5,4.04604452656723,29276.10876679,2676.91065383,2451.87987385,,,,,,,False,False,False,False,False
2017-10-16,3.5,3.5,4.04315380385736,29429.97925284,1924.54911267,2676.91065383,,,,,,,False,False,False,False,False
2017-10-17,3.5,3.5,4.04116965976351,29626.23799224,1731.4496657,1924.54911267,,,,,,,False,False,False,False,False
2017-10-18,3.5,3.5,4.03848762269204,30061.75632335,1064.28669482,1731.4496657,,,,,,,False,False,False,False,False
2017-10-19,3.5,3.5,4.0328352159911,30454.645918,901.80829653,1064.28669482,,,,,,,False,False,False,False,False
2017-10-20,3.5,3.5,4.03125748376507,30727.92052143,1228.57735209,901.80829653,,,,,,,False,False,False,False,False
2017-10-23,3.51,3.5,4.02986370093054,31235.94511946,1268.12044999,1228.57735209,,,,,,,False,False,False,False,False
2017-10-24,3.5,3.5,4.02986370093054,31214.47193994,965.88045971,1268.12044999,,,,,,,False,False,False,False,False
2017-10-25,3.5,3.5,4.02946693166239,30629.15039949,923.05231729,965.88045971,,,,,,,False,False,False,False,False
2017-10-26,3.51,3.5,4.02659089821936,30120.26525797,643.00824987,923.05231729,,,,,,,False,False,False,False,False
2017-10-27,3.5,3.5,4.02585367236868,29773.39142956,472.8525043,643.00824987,,,,,,,False,False,False,False,False
2017-10-30,3.5,3.5,4.02336833259595,29703.64349808,685.39801359,472.8525043,,,,,,,False,False,False,False,False
2017-10-31,3.5,3.5,4.02336833259595,28966.80037601,1153.86847374,685.39801359,,,,,,,False,False,False,False,False
2017-11-01,3.505,3.5,4.02315767765619,28966.80037601,1153.86847374,1153.86847374,,interpolacion_lineal,interpolacion_lineal,interpolacion_lineal,forward_fill_max5,forward_fill_max5,False,False,False,False,False
2017-11-02,3.51,3.5,4.02294702271643,28835.26139928,3371.42003316,1153.86847374,,,,,,,False,False,False,False,False
2017-11-03,3.51,3.5,4.02294702271643,28712.0741846,3264.23293325,3371.42003316,,,,,,,False,False,False,False,False
2017-11-06,3.51,3.5,4.02135621944404,28830.8896075,3130.39468899,3264.23293325,,,,,,,False,False,False,False,False
2017-11-07,3.51,3.5,4.02743004814119,28412.56064853,3710.02414306,3130.39468899,,,,,,,False,False,False,False,False
2017-11-08,3.51,3.5,4.02062635398856,28516.76857169,3343.42775807,3710.02414306,,,,,,,False,False,False,False,False
2017-11-09,3.5,3.5,4.00459432573077,28574.28093653,3304.26790872,3343.42775807,,,,,,,False,False,False,False,False
2017-11-10,3.25,3.25,3.99835023867244,28425.65702405,2670.91298091,3304.26790872,,,,,,,False,False,False,False,False
2017-11-13,3.25,3.25,3.99246894691342,28287.39242842,2176.60709664,2670.91298091,,,,,,,False,False,False,False,False
2017-11-14,3.25,3.25,3.98855597000601,28087.06289783,2247.16743328,2176.60709664,,,,,,,False,False,False,False,False
2017-11-15,3.25,3.25,3.98799956329431,28174.60736249,2144.5622208,2247.16743328,,,,,,,False,False,False,False,False
2017-11-16,3.24,3.25,3.99451470110832,28777.84988654,1674.52114276,2144.5622208,,,,,,,False,False,False,False,False
2017-11-17,3.21,3.25,3.9913381113316,28809.08616552,1428.27295261,1674.52114276,,,,,,,False,False,False,False,False
2017-11-20,3.25,3.25,3.98612068319389,29338.74575678,1641.66921885,1428.27295261,,,,,,,False,False,False,False,False
2017-11-21,3.22,3.25,3.98329647887115,29558.04633238,1230.23708238,1641.66921885,,,,,,,False,False,False,False,False
2017-11-22,3.25,3.25,3.98267451328966,29939.37115336,1369.17318733,1230.23708238,,,,,,,False,False,False,False,False
2017-11-23,3.25,3.25,3.98213570706967,30186.46065943,1297.99188088,1369.17318733,,,,,,,False,False,False,False,False
2017-11-24,3.25,3.25,3.98213570706967,30422.7561472,1161.79863179,1297.99188088,,,,,,,False,False,False,False,False
2017-11-27,3.25,3.25,3.98153380315658,30061.90444601,831.72558464,1161.79863179,,,,,,,False,False,False,False,False
2017-11-28,3.25,3.25,3.98153380315658,29856.65983964,754.38800603,831.72558464,,,,,,,False,False,False,False,False
2017-11-29,3.25,3.25,3.98098806857226,29474.11862483,917.0211575,754.38800603,,,,,,,False,False,False,False,False
2017-11-30,3.25,3.25,3.98045222322282,29667.06769841,834.90554316,917.0211575,,,,,,,False,False,False,False,False
2017-12-01,3.25,3.25,3.98045222322282,30426.07522949,3213.28052484,834.90554316,,,,,,,False,False,False,False,False
2017-12-04,3.25,3.25,3.98209714358895,31056.60573886,3796.74610172,3213.28052484,,,,,,,False,False,False,False,False
2017-12-05,3.25,3.25,3.99623884898317,32384.6886094,3551.43723744,3796.74610172,,,,,,,False,False,False,False,False
2017-12-06,3.25,3.25,3.99566773040554,32832.73163939,3922.20698662,3551.43723744,,,,,,,False,False,False,False,False
2017-12-07,3.25,3.25,3.96980875078941,33329.91882858,4033.64133871,3922.20698662,,,,,,,False,False,False,False,False
2017-12-08,3.25,3.25,3.9693202167253254,33329.91882858,4033.64133871,4033.64133871,,interpolacion_lineal,interpolacion_lineal,interpolacion_lineal,forward_fill_max5,forward_fill_max5,False,False,False,False,False
2017-12-11,3.25,3.25,3.96883168266124,34075.08197039,1837.55675858,4033.64133871,,,,,,,False,False,False,False,False
2017-12-12,3.25,3.25,3.98170861098319,34982.24999974,2095.71729723,1837.55675858,,,,,,,False,False,False,False,False
2017-12-13,3.25,3.25,3.97814878693046,34974.29809483,2014.95968603,2095.71729723,,,,,,,False,False,False,False,False
2017-12-14,3.21,3.25,3.97164823919527,35080.45731984,1682.3170249,2014.95968603,,,,,,,False,False,False,False,False
2017-12-15,3.25,3.25,3.96603286530311,34880.03521249,1287.94916532,1682.3170249,,,,,,,False,False,False,False,False
2017-12-18,3.25,3.25,3.96633677764773,34911.76103339,2223.38099018,1287.94916532,,,,,,,False,False,False,False,False
2017-12-19,3.25,3.25,3.96633677764773,35096.00971088,1496.26576858,2223.38099018,,,,,,,False,False,False,False,False
2017-12-20,3.25,3.25,3.9650674775916,35300.20565349,1325.54007567,1496.26576858,,,,,,,False,False,False,False,False
2017-12-21,3.32,3.25,3.96413339794649,35822.41997404,2128.74658448,1325.54007567,,,,,,,False,False,False,False,False
2017-12-22,3.32,3.25,3.96413339794649,36126.77971446,1914.44201296,2128.74658448,,,,,,,False,False,False,False,False
2017-12-25,3.285,3.25,3.964567586968535,36126.77971446,1914.44201296,1914.44201296,,interpolacion_lineal,interpolacion_lineal,interpolacion_lineal,forward_fill_max5,forward_fill_max5,False,False,False,False,False
2017-12-26,3.25,3.25,3.96500177599058,36479.01051286,1276.55677078,1914.44201296,,,,,,,False,False,False,False,False
2017-12-27,3.25,3.25,3.96422533377176,36694.14821804,852.03704757,1276.55677078,,,,,,,False,False,False,False,False
2017-12-28,3.25,3.25,3.96336259354542,36360.9851902,717.59815868,852.03704757,,,,,,,False,False,False,False,False
2017-12-29,3.25,3.25,3.96336259354542,42169.08038456,1184.04950424,717.59815868,,,,,,,False,False,False,False,False
2018-01-01,3.25,3.25,3.96308207244579,42169.08038456,1184.04950424,1184.04950424,,interpolacion_lineal,interpolacion_lineal,interpolacion_lineal,forward_fill_max5,forward_fill_max5,False,False,False,False,False
2018-01-02,3.25,3.25,3.96280155134616,42169.08038456,1184.04950424,1184.04950424,,interpolacion_lineal,interpolacion_lineal,interpolacion_lineal,forward_fill_max5,forward_fill_max5,False,False,False,False,False
2018-01-03,3.25,3.25,3.96252103024653,42054.62379699,4729.4121692,1184.04950424,,,,,,,False,False,False,False,False
2018-01-04,3.25,3.25,3.96199343737705,41443.86096057,3851.15685393,4729.4121692,,,,,,,False,False,False,False,False
2018-01-05,3.25,3.25,3.96199343737705,40479.272092,3917.36578798,3851.15685393,,,,,,,False,False,False,False,False
2018-01-08,3.25,3.25,3.96100708579302,40178.13976164,3570.52920832,3917.36578798,,,,,,,False,False,False,False,False
2018-01-09,3.25,3.25,3.91982154492269,39437.83783679,3823.34055825,3570.52920832,,,,,,,False,False,False,False,False
2018-01-10,3.15,3.25,3.9183655982121,39365.82655501,2949.74742767,3823.34055825,,,,,,,False,False,False,False,False
2018-01-11,3.0,3.25,3.86086532451018,39518.75652649,2935.90776307,2949.74742767,,,,,,,False,False,False,False,False
2018-01-12,3.0,3.0,3.83552687105692,39150.85148767,2558.63654655,2935.90776307,,,,,,,False,False,False,False,False
2018-01-15,3.0,3.0,3.80079067244011,38670.00646731,2150.54860184,2558.63654655,,,,,,,False,False,False,False,False
2018-01-16,3.0,3.0,3.76797312861161,39005.58364589,1928.99277806,2150.54860184,,,,,,,False,False,False,False,False
2018-01-17,3.0,3.0,3.73671160573771,39321.10357803,1734.11376209,1928.99277806,,,,,,,False,False,False,False,False
2018-01-18,3.0,3.0,3.72229732030702,39479.83453734,1841.44419916,1734.11376209,,,,,,,False,False,False,False,False
2018-01-19,3.0,3.0,3.72229732030702,40363.20342567,1581.84182845,1841.44419916,,,,,,,False,False,False,False,False
2018-01-22,3.0,3.0,3.72135149101158,40960.78033754,1484.58017837,1581.84182845,,,,,,,False,False,False,False,False
2018-01-23,3.0,3.0,3.72135149101158,41273.41932297,1402.14985694,1484.58017837,,,,,,,False,False,False,False,False
2018-01-24,3.0,3.0,3.7203978619091,41398.91568023,1110.93846863,1402.14985694,,,,,,,False,False,False,False,False
2018-01-25,3.0,3.0,3.72099048824023,40903.62877184,1355.52316254,1110.93846863,,,,,,,False,False,False,False,False
2018-01-26,3.0,3.0,3.71089947022324,40753.95690893,1078.38528145,1355.52316254,,,,,,,False,False,False,False,False
2018-01-29,3.0,3.0,3.69300007531256,40182.84727246,887.05709834,1078.38528145,,,,,,,False,False,False,False,False
2018-01-30,3.01,3.0,3.67847283788046,39419.60118429,1018.06291449,887.05709834,,,,,,,False,False,False,False,False
2018-01-31,3.01,3.0,3.67759408527435,38740.72470354,1040.93625976,1018.06291449,,,,,,,False,False,False,False,False
2018-02-01,3.0,3.0,3.67667067774961,38431.16747343,3528.30385585,1040.93625976,,,,,,,False,False,False,False,False
2018-02-02,3.0,3.0,3.67667067774961,38487.56920703,3539.54440315,3528.30385585,,,,,,,False,False,False,False,False
2018-02-05,3.0,3.0,3.67575822590491,38221.28517109,3656.74063173,3539.54440315,,,,,,,False,False,False,False,False
2018-02-06,3.01,3.0,3.66130954568206,37913.67933333,2988.88678683,3656.74063173,,,,,,,False,False,False,False,False
2018-02-07,3.01,3.0,3.64335862557741,37956.53354009,2441.78332504,2988.88678683,,,,,,,False,False,False,False,False
2018-02-08,3.01,3.0,3.57877860504978,38065.73096658,2937.45243911,2441.78332504,,,,,,,False,False,False,False,False
2018-02-09,3.0,3.0,3.56306633077726,34310.12234791,2843.1304343,2937.45243911,,,,,,,False,False,False,False,False
2018-02-12,3.01,3.0,3.54946619228171,34361.33847967,1979.36052328,2843.1304343,,,,,,,False,False,False,False,False
2018-02-13,3.0,3.0,3.51641654570005,34225.39747986,1860.10978261,1979.36052328,,,,,,,False,False,False,False,False
2018-02-14,3.0,3.0,3.49694242434555,34369.47691408,1817.79874127,1860.10978261,,,,,,,False,False,False,False,False
2018-02-15,3.01,3.0,3.48349104077793,34680.79247754,1559.00333408,1817.79874127,,,,,,,False,False,False,False,False
2018-02-16,3.01,3.0,3.47423680580807,34860.53642998,1670.34534683,1559.00333408,,,,,,,False,False,False,False,False
2018-02-19,3.0,3.0,3.47303025393141,35206.7209585,1430.34069984,1670.34534683,,,,,,,False,False,False,False,False
2018-02-20,3.0,3.0,3.47303025393141,35278.20053936,1107.75858795,1430.34069984,,,,,,,False,False,False,False,False
2018-02-21,3.01,3.0,3.4718685891291,36519.23020933,977.0310511,1107.75858795,,,,,,,False,False,False,False,False
2018-02-22,3.1,3.0,3.47154856553423,36991.09104399,1449.71147172,977.0310511,,,,,,,False,False,False,False,False
2018-02-23,3.02,3.0,3.47154856553423,37385.19256422,1487.02300259,1449.71147172,,,,,,,False,False,False,False,False
2018-02-26,3.01,3.0,3.47034160312242,36850.46236821,911.22699398,1487.02300259,,,,,,,False,False,False,False,False
2018-02-27,3.0,3.0,3.45554181605544,36587.51934061,558.75295897,911.22699398,,,,,,,False,False,False,False,False
2018-02-28,3.0,3.0,3.45111834583205,36419.62857664,507.04299702,558.75295897,,,,,,,False,False,False,False,False
2018-03-01,3.0,3.0,3.45000430325351,36682.3950543,3170.81065487,507.04299702,,,,,,,False,False,False,False,False
2018-03-02,3.0,3.0,3.45000430325351,36574.15570195,3694.04536127,3170.81065487,,,,,,,False,False,False,False,False
2018-03-05,3.0,3.0,3.44886428609013,36129.91841024,3404.56785686,3694.04536127,,,,,,,False,False,False,False,False
2018-03-06,3.0,3.0,3.43523313630254,35958.78140696,3380.37589085,3404.56785686,,,,,,,False,False,False,False,False
2018-03-07,3.0,3.0,3.42330335155893,35589.6877596,2815.24065445,3380.37589085,,,,,,,False,False,False,False,False
2018-03-08,2.97,3.0,3.36951249701419,36139.65945425,2792.74502933,2815.24065445,,,,,,,False,False,False,False,False
2018-03-09,2.75,2.75,3.35678472827446,36011.42692866,2238.63181931,2792.74502933,,,,,,,False,False,False,False,False
2018-03-12,2.75,2.75,3.33756764369283,36216.59794832,2495.42748759,2238.63181931,,,,,,,False,False,False,False,False
2018-03-13,2.75,2.75,3.31550657449075,36061.73867258,2931.48137645,2495.42748759,,,,,,,False,False,False,False,False
2018-03-14,2.75,2.75,3.29761741058399,36008.31009615,2141.6603822,2931.48137645,,,,,,,False,False,False,False,False
2018-03-15,2.56,2.75,3.26444975904805,36315.83764311,1867.56580769,2141.6603822,,,,,,,False,False,False,False,False
2018-03-16,2.73,2.75,3.25595353617087,36750.1910571,1683.40809097,1867.56580769,,,,,,,False,False,False,False,False
2018-03-19,2.75,2.75,3.25497167744429,37573.06501543,1529.10231395,1683.40809097,,,,,,,False,False,False,False,False
2018-03-20,2.75,2.75,3.24973207159617,37868.21623339,2066.93267972,1529.10231395,,,,,,,False,False,False,False,False
2018-03-21,2.75,2.75,3.2488002249428,38775.8867156,1658.22680223,2066.93267972,,,,,,,False,False,False,False,False
2018-03-22,2.75,2.75,3.22490124958262,39115.12096616,2111.72149087,1658.22680223,,,,,,,False,False,False,False,False
2018-03-23,2.75,2.75,3.22490124958262,39099.73350974,1815.40215515,2111.72149087,,,,,,,False,False,False,False,False
2018-03-26,2.75,2.75,3.22389765393205,39043.54666488,1439.87428689,1815.40215515,,,,,,,False,False,False,False,False
2018-03-27,2.75,2.75,3.2267530237282,39017.09246555,741.41337626,1439.87428689,,,,,,,False,False,False,False,False
2018-03-28,2.76,2.75,3.22797470859229,39330.18923522,784.95379302,741.41337626,,,,,,,False,False,False,False,False
2018-03-29,2.76,2.75,3.2276310259506733,39330.18923522,784.95379302,784.95379302,,interpolacion_lineal,interpolacion_lineal,interpolacion_lineal,forward_fill_max5,forward_fill_max5,False,False,False,False,False
2018-03-30,2.76,2.75,3.2272873433090568,39330.18923522,784.95379302,784.95379302,,interpolacion_lineal,interpolacion_lineal,interpolacion_lineal,forward_fill_max5,forward_fill_max5,False,False,False,False,False
2018-04-02,2.76,2.75,3.22694366066744,39764.4299092,4765.51572109,784.95379302,,,,,,,False,False,False,False,False
2018-04-03,2.75,2.75,3.22694366066744,39699.99619769,4135.19278972,4765.51572109,,,,,,,False,False,False,False,False
2018-04-04,2.75,2.75,3.2260236722868,39375.72875595,3904.55362972,4135.19278972,,,,,,,False,False,False,False,False
2018-04-05,2.75,2.75,3.21705040846053,39493.27143756,3328.68579841,3904.55362972,,,,,,,False,False,False,False,False
2018-04-06,2.75,2.75,3.21705040846053,40649.35976113,2930.0049953,3328.68579841,,,,,,,False,False,False,False,False
2018-04-09,2.75,2.75,3.21599601669197,40814.557267,2872.7094386,2930.0049953,,,,,,,False,False,False,False,False
2018-04-10,2.75,2.75,3.20012478888161,41182.31186285,2022.16244415,2872.7094386,,,,,,,False,False,False,False,False
2018-04-11,2.75,2.75,3.19872883693266,41097.61209298,2133.62302392,2022.16244415,,,,,,,False,False,False,False,False
2018-04-12,2.75,2.75,3.14147154247615,41208.34831073,3052.58130966,2133.62302392,,,,,,,False,False,False,False,False
2018-04-13,2.75,2.75,3.1391250684368748,41208.34831073,3052.58130966,3052.58130966,,interpolacion_lineal,interpolacion_lineal,interpolacion_lineal,forward_fill_max5,forward_fill_max5,False,False,False,False,False
2018-04-16,2.75,2.75,3.1367785943976,41681.32636069,1520.38196015,3052.58130966,,,,,,,False,False,False,False,False
2018-04-17,2.75,2.75,3.1192960431824,42430.06036998,1530.57375826,1520.38196015,,,,,,,False,False,False,False,False
2018-04-18,2.75,2.75,3.11375780819567,43006.1107405,1502.33178794,1530.57375826,,,,,,,False,False,False,False,False
2018-04-19,2.75,2.75,3.08458502472643,43742.23135543,979.8152055,1502.33178794,,,,,,,False,False,False,False,False
2018-04-20,2.75,2.75,3.08458502472643,44410.67903954,1035.83067067,979.8152055,,,,,,,False,False,False,False,False
2018-04-23,2.75,2.75,3.0836706365027,45896.85386158,1225.67301868,1035.83067067,,,,,,,False,False,False,False,False
2018-04-24,2.75,2.75,3.0836706365027,45142.5950192,683.49199044,1225.67301868,,,,,,,False,False,False,False,False
2018-04-25,2.75,2.75,3.08295853321469,44780.03399714,753.59424306,683.49199044,,,,,,,False,False,False,False,False
2018-04-26,2.75,2.75,3.07895523691047,44562.40531301,794.53303897,753.59424306,,,,,,,False,False,False,False,False
2018-04-27,2.75,2.75,3.07895523691047,43902.00524156,684.4287617,794.53303897,,,,,,,False,False,False,False,False
2018-04-30,2.75,2.75,3.078049409253,43306.67920479,716.91150267,684.4287617,,,,,,,False,False,False,False,False
2018-05-01,2.75,2.75,3.0776615624880153,43306.67920479,716.91150267,716.91150267,,interpolacion_lineal,interpolacion_lineal,interpolacion_lineal,forward_fill_max5,forward_fill_max5,False,False,False,False,False
2018-05-02,2.75,2.75,3.07727371572303,42958.62444933,4001.30901438,716.91150267,,,,,,,False,False,False,False,False
2018-05-03,2.75,2.75,3.07637420680575,42171.31075206,4343.7859385,4001.30901438,,,,,,,False,False,False,False,False
2018-05-04,2.75,2.75,3.07637420680575,41916.50055829,3571.40514633,4343.7859385,,,,,,,False,False,False,False,False
2018-05-07,2.75,2.75,3.0754418339268,41833.93312004,3765.59146708,3571.40514633,,,,,,,False,False,False,False,False
2018-05-08,2.75,2.75,3.05990628269701,41760.66039009,3655.75135305,3765.59146708,,,,,,,False,False,False,False,False
2018-05-09,2.75,2.75,3.05889683361819,41727.91691271,3198.44098327,3655.75135305,,,,,,,False,False,False,False,False
2018-05-10,2.75,2.75,3.02884072638614,41302.29211927,3548.07904071,3198.44098327,,,,,,,False,False,False,False,False
2018-05-11,2.75,2.75,3.02884072638614,40958.26697802,2595.76031535,3548.07904071,,,,,,,False,False,False,False,False
2018-05-14,2.75,2.75,3.02755392713388,40834.55211645,2450.08123622,2595.76031535,,,,,,,False,False,False,False,False
2018-05-15,2.75,2.75,3.01383829484033,40408.51321153,2340.11350286,2450.08123622,,,,,,,False,False,False,False,False
2018-05-16,2.75,2.75,3.00375015432505,41028.45114677,1774.70441128,2340.11350286,,,,,,,False,False,False,False,False
2018-05-17,2.75,2.75,2.99718284961513,41246.44419084,2149.35474167,1774.70441128,,,,,,,False,False,False,False,False
2018-05-18,2.75,2.75,2.99718284961513,41774.42782525,1387.68339411,2149.35474167,,,,,,,False,False,False,False,False
2018-05-21,2.75,2.75,2.99638271091583,42522.23773657,1443.93086876,1387.68339411,,,,,,,False,False,False,False,False
2018-05-22,2.75,2.75,2.99638271091583,42778.9097488,952.23956768,1443.93086876,,,,,,,False,False,False,False,False
2018-05-23,2.75,2.75,2.99555233046813,43092.86109316,1339.18637273,952.23956768,,,,,,,False,False,False,False,False
2018-05-24,2.76,2.75,2.99467071221825,43010.51570079,1014.99724632,1339.18637273,,,,,,,False,False,False,False,False
2018-05-25,2.75,2.75,2.99467071221825,42687.79162924,1147.54860987,1014.99724632,,,,,,,False,False,False,False,False
2018-05-28,2.75,2.75,2.99395555935646,42517.86223724,702.71166079,1147.54860987,,,,,,,False,False,False,False,False
2018-05-29,2.76,2.75,2.99395555935646,42250.74157771,880.0833475,702.71166079,,,,,,,False,False,False,False,False
2018-05-30,2.79,2.75,2.99350285589162,42126.59883931,890.70766366,880.0833475,,,,,,,False,False,False,False,False
2018-05-31,2.87,2.75,2.99302124777476,42112.0163865,501.07224469,890.70766366,,,,,,,False,False,False,False,False
2018-06-01,2.9,2.75,2.99302124777476,41927.18043215,5314.05144747,501.07224469,,,,,,,False,False,False,False,False
2018-06-04,2.75,2.75,2.99251544761118,41899.08237675,4429.34779388,5314.05144747,,,,,,,False,False,False,False,False
2018-06-05,2.75,2.75,2.99251544761118,41761.54689293,4022.65360454,4429.34779388,,,,,,,False,False,False,False,False
2018-06-06,2.75,2.75,2.99225794781686,41551.07210711,4057.49316176,4022.65360454,,,,,,,False,False,False,False,False
2018-06-07,2.75,2.75,2.97523353654121,41742.70052036,3755.28518597,4057.49316176,,,,,,,False,False,False,False,False
2018-06-08,2.78,2.75,2.97523353654121,41586.42199572,4584.50988275,3755.28518597,,,,,,,False,False,False,False,False
2018-06-11,2.75,2.75,2.97467650898408,41586.95430685,3186.55165487,4584.50988275,,,,,,,False,False,False,False,False
2018-06-12,2.75,2.75,2.96792328971047,41381.7575735,2595.78961729,3186.55165487,,,,,,,False,False,False,False,False
2018-06-13,2.75,2.75,2.96758216420971,41085.94591217,1693.62555068,2595.78961729,,,,,,,False,False,False,False,False
2018-06-14,2.75,2.75,2.96546492597109,41367.40426366,1654.48439605,1693.62555068,,,,,,,False,False,False,False,False
2018-06-15,2.78,2.75,2.96546492597109,41862.98553422,1596.10322865,1654.48439605,,,,,,,False,False,False,False,False
2018-06-18,2.75,2.75,2.96509457865373,41887.93224253,1655.57235434,1596.10322865,,,,,,,False,False,False,False,False
2018-06-19,2.75,2.75,2.96509457865373,41628.87123894,1022.28324156,1655.57235434,,,,,,,False,False,False,False,False
2018-06-20,2.77,2.75,2.96464287201859,42529.63033096,1063.22621369,1022.28324156,,,,,,,False,False,False,False,False
2018-06-21,2.76,2.75,2.96409063932897,43129.38045781,1499.31494099,1063.22621369,,,,,,,False,False,False,False,False
2018-06-22,2.84,2.75,2.96409063932897,43792.61811024,1863.24718097,1499.31494099,,,,,,,False,False,False,False,False
2018-06-25,2.8,2.75,2.96345537429292,43668.42935933,979.97334945,1863.24718097,,,,,,,False,False,False,False,False
2018-06-26,2.75,2.75,2.96345537429292,42967.64402062,943.96298652,979.97334945,,,,,,,False,False,False,False,False
2018-06-27,2.75,2.75,2.96315745232631,42958.07168585,688.9164262,943.96298652,,,,,,,False,False,False,False,False
2018-06-28,2.75,2.75,2.96259329502566,42762.15502357,729.44912244,688.9164262,,,,,,,False,False,False,False,False
2018-06-29,2.75,2.75,2.96259329502566,42762.15502357,729.44912244,729.44912244,,interpolacion_lineal,,,,,False,False,False,False,False
2018-07-02,2.75,2.75,2.96218442131537,43194.21571156,4322.52400482,729.44912244,,,,,,,False,False,False,False,False
2018-07-03,2.75,2.75,2.96218442131537,42888.15474367,4492.85749955,4322.52400482,,,,,,,False,False,False,False,False
2018-07-04,2.75,2.75,2.9618891054017,42722.85572857,4503.67305713,4492.85749955,,,,,,,False,False,False,False,False
2018-07-05,2.75,2.75,2.96153819901518,43054.38453927,4283.80238273,4503.67305713,,,,,,,False,False,False,False,False
2018-07-06,2.75,2.75,2.96153819901518,42687.49575265,4214.9583839,4283.80238273,,,,,,,False,False,False,False,False
2018-07-09,2.75,2.75,2.96113188957944,42554.90644713,3649.83582095,4214.9583839,,,,,,,False,False,False,False,False
2018-07-10,2.75,2.75,2.97049355925411,42311.7079608,3306.52023364,3649.83582095,,,,,,,False,False,False,False,False
2018-07-11,2.75,2.75,2.97002520277656,42281.57598992,3072.01397819,3306.52023364,,,,,,,False,False,False,False,False
2018-07-12,2.74,2.75,2.94195872463108,42051.06713734,3039.2956122,3072.01397819,,,,,,,False,False,False,False,False
2018-07-13,2.74,2.75,2.93673828006979,42219.23008821,2235.92278527,3039.2956122,,,,,,,False,False,False,False,False
2018-07-16,2.68,2.75,2.93309602404495,42544.62023698,1829.88983444,2235.92278527,,,,,,,False,False,False,False,False
2018-07-17,2.7,2.75,2.92915119331886,42517.67232947,1356.3795158,1829.88983444,,,,,,,False,False,False,False,False
2018-07-18,2.75,2.75,2.92535633419798,42945.50984878,965.07877851,1356.3795158,,,,,,,False,False,False,False,False
2018-07-19,2.75,2.75,2.93663782677076,43579.02274645,1085.7392629,965.07877851,,,,,,,False,False,False,False,False
2018-07-20,2.75,2.75,2.93663782677076,44185.91917335,1116.65831584,1085.7392629,,,,,,,False,False,False,False,False
2018-07-23,2.75,2.75,2.93609778320149,45066.64648942,1305.23743313,1116.65831584,,,,,,,False,False,False,False,False
2018-07-24,2.75,2.75,2.94557994159911,45621.44409787,1138.72648385,1305.23743313,,,,,,,False,False,False,False,False
2018-07-25,2.75,2.75,2.94526490434368,45141.28000751,1227.92202897,1138.72648385,,,,,,,False,False,False,False,False
2018-07-26,2.75,2.75,2.94475849639989,44453.93106422,1239.24650913,1227.92202897,,,,,,,False,False,False,False,False
2018-07-27,2.75,2.75,2.944473951728945,44453.93106422,1239.24650913,1239.24650913,,interpolacion_lineal,interpolacion_lineal,interpolacion_lineal,forward_fill_max5,forward_fill_max5,False,False,False,False,False
2018-07-30,2.75,2.75,2.944189407058,44674.76784665,813.24213568,1239.24650913,,,,,,,False,False,False,False,False
2018-07-31,2.75,2.75,2.944189407058,44589.63263601,490.99830205,813.24213568,,,,,,,False,False,False,False,False
2018-08-01,2.75,2.75,2.9436697622554,44101.02469158,4430.85366232,490.99830205,,,,,,,False,False,False,False,False
2018-08-02,2.75,2.75,2.94287626668028,43899.97280458,4349.75461112,4430.85366232,,,,,,,False,False,False,False,False
2018-08-03,2.75,2.75,2.94287626668028,43462.53046241,4002.54039063,4349.75461112,,,,,,,False,False,False,False,False
2018-08-06,2.75,2.75,2.94156531531533,43210.0810304,3826.40242279,4002.54039063,,,,,,,False,False,False,False,False
2018-08-07,2.75,2.75,2.94156531531533,43282.85490442,3234.76381528,3826.40242279,,,,,,,False,False,False,False,False
2018-08-08,2.75,2.75,2.94105505517348,43393.97744678,3312.85991337,3234.76381528,,,,,,,False,False,False,False,False
2018-08-09,2.75,2.75,2.90519633554558,43494.05894,3050.61992797,3312.85991337,,,,,,,False,False,False,False,False
2018-08-10,2.75,2.75,2.89083278694184,40855.5278857,2853.53387181,3050.61992797,,,,,,,False,False,False,False,False
2018-08-13,2.75,2.75,2.87344131198623,40995.27648262,2555.99322528,2853.53387181,,,,,,,False,False,False,False,False
2018-08-14,2.75,2.75,2.86331780395717,41152.73641395,2037.10159928,2555.99322528,,,,,,,False,False,False,False,False
2018-08-15,2.75,2.75,2.8538474371828,41484.35710374,1943.63354987,2037.10159928,,,,,,,False,False,False,False,False
2018-08-16,2.75,2.75,2.84852468020411,42199.03131404,1366.15814189,1943.63354987,,,,,,,False,False,False,False,False
2018-08-17,2.75,2.75,2.84852468020411,42316.87156633,1554.57745191,1366.15814189,,,,,,,False,False,False,False,False
2018-08-20,2.76,2.75,2.84792751792992,42552.42300032,1532.03609734,1554.57745191,,,,,,,False,False,False,False,False
2018-08-21,2.75,2.75,2.84792751792992,42916.41340858,1771.12984246,1532.03609734,,,,,,,False,False,False,False,False
2018-08-22,2.75,2.75,2.84765419279154,42776.61424635,1444.53922902,1771.12984246,,,,,,,False,False,False,False,False
2018-08-23,2.75,2.75,2.84722372969853,43127.55055217,1101.94333207,1444.53922902,,,,,,,False,False,False,False,False
2018-08-24,2.75,2.75,2.84722372969853,43160.4352557,970.35572177,1101.94333207,,,,,,,False,False,False,False,False
2018-08-27,2.75,2.75,2.8466776280728,42874.96070567,1096.48187088,970.35572177,,,,,,,False,False,False,False,False
2018-08-28,2.75,2.75,2.8466776280728,42364.56238019,778.88230409,1096.48187088,,,,,,,False,False,False,False,False
2018-08-29,2.75,2.75,2.84640837939745,41822.91382319,996.23209231,778.88230409,,,,,,,False,False,False,False,False
2018-08-30,2.75,2.75,2.8462075714826636,41822.91382319,996.23209231,996.23209231,,interpolacion_lineal,interpolacion_lineal,interpolacion_lineal,forward_fill_max5,forward_fill_max5,False,False,False,False,False
2018-08-31,2.75,2.75,2.8460067635678765,41822.91382319,996.23209231,996.23209231,,interpolacion_lineal,interpolacion_lineal,interpolacion_lineal,forward_fill_max5,forward_fill_max5,False,False,False,False,False
2018-09-03,2.75,2.75,2.84580595565309,42191.71035959,4859.37792237,996.23209231,,,,,,,False,False,False,False,False
2018-09-04,2.75,2.75,2.85507729466596,42343.33377107,4422.27370668,4859.37792237,,,,,,,False,False,False,False,False
2018-09-05,2.75,2.75,2.85573244725758,42281.29564178,3770.14631568,4422.27370668,,,,,,,False,False,False,False,False
2018-09-06,2.75,2.75,2.77594089084665,42001.73548888,4113.71190922,3770.14631568,,,,,,,False,False,False,False,False
2018-09-07,2.74,2.75,2.77123755162539,41844.71364789,3398.70263432,4113.71190922,,,,,,,False,False,False,False,False
2018-09-10,2.75,2.75,2.78097192834583,41973.78410049,3161.76932779,3398.70263432,,,,,,,False,False,False,False,False
2018-09-11,2.75,2.75,2.74919466657212,41599.96347454,3134.75259083,3161.76932779,,,,,,,False,False,False,False,False
2018-09-12,2.75,2.75,2.73932796445434,41336.46786094,2807.95961997,3134.75259083,,,,,,,False,False,False,False,False
2018-09-13,2.75,2.75,2.73628852881,40977.54956966,2799.74973934,2807.95961997,,,,,,,False,False,False,False,False
2018-09-14,2.75,2.75,2.73628852881,41028.35509452,2316.02247003,2799.74973934,,,,,,,False,False,False,False,False
2018-09-17,2.75,2.75,2.7330241381832,41535.13697465,2408.09762498,2316.02247003,,,,,,,False,False,False,False,False
2018-09-18,2.75,2.75,2.77428868249193,41575.99490164,2000.64823213,2408.09762498,,,,,,,False,False,False,False,False
2018-09-19,2.75,2.75,2.77428868249193,42168.1422874,1783.42387434,2000.64823213,,,,,,,False,False,False,False,False
2018-09-20,2.75,2.75,2.77428868249193,42427.7997357,1381.6541947,1783.42387434,,,,,,,False,False,False,False,False
2018-09-21,2.75,2.75,2.77428868249193,43592.91442511,1232.22768193,1381.6541947,,,,,,,False,False,False,False,False
2018-09-24,2.75,2.75,2.77428868249193,43439.41035084,1300.65078821,1232.22768193,,,,,,,False,False,False,False,False
2018-09-25,2.75,2.75,2.77428868249193,43441.37778915,881.44391759,1300.65078821,,,,,,,False,False,False,False,False
2018-09-26,2.75,2.75,2.72592159344839,42983.05040865,1273.6327929,881.44391759,,,,,,,False,False,False,False,False
2018-09-27,2.75,2.75,2.72594870787449,42803.15800333,776.34996411,1273.6327929,,,,,,,False,False,False,False,False
2018-09-28,2.75,2.75,2.72594870787449,42422.73231172,645.81015302,776.34996411,,,,,,,False,False,False,False,False
2018-10-01,2.75,2.75,2.72582193755744,42576.13113364,4460.09765098,645.81015302,,,,,,,False,False,False,False,False
2018-10-02,2.75,2.75,2.73485080624205,42292.93256091,4261.22848166,4460.09765098,,,,,,,False,False,False,False,False
2018-10-03,2.75,2.75,2.73518029934841,41638.20208637,4340.64262402,4261.22848166,,,,,,,False,False,False,False,False
2018-10-04,2.75,2.75,2.73522971912821,41430.47108835,3860.19558959,4340.64262402,,,,,,,False,False,False,False,False
2018-10-05,2.75,2.75,2.73439822844525,41226.7299476,3371.87432276,3860.19558959,,,,,,,False,False,False,False,False
2018-10-08,2.75,2.75,2.7368296264711747,41226.7299476,3371.87432276,3371.87432276,,interpolacion_lineal,interpolacion_lineal,interpolacion_lineal,forward_fill_max5,forward_fill_max5,False,False,False,False,False
2018-10-09,2.75,2.75,2.7392610244971,40577.60390131,3620.10317144,3371.87432276,,,,,,,False,False,False,False,False
2018-10-10,2.75,2.75,2.73710277858052,40657.33473441,3220.86916376,3620.10317144,,,,,,,False,False,False,False,False
2018-10-11,2.7,2.75,2.67276998038248,40667.46518474,2883.08608677,3220.86916376,,,,,,,False,False,False,False,False
2018-10-12,2.81,2.75,2.67276998038248,40412.46711582,3112.40576947,2883.08608677,,,,,,,False,False,False,False,False
2018-10-15,2.75,2.75,2.67264508786453,40543.01250956,3140.56440901,3112.40576947,,,,,,,False,False,False,False,False
2018-10-16,2.71,2.75,2.66693157927117,40552.82085716,2945.07804955,3140.56440901,,,,,,,False,False,False,False,False
2018-10-17,2.75,2.75,2.66436040291251,41355.91615544,2149.67291256,2945.07804955,,,,,,,False,False,False,False,False
2018-10-18,2.75,2.75,2.65819820508077,41716.92866513,1675.81260012,2149.67291256,,,,,,,False,False,False,False,False
2018-10-19,2.76,2.75,2.65819820508077,42540.9650432,1344.29432954,1675.81260012,,,,,,,False,False,False,False,False
2018-10-22,2.76,2.75,2.65810657211852,42944.13797599,1102.60719623,1344.29432954,,,,,,,False,False,False,False,False
2018-10-23,2.75,2.75,2.65810657211852,43495.41840645,999.06468588,1102.60719623,,,,,,,False,False,False,False,False
2018-10-24,2.78,2.75,2.65879328733978,43261.39304974,1135.16373782,999.06468588,,,,,,,False,False,False,False,False
2018-10-25,2.84,2.75,2.65836343813084,42638.09230939,968.64437413,1135.16373782,,,,,,,False,False,False,False,False
2018-10-26,2.84,2.75,2.65732290029135,42248.09522982,683.58465252,968.64437413,,,,,,,False,False,False,False,False
2018-10-29,2.76,2.75,2.65617797079556,42411.09953258,735.63806854,683.58465252,,,,,,,False,False,False,False,False
2018-10-30,2.75,2.75,2.65617797079556,42069.59901007,558.79054902,735.63806854,,,,,,,False,False,False,False,False
2018-10-31,2.75,2.75,2.65617797079556,40888.33954112,1320.48371612,558.79054902,,,,,,,False,False,False,False,False
2018-11-01,2.7533333333333334,2.75,2.65641539795569,40888.33954112,1320.48371612,1320.48371612,,interpolacion_lineal,interpolacion_lineal,interpolacion_lineal,forward_fill_max5,forward_fill_max5,False,False,False,False,False
2018-11-02,2.7566666666666664,2.75,2.65665282511582,40888.33954112,1320.48371612,1320.48371612,,interpolacion_lineal,interpolacion_lineal,interpolacion_lineal,forward_fill_max5,forward_fill_max5,False,False,False,False,False
2018-11-05,2.76,2.75,2.65689025227595,41093.88963827,4939.0500764,1320.48371612,,,,,,,False,False,False,False,False
2018-11-06,2.76,2.75,2.67319804295607,40747.85818045,4791.06946134,4939.0500764,,,,,,,False,False,False,False,False
2018-11-07,2.77,2.75,2.6739533811266,40663.08214226,4337.24505871,4791.06946134,,,,,,,False,False,False,False,False
2018-11-08,2.77,2.75,2.66053500827727,40651.74088034,4323.90305086,4337.24505871,,,,,,,False,False,False,False,False
2018-11-09,2.76,2.75,2.6618566362814,40746.79431635,4525.53859456,4323.90305086,,,,,,,False,False,False,False,False
2018-11-12,2.75,2.75,2.66303869016077,40608.62661905,3404.03299378,4525.53859456,,,,,,,False,False,False,False,False
2018-11-13,2.76,2.75,2.66517865376232,39967.51731616,2994.14666002,3404.03299378,,,,,,,False,False,False,False,False
2018-11-14,2.75,2.75,2.66831927817986,39622.14903393,2875.38829537,2994.14666002,,,,,,,False,False,False,False,False
2018-11-15,2.76,2.75,2.67085810917804,39862.94719761,2308.69927365,2875.38829537,,,,,,,False,False,False,False,False
2018-11-16,2.75,2.75,2.67085810917804,40820.47331447,2085.82791494,2308.69927365,,,,,,,False,False,False,False,False
2018-11-19,2.76,2.75,2.67089408260247,41091.24470951,1924.07767762,2085.82791494,,,,,,,False,False,False,False,False
2018-11-20,2.75,2.75,2.67099561444786,41022.28395477,1962.89648987,1924.07767762,,,,,,,False,False,False,False,False
2018-11-21,2.75,2.75,2.67169863049193,42391.88846149,1493.64959433,1962.89648987,,,,,,,False,False,False,False,False
2018-11-22,2.75,2.75,2.67216560505828,42475.0421797,1239.3564939,1493.64959433,,,,,,,False,False,False,False,False
2018-11-23,2.75,2.75,2.67216560505828,43869.27813602,1273.78967807,1239.3564939,,,,,,,False,False,False,False,False
2018-11-26,2.75,2.75,2.67224262160174,43509.53684802,987.61888855,1273.78967807,,,,,,,False,False,False,False,False
2018-11-27,2.75,2.75,2.67224262160174,42072.7808266,837.19552761,987.61888855,,,,,,,False,False,False,False,False
2018-11-28,2.75,2.75,2.67297498873485,41613.85585996,618.96328325,837.19552761,,,,,,,False,False,False,False,False
2018-11-29,2.75,2.75,2.67340747556382,41527.90296778,766.86335598,618.96328325,,,,,,,False,False,False,False,False
2018-11-30,2.75,2.75,2.67340747556382,41200.91179756,736.71644587,766.86335598,,,,,,,False,False,False,False,False
2018-12-03,2.75,2.75,2.673456214456,41431.9027068,4375.13877941,736.71644587,,,,,,,False,False,False,False,False
2018-12-04,2.75,2.75,2.673456214456,40696.95925756,4339.32151991,4375.13877941,,,,,,,False,False,False,False,False
2018-12-05,2.75,2.75,2.67419996648768,41171.20387205,3705.39080422,4339.32151991,,,,,,,False,False,False,False,False
2018-12-06,2.75,2.75,2.67570350368723,41483.74018076,4459.21550721,3705.39080422,,,,,,,False,False,False,False,False
2018-12-07,2.75,2.75,2.67570350368723,41181.18240535,4374.36235667,4459.21550721,,,,,,,False,False,False,False,False
2018-12-10,2.77,2.75,2.67572071280153,40854.84686216,4301.71566251,4374.36235667,,,,,,,False,False,False,False,False
2018-12-11,2.76,2.75,2.67339571651118,40312.66323404,3655.24443577,4301.71566251,,,,,,,False,False,False,False,False
2018-12-12,2.76,2.75,2.67658211702574,39918.18408026,3575.07549012,3655.24443577,,,,,,,False,False,False,False,False
2018-12-13,2.75,2.75,2.67857423727378,39606.75027136,2990.87252639,3575.07549012,,,,,,,False,False,False,False,False
2018-12-14,2.75,2.75,2.6805718470773,39290.15704474,3414.7825036,2990.87252639,,,,,,,False,False,False,False,False
2018-12-17,2.75,2.75,2.69018871704893,39293.89954603,2577.39757629,3414.7825036,,,,,,,False,False,False,False,False
2018-12-18,2.75,2.75,2.69108343562555,39460.46223464,2314.44845217,2577.39757629,,,,,,,False,False,False,False,False
2018-12-19,2.75,2.75,2.6918273831474,39359.35967358,2089.93434125,2314.44845217,,,,,,,False,False,False,False,False
2018-12-20,2.75,2.75,2.6923802008528,39490.31298927,1573.35458291,2089.93434125,,,,,,,False,False,False,False,False
2018-12-21,2.79,2.75,2.6923802008528,39674.2410557,1163.42425242,1573.35458291,,,,,,,False,False,False,False,False
2018-12-24,2.776666666666667,2.75,2.69263241772845,39674.2410557,1163.42425242,1163.42425242,,interpolacion_lineal,interpolacion_lineal,interpolacion_lineal,forward_fill_max5,forward_fill_max5,False,False,False,False,False
2018-12-25,2.763333333333333,2.75,2.6928846346040998,39674.2410557,1163.42425242,1163.42425242,,interpolacion_lineal,interpolacion_lineal,interpolacion_lineal,forward_fill_max5,forward_fill_max5,False,False,False,False,False
2018-12-26,2.75,2.75,2.69313685147975,41664.1515916,675.78739007,1163.42425242,,,,,,,False,False,False,False,False
2018-12-27,2.75,2.75,2.69368420171443,40532.99666199,1080.64042952,675.78739007,,,,,,,False,False,False,False,False
2018-12-28,2.75,2.75,2.69368420171443,39771.23982972,775.88742189,1080.64042952,,,,,,,False,False,False,False,False
2018-12-31,2.75,2.75,2.6938621629025,39546.19861484,1155.96005182,775.88742189,,,,,,,False,False,False,False,False
2019-01-01,2.75,2.75,2.69424589955187,39546.19861484,1155.96005182,1155.96005182,,interpolacion_lineal,interpolacion_lineal,interpolacion_lineal,forward_fill_max5,forward_fill_max5,False,False,False,False,False
2019-01-02,2.75,2.75,2.69462963620124,39011.27888346,5392.43604414,1155.96005182,,,,,,,False,False,False,False,False
2019-01-03,2.75,2.75,2.69827615868795,38625.2565512,4182.13374013,5392.43604414,,,,,,,False,False,False,False,False
2019-01-04,2.76,2.75,2.69827615868795,38050.95528001,4547.03747079,4182.13374013,,,,,,,False,False,False,False,False
2019-01-07,2.75,2.75,2.69734883081319,37587.22715202,4290.98298844,4547.03747079,,,,,,,False,False,False,False,False
2019-01-08,2.75,2.75,2.70131648398709,37250.18311355,3860.43312503,4290.98298844,,,,,,,False,False,False,False,False
2019-01-09,2.75,2.75,2.70396501939433,37347.04970048,3692.44526505,3860.43312503,,,,,,,False,False,False,False,False
2019-01-10,2.75,2.75,2.70871273284963,37024.58709979,3450.00902615,3692.44526505,,,,,,,False,False,False,False,False
2019-01-11,2.75,2.75,2.71097982715621,37083.43325237,3089.64986909,3450.00902615,,,,,,,False,False,False,False,False
2019-01-14,2.76,2.75,2.71374061776777,37082.20153825,2806.25973933,3089.64986909,,,,,,,False,False,False,False,False
2019-01-15,2.75,2.75,2.71451957073616,37485.0616125,2614.26926205,2806.25973933,,,,,,,False,False,False,False,False
2019-01-16,2.75,2.75,2.71608041548716,37655.57353762,2437.4860796,2614.26926205,,,,,,,False,False,False,False,False
2019-01-17,2.75,2.75,2.71776834148814,37889.57186397,2219.41567837,2437.4860796,,,,,,,False,False,False,False,False
2019-01-18,2.76,2.75,2.71776834148814,38736.43899607,1765.23445004,2219.41567837,,,,,,,False,False,False,False,False
2019-01-21,2.76,2.75,2.7178268573505,40017.26357727,1352.53683058,1765.23445004,,,,,,,False,False,False,False,False
2019-01-22,2.76,2.75,2.7178268573505,40044.01171708,1563.58382879,1352.53683058,,,,,,,False,False,False,False,False
2019-01-23,2.76,2.75,2.71837367764214,40741.98755759,1501.99833971,1563.58382879,,,,,,,False,False,False,False,False
2019-01-24,2.76,2.75,2.71871861758416,40863.34697474,1114.25266776,1501.99833971,,,,,,,False,False,False,False,False
2019-01-25,2.75,2.75,2.71871861758416,40799.17347332,1411.05848867,1114.25266776,,,,,,,False,False,False,False,False
2019-01-28,2.75,2.75,2.71874810430217,40105.70339061,587.37485214,1411.05848867,,,,,,,False,False,False,False,False
2019-01-29,2.75,2.75,2.7189679939605,39715.46872154,597.55021309,587.37485214,,,,,,,False,False,False,False,False
2019-01-30,2.75,2.75,2.72037622108408,39406.73375769,546.90446673,597.55021309,,,,,,,False,False,False,False,False
2019-01-31,2.75,2.75,2.72057901174759,39082.35419679,616.29685435,546.90446673,,,,,,,False,False,False,False,False
2019-02-01,2.75,2.75,2.72057901174759,39076.74806498,4251.26818086,616.29685435,,,,,,,False,False,False,False,False
2019-02-04,2.75,2.75,2.73324251012143,39575.9263624,4851.4484624,4251.26818086,,,,,,,False,False,False,False,False
2019-02-05,2.75,2.75,2.73324251012143,39570.61455632,4344.41210464,4851.4484624,,,,,,,False,False,False,False,False
2019-02-06,2.75,2.75,2.7337583185207,39065.94308305,4528.14539787,4344.41210464,,,,,,,False,False,False,False,False
2019-02-07,2.75,2.75,2.73149559482326,39267.22601465,4367.64952025,4528.14539787,,,,,,,False,False,False,False,False
2019-02-08,2.75,2.75,2.72930460395965,39288.55410427,4017.32302473,4367.64952025,,,,,,,False,False,False,False,False
2019-02-11,2.75,2.75,2.73114040072888,37142.70747196,4837.80823724,4017.32302473,,,,,,,False,False,False,False,False
2019-02-12,2.74,2.75,2.7305569317474,37411.65750312,4181.08145094,4837.80823724,,,,,,,False,False,False,False,False
2019-02-13,2.75,2.75,2.72934777374131,37360.27275135,4247.17444994,4181.08145094,,,,,,,False,False,False,False,False
2019-02-14,2.75,2.75,2.7278867165236,37637.16555171,4131.51879671,4247.17444994,,,,,,,False,False,False,False,False
2019-02-15,2.75,2.75,2.72719678048451,37888.61185891,3315.82898665,4131.51879671,,,,,,,False,False,False,False,False
2019-02-18,2.75,2.75,2.72700113889403,38156.20296013,1895.818478,3315.82898665,,,,,,,False,False,False,False,False
2019-02-19,2.75,2.75,2.72537411536717,38185.56267102,1612.74017337,1895.818478,,,,,,,False,False,False,False,False
2019-02-20,2.75,2.75,2.72550818737828,38934.24771099,1586.09199186,1612.74017337,,,,,,,False,False,False,False,False
2019-02-21,2.75,2.75,2.72591577327201,39622.32455412,1107.76053346,1586.09199186,,,,,,,False,False,False,False,False
2019-02-22,2.75,2.75,2.72591577327201,39781.26589557,859.25908147,1107.76053346,,,,,,,False,False,False,False,False
2019-02-25,2.75,2.75,2.72498285238438,40525.31793618,842.06840965,859.25908147,,,,,,,False,False,False,False,False
2019-02-26,2.75,2.75,2.72443534772235,40441.407206,454.17557582,842.06840965,,,,,,,False,False,False,False,False
2019-02-27,2.75,2.75,2.72545443984215,40136.01377101,949.42542832,454.17557582,,,,,,,False,False,False,False,False
2019-02-28,2.75,2.75,2.72578745430096,40047.47359288,921.52976846,949.42542832,,,,,,,False,False,False,False,False
2019-03-01,2.75,2.75,2.72578745430096,39835.27099482,5093.32577863,921.52976846,,,,,,,False,False,False,False,False
2019-03-04,2.75,2.75,2.73585991778759,40402.11448417,4470.13802392,5093.32577863,,,,,,,False,False,False,False,False
2019-03-05,2.76,2.75,2.73585991778759,40034.26139908,4178.26181991,4470.13802392,,,,,,,False,False,False,False,False
2019-03-06,2.75,2.75,2.73647432719125,39922.0297231,4233.99074318,4178.26181991,,,,,,,False,False,False,False,False
2019-03-07,2.75,2.75,2.73504869304143,40144.87826658,4399.60802309,4233.99074318,,,,,,,False,False,False,False,False
2019-03-08,2.75,2.75,2.73504869304143,40643.00897413,3652.28649127,4399.60802309,,,,,,,False,False,False,False,False
2019-03-11,2.75,2.75,2.73461714690282,40853.94599011,3697.72688019,3652.28649127,,,,,,,False,False,False,False,False
2019-03-12,2.75,2.75,2.73513387659718,40786.98469953,3545.02055236,3697.72688019,,,,,,,False,False,False,False,False
2019-03-13,2.75,2.75,2.73532210097374,40781.37820207,3445.86321531,3545.02055236,,,,,,,False,False,False,False,False
2019-03-14,2.75,2.75,2.74275823376967,40805.87253854,4162.40616197,3445.86321531,,,,,,,False,False,False,False,False
2019-03-15,2.75,2.75,2.74275823376967,41107.90756015,3621.73327055,4162.40616197,,,,,,,False,False,False,False,False
2019-03-18,2.75,2.75,2.74238550724743,42019.78829742,1919.92406459,3621.73327055,,,,,,,False,False,False,False,False
2019-03-19,2.75,2.75,2.74238550724743,42382.0060112,1556.29532655,1919.92406459,,,,,,,False,False,False,False,False
2019-03-20,2.75,2.75,2.743001672255,42980.98307547,1679.93623192,1556.29532655,,,,,,,False,False,False,False,False
2019-03-21,2.75,2.75,2.74306043753632,43846.87587689,906.39103702,1679.93623192,,,,,,,False,False,False,False,False
2019-03-22,2.75,2.75,2.74306043753632,44503.14461123,963.10178131,906.39103702,,,,,,,False,False,False,False,False
2019-03-25,2.75,2.75,2.74256756417009,44821.69264482,812.0690041,963.10178131,,,,,,,False,False,False,False,False
2019-03-26,2.75,2.75,2.74256756417009,45064.98005186,838.1709691,812.0690041,,,,,,,False,False,False,False,False
2019-03-27,2.75,2.75,2.74317675751698,45123.83495534,835.26185576,838.1709691,,,,,,,False,False,False,False,False
2019-03-28,2.75,2.75,2.74323432050066,45108.57826928,894.9485148,835.26185576,,,,,,,False,False,False,False,False
2019-03-29,2.75,2.75,2.74323432050066,44687.21796987,643.32511419,894.9485148,,,,,,,False,False,False,False,False
2019-04-01,2.75,2.75,2.74274304749992,44821.69664538,4818.35335166,643.32511419,,,,,,,False,False,False,False,False
2019-04-02,2.75,2.75,2.75489503390721,44824.2810323,4604.20282405,4818.35335166,,,,,,,False,False,False,False,False
2019-04-03,2.75,2.75,2.75528495709891,44957.08670751,4539.21902364,4604.20282405,,,,,,,False,False,False,False,False
2019-04-04,2.75,2.75,2.75522846185731,45447.64722261,4499.70568772,4539.21902364,,,,,,,False,False,False,False,False
2019-04-05,2.75,2.75,2.75522846185731,45823.54303149,4370.77284007,4499.70568772,,,,,,,False,False,False,False,False
2019-04-08,2.75,2.75,2.75458317912482,46424.84104191,4168.63849374,4370.77284007,,,,,,,False,False,False,False,False
2019-04-09,2.75,2.75,2.75458317912482,46261.05324342,3581.85116283,4168.63849374,,,,,,,False,False,False,False,False
2019-04-10,2.76,2.75,2.75478650405933,46235.75577619,3440.26192081,3581.85116283,,,,,,,False,False,False,False,False
2019-04-11,2.75,2.75,2.75208582469367,46071.59000629,3456.8829857,3440.26192081,,,,,,,False,False,False,False,False
2019-04-12,2.75,2.75,2.75122307347761,46201.04343637,3209.436963,3456.8829857,,,,,,,False,False,False,False,False
2019-04-15,2.75,2.75,2.75044843472174,46403.91651248,2951.6212664,3209.436963,,,,,,,False,False,False,False,False
2019-04-16,2.75,2.75,2.75044843472174,46602.70748517,3107.57242564,2951.6212664,,,,,,,False,False,False,False,False
2019-04-17,2.75,2.75,2.75066603589277,47222.14654964,2043.72204072,3107.57242564,,,,,,,False,False,False,False,False
2019-04-18,2.75,2.75,2.7503861078378433,47222.14654964,2043.72204072,2043.72204072,,interpolacion_lineal,interpolacion_lineal,interpolacion_lineal,forward_fill_max5,forward_fill_max5,False,False,False,False,False
2019-04-19,2.75,2.75,2.7501061797829167,47222.14654964,2043.72204072,2043.72204072,,interpolacion_lineal,interpolacion_lineal,interpolacion_lineal,forward_fill_max5,forward_fill_max5,False,False,False,False,False
2019-04-22,2.75,2.75,2.74982625172799,48438.09768402,2246.36450852,2043.72204072,,,,,,,False,False,False,False,False
2019-04-23,2.75,2.75,2.74982625172799,49253.77888032,1469.67617706,2246.36450852,,,,,,,False,False,False,False,False
2019-04-24,2.75,2.75,2.75000843765056,50051.23471919,1173.30014323,1469.67617706,,,,,,,False,False,False,False,False
2019-04-25,2.75,2.75,2.74984562136747,50318.74098371,945.11411904,1173.30014323,,,,,,,False,False,False,False,False
2019-04-26,2.75,2.75,2.74984562136747,50099.38264319,667.79401486,945.11411904,,,,,,,False,False,False,False,False
2019-04-29,2.75,2.75,2.74898107604563,49747.46460002,481.27104192,667.79401486,,,,,,,False,False,False,False,False
2019-04-30,2.75,2.75,2.74898107604563,49063.40538544,927.09361136,481.27104192,,,,,,,False,False,False,False,False
2019-05-01,2.75,2.75,2.74887515651993,49063.40538544,927.09361136,927.09361136,,interpolacion_lineal,interpolacion_lineal,interpolacion_lineal,forward_fill_max5,forward_fill_max5,False,False,False,False,False
2019-05-02,2.75,2.75,2.74876923699423,49474.89129102,4247.63836384,927.09361136,,,,,,,False,False,False,False,False
2019-05-03,2.75,2.75,2.76104391714978,48966.28904047,4293.74913162,4247.63836384,,,,,,,False,False,False,False,False
2019-05-06,2.75,2.75,2.76029715282114,48503.90839836,4128.65267653,4293.74913162,,,,,,,False,False,False,False,False
2019-05-07,2.75,2.75,2.75746547012683,48370.05111104,3848.34618138,4128.65267653,,,,,,,False,False,False,False,False
2019-05-08,2.75,2.75,2.75669203696526,48364.76281683,3759.77065716,3848.34618138,,,,,,,False,False,False,False,False
2019-05-09,2.75,2.75,2.75731405622771,48328.26499297,4179.85002164,3759.77065716,,,,,,,False,False,False,False,False
2019-05-10,2.75,2.75,2.75394424613844,48128.54797621,3405.43825316,4179.85002164,,,,,,,False,False,False,False,False
2019-05-13,2.76,2.75,2.75130897804071,48518.03721516,2937.53155004,3405.43825316,,,,,,,False,False,False,False,False
2019-05-14,2.75,2.75,2.75085322544883,48522.17240747,2859.30121016,2937.53155004,,,,,,,False,False,False,False,False
2019-05-15,2.75,2.75,2.75096537681282,48592.12499708,2514.19130292,2859.30121016,,,,,,,False,False,False,False,False
2019-05-16,2.75,2.75,2.75079638405459,48910.71897601,2295.98609887,2514.19130292,,,,,,,False,False,False,False,False
2019-05-17,2.75,2.75,2.75079638405459,49322.94439803,1693.32861766,2295.98609887,,,,,,,False,False,False,False,False
2019-05-20,2.75,2.75,2.75026896866733,49895.70161086,1146.93777817,1693.32861766,,,,,,,False,False,False,False,False
2019-05-21,2.75,2.75,2.75026896866733,50708.60499879,1044.89930809,1146.93777817,,,,,,,False,False,False,False,False
2019-05-22,2.75,2.75,2.75032336048665,50943.17585756,1176.73933194,1044.89930809,,,,,,,False,False,False,False,False
2019-05-23,2.75,2.75,2.75013003555807,51194.56327181,858.53183056,1176.73933194,,,,,,,False,False,False,False,False
2019-05-24,2.75,2.75,2.75013003555807,51444.56719502,976.15875794,858.53183056,,,,,,,False,False,False,False,False
2019-05-27,2.75,2.75,2.7494715342649,50978.63514856,1178.43724528,976.15875794,,,,,,,False,False,False,False,False
2019-05-28,2.75,2.75,2.7494715342649,50789.36973906,1239.23019634,1178.43724528,,,,,,,False,False,False,False,False
2019-05-29,2.75,2.75,2.7494466944255,50320.51698226,857.28050528,1239.23019634,,,,,,,False,False,False,False,False
2019-05-30,2.75,2.75,2.74926590789263,50243.52597418,883.29332432,857.28050528,,,,,,,False,False,False,False,False
2019-05-31,2.75,2.75,2.74926590789263,50370.17095031,858.73709421,883.29332432,,,,,,,False,False,False,False,False
2019-06-03,2.75,2.75,2.74892246121559,50565.64522846,4371.73063927,858.73709421,,,,,,,False,False,False,False,False
2019-06-04,2.75,2.75,2.74892246121559,50439.19552729,4401.04232719,4371.73063927,,,,,,,False,False,False,False,False
2019-06-05,2.75,2.75,2.74883384609016,50260.92761391,4282.54607802,4401.04232719,,,,,,,False,False,False,False,False
2019-06-06,2.75,2.75,2.74599207554073,50264.06638477,4528.56520102,4282.54607802,,,,,,,False,False,False,False,False
2019-06-07,2.75,2.75,2.74418722731008,49652.82822722,4427.31897311,4528.56520102,,,,,,,False,False,False,False,False
2019-06-10,2.75,2.75,2.74350638512397,49471.04543037,3742.09529311,4427.31897311,,,,,,,False,False,False,False,False
2019-06-11,2.75,2.75,2.74236007395974,49442.74101157,2408.07442133,3742.09529311,,,,,,,False,False,False,False,False
2019-06-12,2.75,2.75,2.74117070497492,49267.97083397,2279.48132183,2408.07442133,,,,,,,False,False,False,False,False
2019-06-13,2.75,2.75,2.74038359079437,49165.31592009,2742.03005026,2279.48132183,,,,,,,False,False,False,False,False
2019-06-14,2.75,2.75,2.74038359079437,49163.48801472,2200.01751382,2742.03005026,,,,,,,False,False,False,False,False
2019-06-17,2.75,2.75,2.740081848351,49246.80094695,2795.27373788,2200.01751382,,,,,,,False,False,False,False,False
2019-06-18,2.75,2.75,2.740081848351,49203.10428365,2555.64631235,2795.27373788,,,,,,,False,False,False,False,False
2019-06-19,2.75,2.75,2.73993373569263,49940.17746246,2827.63458789,2555.64631235,,,,,,,False,False,False,False,False
2019-06-20,2.75,2.75,2.7396295931657,50796.21724853,1909.02607756,2827.63458789,,,,,,,False,False,False,False,False
2019-06-21,2.75,2.75,2.7396295931657,51410.26318449,1488.68546724,1909.02607756,,,,,,,False,False,False,False,False
2019-06-24,2.75,2.75,2.73932113646142,51839.33594128,1042.5700083,1488.68546724,,,,,,,False,False,False,False,False
2019-06-25,2.75,2.75,2.73932113646142,51621.22647236,827.96737248,1042.5700083,,,,,,,False,False,False,False,False
2019-06-26,2.75,2.75,2.7391570342967,51529.44409522,973.30412804,827.96737248,,,,,,,False,False,False,False,False
2019-06-27,2.75,2.75,2.73893851862228,51599.87906469,977.76508748,973.30412804,,,,,,,False,False,False,False,False
2019-06-28,3.26,2.75,2.73893851862228,51434.93499252,1034.69019166,977.76508748,,,,,,,False,False,False,False,False
2019-07-01,2.75,2.75,2.73842021807119,51556.30862801,4801.26974338,1034.69019166,,,,,,,False,False,False,False,False
2019-07-02,2.79,2.75,2.73640928037558,51300.91075356,4872.37944964,4801.26974338,,,,,,,False,False,False,False,False
2019-07-03,2.77,2.75,2.73602947553718,50988.82076212,6399.7004742,4872.37944964,,,,,,,False,False,False,False,False
2019-07-04,2.75,2.75,2.73549568959571,50740.82344347,5670.33504997,6399.7004742,,,,,,,False,False,False,False,False
2019-07-05,2.75,2.75,2.73549568959571,50668.14818701,3604.08499121,5670.33504997,,,,,,,False,False,False,False,False
2019-07-08,2.75,2.75,2.73209540653103,50602.79219694,3150.90648077,3604.08499121,,,,,,,False,False,False,False,False
2019-07-09,2.75,2.75,2.73002086729874,50212.30855999,2998.96078111,3150.90648077,,,,,,,False,False,False,False,False
2019-07-10,2.75,2.75,2.72960622464425,50157.03667079,2836.37687926,2998.96078111,,,,,,,False,False,False,False,False
2019-07-11,2.76,2.75,2.72767124634937,50014.3590485,2822.20903364,2836.37687926,,,,,,,False,False,False,False,False
2019-07-12,2.75,2.75,2.72617954476984,50423.88790224,2310.4071473,2822.20903364,,,,,,,False,False,False,False,False
2019-07-15,2.75,2.75,2.72426270639634,50450.2014831,1767.43512268,2310.4071473,,,,,,,False,False,False,False,False
2019-07-16,2.75,2.75,2.72426270639634,50034.87962636,1978.7719569,1767.43512268,,,,,,,False,False,False,False,False
2019-07-17,2.76,2.75,2.72348042184222,50527.47751428,1639.32040052,1978.7719569,,,,,,,False,False,False,False,False
2019-07-18,2.76,2.75,2.72284479753381,50832.03489586,1672.96756609,1639.32040052,,,,,,,False,False,False,False,False
2019-07-19,2.75,2.75,2.72284479753381,51302.24326588,1673.60673467,1672.96756609,,,,,,,False,False,False,False,False
2019-07-22,2.75,2.75,2.72209933309465,52118.75727352,1585.2510142,1673.60673467,,,,,,,False,False,False,False,False
2019-07-23,2.75,2.75,2.72209933309465,51792.55652683,1626.97624929,1585.2510142,,,,,,,False,False,False,False,False
2019-07-24,2.75,2.75,2.72130152281304,51142.17138749,1885.2616013,1626.97624929,,,,,,,False,False,False,False,False
2019-07-25,2.75,2.75,2.72056461526066,50367.94856707,1673.75171491,1885.2616013,,,,,,,False,False,False,False,False
2019-07-26,2.75,2.75,2.72056461526066,50055.80786005,1218.63290516,1673.75171491,,,,,,,False,False,False,False,False
2019-07-29,2.75,2.75,2.720370350164767,50055.80786005,1218.63290516,1218.63290516,,interpolacion_lineal,interpolacion_lineal,interpolacion_lineal,forward_fill_max5,forward_fill_max5,False,False,False,False,False
2019-07-30,2.75,2.75,2.720176085068873,50055.80786005,1218.63290516,1218.63290516,,interpolacion_lineal,interpolacion_lineal,interpolacion_lineal,forward_fill_max5,forward_fill_max5,False,False,False,False,False
2019-07-31,2.75,2.75,2.71998181997298,49906.09172945,514.14906445,1218.63290516,,,,,,,False,False,False,False,False
2019-08-01,2.75,2.75,2.71908364724089,49823.42838643,4142.98566281,514.14906445,,,,,,,False,False,False,False,False
2019-08-02,2.75,2.75,2.72142488541488,49504.23266784,4548.10263973,4142.98566281,,,,,,,False,False,False,False,False
2019-08-05,2.76,2.75,2.72038881195406,49089.9233207,4309.11036291,4548.10263973,,,,,,,False,False,False,False,False
2019-08-06,2.75,2.75,2.72038881195406,48945.60570476,3994.90092664,4309.11036291,,,,,,,False,False,False,False,False
2019-08-07,2.75,2.75,2.71941951505582,48796.62125531,4031.19525809,3994.90092664,,,,,,,False,False,False,False,False
2019-08-08,2.75,2.75,2.7114947230254,48920.62969911,3894.81332783,4031.19525809,,,,,,,False,False,False,False,False
2019-08-09,2.5,2.5,2.69697017304692,45584.27075059,3568.87036301,3894.81332783,,,,,,,False,False,False,False,False
2019-08-12,2.5,2.5,2.68248812180656,45662.55107972,4005.32827455,3568.87036301,,,,,,,False,False,False,False,False
2019-08-13,2.5,2.5,2.66660793574159,45461.8084297,3504.53510165,4005.32827455,,,,,,,False,False,False,False,False
2019-08-14,2.5,2.5,2.65437133059676,45763.67108362,2614.90133072,3504.53510165,,,,,,,False,False,False,False,False
2019-08-15,2.5,2.5,2.64820014763401,46193.08573721,1901.33361522,2614.90133072,,,,,,,False,False,False,False,False
2019-08-16,2.5,2.5,2.64591616316945,46336.1073526,1127.93305291,1901.33361522,,,,,,,False,False,False,False,False
2019-08-19,2.5,2.5,2.6448533428335,47109.12769544,1462.19860605,1127.93305291,,,,,,,False,False,False,False,False
2019-08-20,2.5,2.5,2.6448533428335,47356.23051509,1087.23370247,1462.19860605,,,,,,,False,False,False,False,False
2019-08-21,2.5,2.5,2.64403716780736,48113.63720055,1173.95155444,1087.23370247,,,,,,,False,False,False,False,False
2019-08-22,2.5,2.5,2.64296109657377,48348.4787359,1542.5816537,1173.95155444,,,,,,,False,False,False,False,False
2019-08-23,2.5,2.5,2.64296109657377,48344.89599177,1402.39043521,1542.5816537,,,,,,,False,False,False,False,False
2019-08-26,2.5,2.5,2.64188893909445,48153.94962168,1288.31516155,1402.39043521,,,,,,,False,False,False,False,False
2019-08-27,2.5,2.5,2.64188893909445,47467.92930847,999.39662556,1288.31516155,,,,,,,False,False,False,False,False
2019-08-28,2.5,2.5,2.64102478809585,46461.77441576,801.42613451,999.39662556,,,,,,,False,False,False,False,False
2019-08-29,2.5,2.5,2.64071520748349,46461.77441576,801.42613451,801.42613451,,interpolacion_lineal,interpolacion_lineal,interpolacion_lineal,forward_fill_max5,forward_fill_max5,False,False,False,False,False
2019-08-30,2.5,2.5,2.64040562687113,46461.77441576,801.42613451,801.42613451,,interpolacion_lineal,interpolacion_lineal,interpolacion_lineal,forward_fill_max5,forward_fill_max5,False,False,False,False,False
2019-09-02,2.5,2.5,2.64009604625877,46842.59135842,4693.31760315,801.42613451,,,,,,,False,False,False,False,False
2019-09-03,2.5,2.5,2.64094454471686,46845.84318329,4930.8776036,4693.31760315,,,,,,,False,False,False,False,False
2019-09-04,2.51,2.5,2.63986078284455,46541.79885056,4315.39775289,4930.8776036,,,,,,,False,False,False,False,False
2019-09-05,2.5,2.5,2.63863661884554,46158.68786893,4531.99821223,4315.39775289,,,,,,,False,False,False,False,False
2019-09-06,2.51,2.5,2.63863661884554,46101.48215561,4443.19981882,4531.99821223,,,,,,,False,False,False,False,False
2019-09-09,2.5,2.5,2.63799089503138,46556.02278546,3066.15037804,4443.19981882,,,,,,,False,False,False,False,False
2019-09-10,2.51,2.5,2.63799089503138,46026.05210887,3710.82273135,3066.15037804,,,,,,,False,False,False,False,False
2019-09-11,2.51,2.5,2.63169610626985,45640.68799348,2934.01058304,3710.82273135,,,,,,,False,False,False,False,False
2019-09-12,2.51,2.5,2.63190922397902,45456.49089712,2516.98912302,2934.01058304,,,,,,,False,False,False,False,False
2019-09-13,2.5,2.5,2.62033624491752,45647.63587397,2740.3903684,2516.98912302,,,,,,,False,False,False,False,False
2019-09-16,2.51,2.5,2.61913748530639,46144.85210247,2430.58854146,2740.3903684,,,,,,,False,False,False,False,False
2019-09-17,2.5,2.5,2.61913748530639,46406.35244203,2414.97045187,2430.58854146,,,,,,,False,False,False,False,False
2019-09-18,2.5,2.5,2.61913748530639,46949.2890567,1831.28098711,2414.97045187,,,,,,,False,False,False,False,False
2019-09-19,2.51,2.5,2.61789753373541,47345.86804181,1770.48061406,1831.28098711,,,,,,,False,False,False,False,False
2019-09-20,2.5,2.5,2.63986078284455,47448.25607701,1385.87200997,1770.48061406,,,,,,,False,False,False,False,False
2019-09-23,2.5,2.5,2.61735015590836,48147.8029312,1551.09022554,1385.87200997,,,,,,,False,False,False,False,False
2019-09-24,2.5,2.5,2.61735015590836,48017.98753222,1144.82937093,1551.09022554,,,,,,,False,False,False,False,False
2019-09-25,2.5,2.5,2.61711193243924,47680.37772677,1319.52531691,1144.82937093,,,,,,,False,False,False,False,False
2019-09-26,2.5,2.5,2.61684280579637,47168.34946401,949.11976829,1319.52531691,,,,,,,False,False,False,False,False
2019-09-27,2.5,2.5,2.61684280579637,46693.88846166,867.80899522,949.11976829,,,,,,,False,False,False,False,False
2019-09-30,2.5,2.5,2.61646967847031,46725.89340065,542.30346431,867.80899522,,,,,,,False,False,False,False,False
2019-10-01,2.5,2.5,2.61646967847031,46355.29240213,4599.20238081,542.30346431,,,,,,,False,False,False,False,False
2019-10-02,2.5,2.5,2.61339289809195,46161.28698668,4504.97241035,4599.20238081,,,,,,,False,False,False,False,False
2019-10-03,2.5,2.5,2.61290589708131,45733.55435373,4650.30261656,4504.97241035,,,,,,,False,False,False,False,False
2019-10-04,2.5,2.5,2.61290589708131,45499.65649678,4171.40250891,4650.30261656,,,,,,,False,False,False,False,False
2019-10-07,2.5,2.5,2.61250062989159,45393.07408229,4316.77859973,4171.40250891,,,,,,,False,False,False,False,False
2019-10-08,2.5,2.5,2.612356575172125,45393.07408229,4316.77859973,4316.77859973,,interpolacion_lineal,interpolacion_lineal,interpolacion_lineal,forward_fill_max5,forward_fill_max5,False,False,False,False,False
2019-10-09,2.5,2.5,2.61221252045266,45399.54311323,3963.70862664,4316.77859973,,,,,,,False,False,False,False,False
2019-10-10,2.5,2.5,2.60823906600198,45643.0399815,3763.87480313,3963.70862664,,,,,,,False,False,False,False,False
2019-10-11,2.5,2.5,2.6032054137159,45649.92217765,2972.59738146,3763.87480313,,,,,,,False,False,False,False,False
2019-10-14,2.5,2.5,2.59387333738519,45495.63644317,2786.73799808,2972.59738146,,,,,,,False,False,False,False,False
2019-10-15,2.51,2.5,2.58716803020545,45550.11600996,3055.23332854,2786.73799808,,,,,,,False,False,False,False,False
2019-10-16,2.5,2.5,2.58678997026142,45950.32731324,2333.59078411,3055.23332854,,,,,,,False,False,False,False,False
2019-10-17,2.5,2.5,2.58629088664515,46042.46868065,1717.83673989,2333.59078411,,,,,,,False,False,False,False,False
2019-10-18,2.51,2.5,2.58629088664515,46983.64845323,1710.50219629,1717.83673989,,,,,,,False,False,False,False,False
2019-10-21,2.5,2.5,2.58590815437439,48006.41758807,1289.35706127,1710.50219629,,,,,,,False,False,False,False,False
2019-10-22,2.5,2.5,2.58590815437439,48249.43200072,1298.51209513,1289.35706127,,,,,,,False,False,False,False,False
2019-10-23,2.5,2.5,2.58556401650936,48396.68053055,1124.26064165,1298.51209513,,,,,,,False,False,False,False,False
2019-10-24,2.58,2.5,2.58508403230302,48124.08477194,877.98074222,1124.26064165,,,,,,,False,False,False,False,False
2019-10-25,2.51,2.5,2.58508403230302,47756.11967028,694.15551159,877.98074222,,,,,,,False,False,False,False,False
2019-10-28,2.5,2.5,2.58471420336545,47084.62739442,942.69362725,694.15551159,,,,,,,False,False,False,False,False
2019-10-29,2.5,2.5,2.58471420336545,46571.90124126,829.27014072,942.69362725,,,,,,,False,False,False,False,False
2019-10-30,2.5,2.5,2.58451715811679,45859.81682487,1085.15968692,829.27014072,,,,,,,False,False,False,False,False
2019-10-31,2.5,2.5,2.58417397533816,45859.81682487,1085.15968692,1085.15968692,,interpolacion_lineal,interpolacion_lineal,interpolacion_lineal,forward_fill_max5,forward_fill_max5,False,False,False,False,False
2019-11-01,2.5,2.5,2.58383079255953,45859.81682487,1085.15968692,1085.15968692,,interpolacion_lineal,interpolacion_lineal,interpolacion_lineal,forward_fill_max5,forward_fill_max5,False,False,False,False,False
2019-11-04,2.5,2.5,2.5834876097809,45773.50185461,4903.70542402,1085.15968692,,,,,,,False,False,False,False,False
2019-11-05,2.5,2.5,2.5834876097809,45385.72407467,4965.45379248,4903.70542402,,,,,,,False,False,False,False,False
2019-11-06,2.5,2.5,2.58329084092955,45143.20748675,5071.89143846,4965.45379248,,,,,,,False,False,False,False,False
2019-11-07,2.5,2.5,2.56087072959183,44819.24657499,5060.63837463,5071.89143846,,,,,,,False,False,False,False,False
2019-11-08,2.26,2.25,2.55335181599478,45201.13998279,4720.12182739,5060.63837463,,,,,,,False,False,False,False,False
2019-11-11,2.25,2.25,2.54621766748621,45277.31065025,4355.1788174,4720.12182739,,,,,,,False,False,False,False,False
2019-11-12,2.25,2.25,2.53816063146958,45130.25944164,3935.46426322,4355.1788174,,,,,,,False,False,False,False,False
2019-11-13,2.25,2.25,2.52996710202403,44648.43917851,3602.27317569,3935.46426322,,,,,,,False,False,False,False,False
2019-11-14,2.25,2.25,2.52377642395297,43979.59301963,3165.63297538,3602.27317569,,,,,,,False,False,False,False,False
2019-11-15,2.25,2.25,2.52081178027745,44056.58325319,2563.83608948,3165.63297538,,,,,,,False,False,False,False,False
2019-11-18,2.25,2.25,2.52045811560213,44493.29465613,2188.4046113,2563.83608948,,,,,,,False,False,False,False,False
2019-11-19,2.25,2.25,2.52045811560213,44916.0793732,1927.06193523,2188.4046113,,,,,,,False,False,False,False,False
2019-11-20,2.25,2.25,2.52026630200376,45750.25521116,1273.99434924,1927.06193523,,,,,,,False,False,False,False,False
2019-11-21,2.25,2.25,2.51994408089369,46366.46439712,819.05938847,1273.99434924,,,,,,,False,False,False,False,False
2019-11-22,2.25,2.25,2.51994408089369,46391.69539595,720.05431923,819.05938847,,,,,,,False,False,False,False,False
2019-11-25,2.25,2.25,2.5195823038089,46406.56983823,718.51924706,720.05431923,,,,,,,False,False,False,False,False
2019-11-26,2.25,2.25,2.5195823038089,46316.43685209,645.30073869,718.51924706,,,,,,,False,False,False,False,False
2019-11-27,2.26,2.25,2.51926141656363,46075.66763412,949.81054661,645.30073869,,,,,,,False,False,False,False,False
2019-11-28,2.26,2.25,2.51893114230601,46110.45757301,759.18810983,949.81054661,,,,,,,False,False,False,False,False
2019-11-29,2.25,2.25,2.51893114230601,45964.43392205,687.0012762,759.18810983,,,,,,,False,False,False,False,False
2019-12-02,2.25,2.25,2.51855142641753,45473.15662193,4315.06234451,687.0012762,,,,,,,False,False,False,False,False
2019-12-03,2.26,2.25,2.50122969725424,45819.70773499,4767.03594978,4315.06234451,,,,,,,False,False,False,False,False
2019-12-04,2.25,2.25,2.5009415790269,45979.04811945,4663.9881065,4767.03594978,,,,,,,False,False,False,False,False
2019-12-05,2.25,2.25,2.50062223808741,45759.08969837,4529.08299237,4663.9881065,,,,,,,False,False,False,False,False
2019-12-06,2.25,2.25,2.50062223808741,45457.78729688,4592.48532452,4529.08299237,,,,,,,False,False,False,False,False
2019-12-09,2.25,2.25,2.50023870042994,45321.66142598,4836.97464112,4592.48532452,,,,,,,False,False,False,False,False
2019-12-10,2.25,2.25,2.50023870042994,45200.51991931,4442.67192455,4836.97464112,,,,,,,False,False,False,False,False
2019-12-11,2.25,2.25,2.49995254782956,44984.35535043,4495.75250005,4442.67192455,,,,,,,False,False,False,False,False
2019-12-12,2.25,2.25,2.49988701645892,44851.86772197,4023.86774879,4495.75250005,,,,,,,False,False,False,False,False
2019-12-13,2.25,2.25,2.49988701645892,44543.52738593,3360.08622425,4023.86774879,,,,,,,False,False,False,False,False
2019-12-16,2.25,2.25,2.49947245766689,45033.24401988,2261.77301883,3360.08622425,,,,,,,False,False,False,False,False
2019-12-17,2.24,2.25,2.49947245766689,45980.0260128,1672.3630074,2261.77301883,,,,,,,False,False,False,False,False
2019-12-18,2.25,2.25,2.49917561601468,46271.09440178,1961.77762313,1672.3630074,,,,,,,False,False,False,False,False
2019-12-19,2.25,2.25,2.49882635312571,46809.39099127,1853.26465818,1961.77762313,,,,,,,False,False,False,False,False
2019-12-20,2.25,2.25,2.49882635312571,46995.84128594,1348.62522964,1853.26465818,,,,,,,False,False,False,False,False
2019-12-23,2.25,2.25,2.4984050452786,47810.29698592,1434.54423365,1348.62522964,,,,,,,False,False,False,False,False
2019-12-24,2.25,2.25,2.4984050452786,47680.05899478,1705.28879671,1434.54423365,,,,,,,False,False,False,False,False
2019-12-25,2.25,2.25,2.49818354584578,47680.05899478,1705.28879671,1705.28879671,,interpolacion_lineal,interpolacion_lineal,interpolacion_lineal,forward_fill_max5,forward_fill_max5,False,False,False,False,False
2019-12-26,2.25,2.25,2.49796204641296,46718.71382994,990.93673639,1705.28879671,,,,,,,False,False,False,False,False
2019-12-27,2.25,2.25,2.49796204641296,46363.42276952,963.79381104,990.93673639,,,,,,,False,False,False,False,False
2019-12-30,2.25,2.25,2.49749883142971,46466.21880936,570.07937654,963.79381104,,,,,,,False,False,False,False,False
2019-12-31,2.25,2.25,2.49749883142971,45668.5994708,1331.8487615,570.07937654,,,,,,,False,False,False,False,False
2020-01-01,2.25,2.25,2.63589375696082,45668.5994708,1331.8487615,1331.8487615,,interpolacion_lineal,interpolacion_lineal,interpolacion_lineal,forward_fill_max5,forward_fill_max5,False,False,False,False,False
2020-01-02,2.25,2.25,2.77428868249193,45473.36140134,4414.85840783,1331.8487615,,,,,,,False,False,False,False,False
2020-01-03,2.25,2.25,2.78859981947295,44917.30539343,4529.5987495,4414.85840783,,,,,,,False,False,False,False,False
2020-01-06,2.25,2.25,2.78859981947295,44329.51238905,4358.63909879,4529.5987495,,,,,,,False,False,False,False,False
2020-01-07,2.25,2.25,2.69827615868795,44505.46373012,4056.21095162,4358.63909879,,,,,,,False,False,False,False,False
2020-01-08,2.25,2.25,2.47312881670725,44538.98159673,4393.06039779,4056.21095162,,,,,,,False,False,False,False,False
2020-01-09,2.25,2.25,2.46628978739304,44713.5660169,4090.90622497,4393.06039779,,,,,,,False,False,False,False,False
2020-01-10,2.25,2.25,2.46366962658843,44738.15242789,3481.2856953,4090.90622497,,,,,,,False,False,False,False,False
2020-01-13,2.25,2.25,2.45875130601815,44386.23075955,3483.95675785,3481.2856953,,,,,,,False,False,False,False,False
2020-01-14,2.25,2.25,2.45122651081925,44071.34775055,3188.4966752,3483.95675785,,,,,,,False,False,False,False,False
2020-01-15,2.25,2.25,2.45087391990225,44194.83445618,1923.53516689,3188.4966752,,,,,,,False,False,False,False,False
2020-01-16,2.25,2.25,2.45088844190782,44484.37522323,2121.01104464,1923.53516689,,,,,,,False,False,False,False,False
2020-01-17,2.24,2.25,2.45088844190782,44855.10526228,1833.13813857,2121.01104464,,,,,,,False,False,False,False,False
2020-01-20,2.24,2.25,2.45088844190782,45562.64479887,1939.12645516,1833.13813857,,,,,,,False,False,False,False,False
2020-01-21,2.25,2.25,2.44990211762859,46615.12275773,1296.0512754,1939.12645516,,,,,,,False,False,False,False,False
2020-01-22,2.25,2.25,2.44958536462348,47417.90675859,1294.93822163,1296.0512754,,,,,,,False,False,False,False,False
2020-01-23,2.25,2.25,2.44942781721844,48062.99287889,1168.40370471,1294.93822163,,,,,,,False,False,False,False,False
2020-01-24,2.25,2.25,2.44942781721844,47947.54083372,1288.19601801,1168.40370471,,,,,,,False,False,False,False,False
2020-01-27,2.25,2.25,2.44887588380549,47161.16480578,1010.24502357,1288.19601801,,,,,,,False,False,False,False,False
2020-01-28,2.25,2.25,2.44852993415318,46918.04989496,1059.97719825,1010.24502357,,,,,,,False,False,False,False,False
2020-01-29,2.26,2.25,2.44821623586093,46835.1994133,962.41898309,1059.97719825,,,,,,,False,False,False,False,False
2020-01-30,2.25,2.25,2.4480501551498,46496.73788856,777.29451572,962.41898309,,,,,,,False,False,False,False,False
2020-01-31,2.25,2.25,2.4480501551498,46204.46964722,2133.18076048,777.29451572,,,,,,,False,False,False,False,False
2020-02-03,2.25,2.25,2.44766421540082,46240.06987641,3631.47229095,2133.18076048,,,,,,,False,False,False,False,False
2020-02-04,2.25,2.25,2.4276947225515,45900.74261344,4418.62892914,3631.47229095,,,,,,,False,False,False,False,False
2020-02-05,2.25,2.25,2.42710686484672,45822.95655429,4316.36465835,4418.62892914,,,,,,,False,False,False,False,False
2020-02-06,2.25,2.25,2.42364249853522,46103.07246461,4268.25564113,4316.36465835,,,,,,,False,False,False,False,False
2020-02-07,2.25,2.25,2.42364249853522,46062.89552064,4478.89823271,4268.25564113,,,,,,,False,False,False,False,False
2020-02-10,2.25,2.25,2.41911677425839,46268.19636748,3946.99904734,4478.89823271,,,,,,,False,False,False,False,False
2020-02-11,2.25,2.25,2.41855316881189,43728.70578213,5266.86320985,3946.99904734,,,,,,,False,False,False,False,False
2020-02-12,2.25,2.25,2.41126349781115,43459.90077227,3410.9932398,5266.86320985,,,,,,,False,False,False,False,False
2020-02-13,2.25,2.25,2.40158718163713,43111.38980288,3258.17015357,3410.9932398,,,,,,,False,False,False,False,False
2020-02-14,2.25,2.25,2.39546127007409,42999.26867619,2674.32760554,3258.17015357,,,,,,,False,False,False,False,False
2020-02-17,2.19,2.25,2.38648610759113,43148.37477161,2227.60244934,2674.32760554,,,,,,,False,False,False,False,False
2020-02-18,2.24,2.25,2.38016071579821,43466.38113078,2382.73014839,2227.60244934,,,,,,,False,False,False,False,False
2020-02-19,2.2,2.25,2.37486345654438,43791.94946648,1144.78148337,2382.73014839,,,,,,,False,False,False,False,False
2020-02-20,2.24,2.25,2.37248479296275,44053.37227508,1023.80696322,1144.78148337,,,,,,,False,False,False,False,False
2020-02-21,2.25,2.25,2.37248479296275,44898.58189909,812.91217696,1023.80696322,,,,,,,False,False,False,False,False
2020-02-24,2.25,2.25,2.3722489716928,45393.54757594,874.29931785,812.91217696,,,,,,,False,False,False,False,False
2020-02-25,2.25,2.25,2.37205247165715,45501.68957982,605.8308642,874.29931785,,,,,,,False,False,False,False,False
2020-02-26,2.25,2.25,2.37196312259043,45097.30455148,874.68427872,605.8308642,,,,,,,False,False,False,False,False
2020-02-27,2.25,2.25,2.37195152206169,44922.21904954,1335.57426383,874.68427872,,,,,,,False,False,False,False,False
2020-02-28,2.25,2.25,2.37195152206169,45054.88495132,723.01616853,1335.57426383,,,,,,,False,False,False,False,False
2020-03-02,2.25,2.25,2.37171713120729,45123.61704201,4973.58990634,723.01616853,,,,,,,False,False,False,False,False
2020-03-03,2.25,2.25,2.3539741509709,44996.07647344,5107.94564968,4973.58990634,,,,,,,False,False,False,False,False
2020-03-04,2.25,2.25,2.35370007992172,44772.82990223,4853.56284956,5107.94564968,,,,,,,False,False,False,False,False
2020-03-05,2.25,2.25,2.35386928703486,44582.46940637,4647.56831563,4853.56284956,,,,,,,False,False,False,False,False
2020-03-06,2.25,2.25,2.35386928703486,44458.2611968,4034.71861041,4647.56831563,,,,,,,False,False,False,False,False
2020-03-09,2.25,2.25,2.35328867434201,44883.84794102,4157.62545118,4034.71861041,,,,,,,False,False,False,False,False
2020-03-10,2.25,2.25,2.35275125546315,44924.22931871,3969.90258619,4157.62545118,,,,,,,False,False,False,False,False
2020-03-11,2.25,2.25,2.35250248317204,44626.11178269,3358.19665655,3969.90258619,,,,,,,False,False,False,False,False
2020-03-12,2.25,2.25,2.3523346803737,44165.08401052,2934.65889629,3358.19665655,,,,,,,False,False,False,False,False
2020-03-13,2.25,2.25,2.3523346803737,43960.54354988,3037.57647867,2934.65889629,,,,,,,False,False,False,False,False
2020-03-16,2.25,2.25,2.35196946863015,44231.66391336,2830.63182717,3037.57647867,,,,,,,False,False,False,False,False
2020-03-17,2.25,2.25,2.35193670441418,44512.19649792,2945.46869934,2830.63182717,,,,,,,False,False,False,False,False
2020-03-18,2.25,2.25,2.35186466922076,44878.3384174,4609.26747579,2945.46869934,,,,,,,False,False,False,False,False
2020-03-19,2.25,2.25,2.35186447996996,45261.44363229,5241.44294043,4609.26747579,,,,,,,False,False,False,False,False
2020-03-20,1.25,1.25,2.35186447996996,45229.3336223,2436.19129115,5241.44294043,,,,,,,False,False,False,False,False
2020-03-23,1.25,1.25,2.35148168854526,45769.4056044,1578.06999064,2436.19129115,,,,,,,False,False,False,False,False
2020-03-24,1.25,1.25,2.3512954619844,45887.03410599,1145.70466955,1578.06999064,,,,,,,False,False,False,False,False
2020-03-25,1.25,1.25,2.3512954619844,45516.18914653,1105.00025176,1145.70466955,,,,,,,False,False,False,False,False
2020-03-26,1.25,1.25,2.3512954619844,45407.14723056,689.62534236,1105.00025176,,,,,,,False,False,False,False,False
2020-03-27,1.25,1.25,2.3512954619844,45296.15203511,829.27947569,689.62534236,,,,,,,False,False,False,False,False
2020-03-30,1.25,1.25,2.35074222943516,45219.00313169,1053.33625253,829.27947569,,,,,,,False,False,False,False,False
2020-03-31,1.25,1.25,2.35026556153751,44857.60469034,717.11150385,1053.33625253,,,,,,,False,False,False,False,False
2020-04-01,1.25,1.25,2.35026556153751,44877.72497834,4373.57928255,717.11150385,,,,,,,False,False,False,False,False
2020-04-02,1.25,1.25,2.34086674090456,44899.17985739,5223.62838614,4373.57928255,,,,,,,False,False,False,False,False
2020-04-03,1.25,1.25,2.34086674090456,44489.87857181,5542.30641308,5223.62838614,,,,,,,False,False,False,False,False
2020-04-06,1.25,1.25,2.34086674090456,43926.86661034,5067.8065319,5542.30641308,,,,,,,False,False,False,False,False
2020-04-07,1.17,1.25,2.34224610299916,43624.43362992,3213.54756141,5067.8065319,,,,,,,False,False,False,False,False
2020-04-08,1.04,1.25,2.34224610299916,43981.32521387,1733.55568146,3213.54756141,,,,,,,False,False,False,False,False
2020-04-09,0.76,0.9166666666666667,2.34224610299916,43981.32521387,1733.55568146,1733.55568146,,interpolacion_lineal,interpolacion_lineal,interpolacion_lineal,forward_fill_max5,forward_fill_max5,False,False,False,False,False
2020-04-10,0.48,0.5833333333333334,2.34224610299916,43981.32521387,1733.55568146,1733.55568146,,interpolacion_lineal,interpolacion_lineal,interpolacion_lineal,forward_fill_max5,forward_fill_max5,False,False,False,False,False
2020-04-13,0.2,0.25,2.34224610299916,44329.88333736,1764.25859872,1733.55568146,,,,,,,False,False,False,False,False
2020-04-14,0.25,0.25,2.34224610299916,44345.61442897,1284.85627828,1764.25859872,,,,,,,False,False,False,False,False
2020-04-15,0.25,0.25,2.34224610299916,44356.87154544,1150.60818647,1284.85627828,,,,,,,False,False,False,False,False
2020-04-16,0.24,0.25,2.34224610299916,43746.87885042,791.58260078,1150.60818647,,,,,,,False,False,False,False,False
2020-04-17,0.21,0.25,2.34224610299916,43545.11333355,537.95211523,791.58260078,,,,,,,False,False,False,False,False
2020-04-20,0.21,0.25,2.34224610299916,43702.35128599,819.63747156,537.95211523,,,,,,,False,False,False,False,False
2020-04-21,0.23,0.25,2.34224610299916,44365.68028832,1039.36795472,819.63747156,,,,,,,False,False,False,False,False
2020-04-22,0.23,0.25,2.34224610299916,44496.28410061,1045.00866519,1039.36795472,,,,,,,False,False,False,False,False
2020-04-23,0.25,0.25,2.34224610299916,44688.10072984,805.48188812,1045.00866519,,,,,,,False,False,False,False,False
2020-04-24,0.25,0.25,2.34224610299916,44766.87230143,480.61658526,805.48188812,,,,,,,False,False,False,False,False
2020-04-27,0.25,0.25,2.34224610299916,44566.3227374,1375.3372899,480.61658526,,,,,,,False,False,False,False,False
2020-04-28,0.25,0.25,2.34224610299916,44245.22943756,1030.73370756,1375.3372899,,,,,,,False,False,False,False,False
2020-04-29,0.25,0.25,2.34224610299916,43679.35989475,574.57517798,1030.73370756,,,,,,,False,False,False,False,False
2020-04-30,0.25,0.25,2.34224610299916,42634.32983817,2134.70177462,574.57517798,,,,,,,False,False,False,False,False
2020-05-01,0.305,0.25,2.34224610299916,42634.32983817,2134.70177462,2134.70177462,,interpolacion_lineal,interpolacion_lineal,interpolacion_lineal,forward_fill_max5,forward_fill_max5,False,False,False,False,False
2020-05-04,0.36,0.25,2.34224610299916,42548.07704624,7560.03625313,2134.70177462,,,,,,,False,False,False,False,False
2020-05-05,0.25,0.25,2.31668414448436,42313.95534245,6279.0,7560.03625313,,,,,,,False,False,False,False,False
2020-05-06,0.24,0.25,2.31668414448436,41855.3566332,5422.04918834,6279.0,,,,,,,False,False,False,False,False
2020-05-07,0.2,0.25,2.31791466228304,41287.71565169,6317.62130128,5422.04918834,,,,,,,False,False,False,False,False
2020-05-08,0.26,0.25,2.31372218804227,43676.43872359,2134.75190853,6317.62130128,,,,,,,False,False,False,False,False
2020-05-11,0.26,0.25,2.30534774948675,43714.5011285,2983.49272427,2134.75190853,,,,,,,False,False,False,False,False
2020-05-12,0.25,0.25,2.2999407592042,43625.38397442,2061.07783649,2983.49272427,,,,,,,False,False,False,False,False
2020-05-13,0.2,0.25,2.28336466457053,43195.57223381,2073.88827874,2061.07783649,,,,,,,False,False,False,False,False
2020-05-14,0.21,0.25,2.25915692063451,42984.41642463,2745.04291109,2073.88827874,,,,,,,False,False,False,False,False
2020-05-15,0.24,0.25,2.2278141443867,42610.45034072,2088.6690652,2745.04291109,,,,,,,False,False,False,False,False
2020-05-18,0.2,0.25,2.20856249699569,42169.83935685,2291.871773,2088.6690652,,,,,,,False,False,False,False,False
2020-05-19,0.2,0.25,2.17848911788159,42104.80778968,1613.02073983,2291.871773,,,,,,,False,False,False,False,False
2020-05-20,0.21,0.25,2.14225471262797,42241.15777873,1750.18196216,1613.02073983,,,,,,,False,False,False,False,False
2020-05-21,0.21,0.25,2.11442673184508,42549.95133393,1079.500044,1750.18196216,,,,,,,False,False,False,False,False
2020-05-22,0.25,0.25,2.08733005232406,42218.75714897,1257.17975489,1079.500044,,,,,,,False,False,False,False,False
2020-05-25,0.25,0.25,2.06527779055027,42214.4424227,1228.62573066,1257.17975489,,,,,,,False,False,False,False,False
2020-05-26,0.25,0.25,2.04602256756444,41867.12862636,1073.8436923,1228.62573066,,,,,,,False,False,False,False,False
2020-05-27,0.25,0.25,2.03105423770864,41288.72907896,571.13917572,1073.8436923,,,,,,,False,False,False,False,False
2020-05-28,0.25,0.25,2.01649701951489,40965.13260445,692.5749558,571.13917572,,,,,,,False,False,False,False,False
2020-05-29,0.25,0.25,2.00363894311487,40973.4693536,624.90238092,692.5749558,,,,,,,False,False,False,False,False
2020-06-01,0.25,0.25,1.99062441810687,40517.22731678,9321.24308681,624.90238092,,,,,,,False,False,False,False,False
2020-06-02,0.25,0.25,1.97752722371937,40110.79061743,7913.78223652,9321.24308681,,,,,,,False,False,False,False,False
2020-06-03,0.25,0.25,1.96054301078197,40454.53123125,6364.78170345,7913.78223652,,,,,,,False,False,False,False,False
2020-06-04,0.25,0.25,1.90010384976571,40271.77988797,4641.38987329,6364.78170345,,,,,,,False,False,False,False,False
2020-06-05,0.24,0.25,1.87970508504007,39926.74031172,3578.62936377,4641.38987329,,,,,,,False,False,False,False,False
2020-06-08,0.25,0.25,1.87609953035264,39936.89471815,3828.54747337,3578.62936377,,,,,,,False,False,False,False,False
2020-06-09,0.25,0.25,1.85975111465716,39962.31599406,1249.92222662,3828.54747337,,,,,,,False,False,False,False,False
2020-06-10,0.22,0.25,1.84545684375712,39842.57546293,1890.71411044,1249.92222662,,,,,,,False,False,False,False,False
2020-06-11,0.19,0.25,1.82444310056861,39836.42646393,1730.94227759,1890.71411044,,,,,,,False,False,False,False,False
2020-06-12,0.15,0.25,1.81729169649275,39413.35158564,4029.93744513,1730.94227759,,,,,,,False,False,False,False,False
2020-06-15,0.19,0.25,1.83255502270983,39277.42716805,4416.57026211,4029.93744513,,,,,,,False,False,False,False,False
2020-06-16,0.19,0.25,1.80825961491538,40086.95429763,3210.40909025,4416.57026211,,,,,,,False,False,False,False,False
2020-06-17,0.19,0.25,1.78823120872088,40114.11906056,3614.39639753,3210.40909025,,,,,,,False,False,False,False,False
2020-06-18,0.17,0.25,1.78105790723581,40145.50795399,3128.30730635,3614.39639753,,,,,,,False,False,False,False,False
2020-06-19,0.14,0.25,1.79685346088627,40219.44950463,2902.12606355,3128.30730635,,,,,,,False,False,False,False,False
2020-06-22,0.25,0.25,1.790966375678,40185.16290866,3871.08494153,2902.12606355,,,,,,,False,False,False,False,False
2020-06-23,0.19,0.25,1.7741679376827,39924.72385088,4480.88922546,3871.08494153,,,,,,,False,False,False,False,False
2020-06-24,0.19,0.25,1.76260078763093,39739.23332556,3533.7665402,4480.88922546,,,,,,,False,False,False,False,False
2020-06-25,0.16,0.25,1.75050885729363,39446.08367844,3674.50246431,3533.7665402,,,,,,,False,False,False,False,False
2020-06-26,0.19,0.25,1.77431578620878,44647.598844,3746.76697392,3674.50246431,,,,,,,False,False,False,False,False
2020-06-29,0.195,0.25,1.76221370049066,44647.598844,3746.76697392,3746.76697392,,interpolacion_lineal,interpolacion_lineal,interpolacion_lineal,forward_fill_max5,forward_fill_max5,False,False,False,False,False
2020-06-30,0.2,0.25,1.75011161477254,45496.42065196,4098.72530567,3746.76697392,,,,,,,False,False,False,False,False
2020-07-01,0.25,0.25,1.74820844513374,45317.22323459,6250.34813812,4098.72530567,,,,,,,False,False,False,False,False
2020-07-02,0.25,0.25,1.68412978186026,44856.39804316,6667.51341116,6250.34813812,,,,,,,False,False,False,False,False
2020-07-03,0.24,0.25,1.66524896058422,44461.6970842,5178.33919634,6667.51341116,,,,,,,False,False,False,False,False
2020-07-06,0.24,0.25,1.64778986419198,44009.55269302,5550.18902636,5178.33919634,,,,,,,False,False,False,False,False
2020-07-07,0.24,0.25,1.67666193644468,44161.8442133,3868.10581755,5550.18902636,,,,,,,False,False,False,False,False
2020-07-08,0.24,0.25,1.65865099330109,45381.12789459,4617.65944957,3868.10581755,,,,,,,False,False,False,False,False
2020-07-09,0.24,0.25,1.64299485474511,44907.23523165,3966.42118216,4617.65944957,,,,,,,False,False,False,False,False
2020-07-10,0.2,0.25,1.6210996189389,44533.7257299,3147.81932711,3966.42118216,,,,,,,False,False,False,False,False
2020-07-13,0.23,0.25,1.60685662387667,44531.56090785,3048.88114021,3147.81932711,,,,,,,False,False,False,False,False
2020-07-14,0.22,0.25,1.63664325346143,45168.11422082,1738.73138863,3048.88114021,,,,,,,False,False,False,False,False
2020-07-15,0.23,0.25,1.61779360500216,45349.84759489,2631.74510079,1738.73138863,,,,,,,False,False,False,False,False
2020-07-16,0.22,0.25,1.60281299928128,45369.41352758,2118.72205597,2631.74510079,,,,,,,False,False,False,False,False
2020-07-17,0.23,0.25,1.58950758157866,45175.55519605,2945.6,2118.72205597,,,,,,,False,False,False,False,False
2020-07-20,0.24,0.25,1.5771417547493,45340.2059096,1327.27279439,2945.6,,,,,,,False,False,False,False,False
2020-07-21,0.24,0.25,1.61741045035156,45565.36560665,1509.8,1327.27279439,,,,,,,False,False,False,False,False
2020-07-22,0.24,0.25,1.60216491405914,45471.0119601,2357.39298774,1509.8,,,,,,,False,False,False,False,False
2020-07-23,0.25,0.25,1.60106349209211,45752.67336357,2443.92404481,2357.39298774,,,,,,,False,False,False,False,False
2020-07-24,0.25,0.25,1.61385071014542,45161.80089725,2491.7,2443.92404481,,,,,,,False,False,False,False,False
2020-07-27,0.25,0.25,1.60093817488292,51032.78701719,2234.8,2491.7,,,,,,,False,False,False,False,False
2020-07-28,0.25,0.25,1.592578150285115,51032.78701719,2234.8,2234.8,,interpolacion_lineal,interpolacion_lineal,interpolacion_lineal,forward_fill_max5,forward_fill_max5,False,False,False,False,False
2020-07-29,0.25,0.25,1.58421812568731,50570.47341546,2705.77,2234.8,,,,,,,False,False,False,False,False
2020-07-30,0.25,0.25,1.59176531952108,50548.89285103,3144.5,2705.77,,,,,,,False,False,False,False,False
2020-07-31,0.25,0.25,1.57924374588768,50429.5467438,3192.6,3144.5,,,,,,,False,False,False,False,False
2020-08-03,0.25,0.25,1.58541759475721,50231.72064751,6406.1,3192.6,,,,,,,False,False,False,False,False
2020-08-04,0.25,0.25,1.50661692388328,49226.09327579,6611.13933513,6406.1,,,,,,,False,False,False,False,False
2020-08-05,0.25,0.25,1.48542492319258,51971.06354539,6388.9,6611.13933513,,,,,,,False,False,False,False,False
2020-08-06,0.25,0.25,1.41206690471938,52058.15054092,6650.9,6388.9,,,,,,,False,False,False,False,False
2020-08-07,0.24,0.25,1.37812465568404,53234.94300236,6154.9,6650.9,,,,,,,False,False,False,False,False
2020-08-10,0.25,0.25,1.39704336880697,52327.24052294,4553.6,6154.9,,,,,,,False,False,False,False,False
2020-08-11,0.25,0.25,1.35826979537708,48187.09752395,2099.5,4553.6,,,,,,,False,False,False,False,False
2020-08-12,0.16,0.25,1.32043656421377,48305.36217966,2834.9,2099.5,,,,,,,False,False,False,False,False
2020-08-13,0.23,0.25,1.32166418769333,48003.14585574,2782.210883,2834.9,,,,,,,False,False,False,False,False
2020-08-14,0.23,0.25,1.28063615933056,48070.24802036,2152.0,2782.210883,,,,,,,False,False,False,False,False
2020-08-17,0.25,0.25,1.25999108378525,48033.82467109,1595.8436785,2152.0,,,,,,,False,False,False,False,False
2020-08-18,0.25,0.25,1.2236801809137,48087.8861139,1911.6,1595.8436785,,,,,,,False,False,False,False,False
2020-08-19,0.25,0.25,1.19219143090609,50065.11561862,2008.0,1911.6,,,,,,,False,False,False,False,False
2020-08-20,0.25,0.25,1.20947717441291,53330.23487281,1579.9,2008.0,,,,,,,False,False,False,False,False
2020-08-21,0.25,0.25,1.19250818168012,60487.46827369,1565.2,1579.9,,,,,,,False,False,False,False,False
2020-08-24,0.25,0.25,1.18245283019711,60719.00337079,1431.6,1565.2,,,,,,,False,False,False,False,False
2020-08-25,0.25,0.25,1.17261088940354,61700.31042048,1567.4,1431.6,,,,,,,False,False,False,False,False
2020-08-26,0.25,0.25,1.16297563662655,62543.83211509,1776.6,1567.4,,,,,,,False,False,False,False,False
2020-08-27,0.25,0.25,1.1852286962133,65761.83185561,783.5,1776.6,,,,,,,False,False,False,False,False
2020-08-28,0.25,0.25,1.17533104051689,66302.3426593,987.4,783.5,,,,,,,False,False,False,False,False
2020-08-31,0.25,0.25,1.16744074547825,65911.78261124,794.0,987.4,,,,,,,False,False,False,False,False
2020-09-01,0.25,0.25,1.1614789054872,66263.03155773,4924.5,794.0,,,,,,,False,False,False,False,False
2020-09-02,0.25,0.25,1.08531323245067,66462.87685539,4510.8,4924.5,,,,,,,False,False,False,False,False
2020-09-03,0.25,0.25,1.09694370474773,66159.34578096,4240.5,4510.8,,,,,,,False,False,False,False,False
2020-09-04,0.25,0.25,1.07649514179367,64960.70407895,4082.2,4240.5,,,,,,,False,False,False,False,False
2020-09-07,0.25,0.25,1.05702070133513,64736.79260962,3448.4,4082.2,,,,,,,False,False,False,False,False
2020-09-08,0.09,0.25,1.0867475271231,64803.8094804,3743.0,3448.4,,,,,,,False,False,False,False,False
2020-09-09,0.22,0.25,1.05136260565067,64320.3110187,3108.9,3743.0,,,,,,,False,False,False,False,False
2020-09-10,0.21,0.25,1.03477179451253,64399.28540721,2031.8,3108.9,,,,,,,False,False,False,False,False
2020-09-11,0.25,0.25,1.01885504695381,64009.12595452,2155.3,2031.8,,,,,,,False,False,False,False,False
2020-09-14,0.25,0.25,1.02925875183157,64348.36197996,2044.5,2155.3,,,,,,,False,False,False,False,False
2020-09-15,0.25,0.25,1.04147255169257,64527.44939172,1722.4,2044.5,,,,,,,False,False,False,False,False
2020-09-16,0.25,0.25,1.03001491867854,64558.24984807,1521.6,1722.4,,,,,,,False,False,False,False,False
2020-09-17,0.25,0.25,1.04679815784102,64508.49261965,1583.23410747,1521.6,,,,,,,False,False,False,False,False
2020-09-18,0.25,0.25,1.03268084128252,64946.42533442,1333.3,1583.23410747,,,,,,,False,False,False,False,False
2020-09-21,0.25,0.25,1.06473720195184,65451.27979036,1299.7,1333.3,,,,,,,False,False,False,False,False
2020-09-22,0.25,0.25,1.05420256531217,65540.5206421,1100.1,1299.7,,,,,,,False,False,False,False,False
2020-09-23,0.25,0.25,1.04378657369893,65618.46976019,1343.3,1100.1,,,,,,,False,False,False,False,False
2020-09-24,0.25,0.25,1.05880916423921,65340.37892229,1966.6,1343.3,,,,,,,False,False,False,False,False
2020-09-25,0.25,0.25,1.04775353622551,64844.67311419,1234.9,1966.6,,,,,,,False,False,False,False,False
2020-09-28,0.25,0.25,1.05033691035798,64734.24543612,1007.5034174,1234.9,,,,,,,False,False,False,False,False
2020-09-29,0.25,0.25,1.04008217463813,64390.71264048,1065.2,1007.5034174,,,,,,,False,False,False,False,False
2020-09-30,0.25,0.25,1.03612819800066,64310.86723426,1190.9,1065.2,,,,,,,False,False,False,False,False
2020-10-01,0.25,0.25,1.03612819800066,64022.934599,5456.0,1190.9,,,,,,,False,False,False,False,False
2020-10-02,0.25,0.25,0.980512896747327,63638.23258637,4131.0,5456.0,,,,,,,False,False,False,False,False
2020-10-05,0.25,0.25,0.969428077498408,61383.23142588,4277.9,4131.0,,,,,,,False,False,False,False,False
2020-10-06,0.25,0.25,0.981187383115886,60871.61114002,3891.15067763,4277.9,,,,,,,False,False,False,False,False
2020-10-07,0.25,0.25,0.970594489649471,60618.69082763,3391.2,3891.15067763,,,,,,,False,False,False,False,False
2020-10-08,0.25,0.25,0.961222439240919,60244.25689537,3110.781202,3391.2,,,,,,,False,False,False,False,False
2020-10-09,0.25,0.25,0.979398534033233,59807.90786607,2509.6,3110.781202,,,,,,,False,False,False,False,False
2020-10-12,0.25,0.25,0.964016032427968,59844.60496389,2897.9,2509.6,,,,,,,False,False,False,False,False
2020-10-13,0.25,0.25,0.983892338007526,59473.62185095,2100.5,2897.9,,,,,,,False,False,False,False,False
2020-10-14,0.25,0.25,0.964279545683708,59222.17852092,2770.4,2100.5,,,,,,,False,False,False,False,False
2020-10-15,0.25,0.25,0.983387269648913,58986.12168596,3036.4,2770.4,,,,,,,False,False,False,False,False
2020-10-16,0.25,0.25,0.967327188336772,58928.98422613,2135.8,3036.4,,,,,,,False,False,False,False,False
2020-10-19,0.25,0.25,0.955483396661707,59349.55472245,1280.8132126,2135.8,,,,,,,False,False,False,False,False
2020-10-20,0.25,0.25,0.948478632717563,59561.23451547,1575.2,1280.8132126,,,,,,,False,False,False,False,False
2020-10-21,0.25,0.25,0.939924361808932,62003.16300123,1179.8,1575.2,,,,,,,False,False,False,False,False
2020-10-22,0.25,0.25,0.939446731782176,61799.54747984,1411.9,1179.8,,,,,,,False,False,False,False,False
2020-10-23,0.25,0.25,0.949356098578014,61415.09323395,1221.4,1411.9,,,,,,,False,False,False,False,False
2020-10-26,0.25,0.25,0.945922794498353,61737.64526748,869.6,1221.4,,,,,,,False,False,False,False,False
2020-10-27,0.25,0.25,0.942526593021604,61397.95797578,1138.2,869.6,,,,,,,False,False,False,False,False
2020-10-28,0.25,0.25,0.942629332835594,60455.52493142,1215.0,1138.2,,,,,,,False,False,False,False,False
2020-10-29,0.25,0.25,0.936381833877144,59695.5051921,1584.5,1215.0,,,,,,,False,False,False,False,False
2020-10-30,0.25,0.25,0.932315165626602,60052.31321219,1289.8,1584.5,,,,,,,False,False,False,False,False
2020-11-02,0.25,0.25,0.931855603834734,59699.61993479,5333.6667455,1289.8,,,,,,,False,False,False,False,False
2020-11-03,0.25,0.25,0.869412409883772,59196.1942562,6286.30171368,5333.6667455,,,,,,,False,False,False,False,False
2020-11-04,0.25,0.25,0.862391886333831,58877.78970205,5676.1,6286.30171368,,,,,,,False,False,False,False,False
2020-11-05,0.25,0.25,0.80521225150859,58567.72306755,5744.17047381,5676.1,,,,,,,False,False,False,False,False
2020-11-06,0.25,0.25,0.809767082987923,58531.78185432,4824.1,5744.17047381,,,,,,,False,False,False,False,False
2020-11-09,0.25,0.25,0.802672646937683,58439.69190259,3261.29351427,4824.1,,,,,,,False,False,False,False,False
2020-11-10,0.25,0.25,0.799169881131922,58096.59050031,4565.7,3261.29351427,,,,,,,False,False,False,False,False
2020-11-11,0.25,0.25,0.79215540758779,57621.72152011,2175.2,4565.7,,,,,,,False,False,False,False,False
2020-11-12,0.25,0.25,0.79895803047846,57358.62733639,2348.7,2175.2,,,,,,,False,False,False,False,False
2020-11-13,0.25,0.25,0.792149941907073,57217.10874446,2106.8,2348.7,,,,,,,False,False,False,False,False
2020-11-16,0.25,0.25,0.794114345524823,56963.23692632,1948.6,2106.8,,,,,,,False,False,False,False,False
2020-11-17,0.25,0.25,0.789330274500164,57074.98301168,1736.5,1948.6,,,,,,,False,False,False,False,False
2020-11-18,0.25,0.25,0.785452104852005,57086.90925971,1969.4,1736.5,,,,,,,False,False,False,False,False
2020-11-19,0.25,0.25,0.78293622866748,57459.02952335,1925.0,1969.4,,,,,,,False,False,False,False,False
2020-11-20,0.25,0.25,0.778204314909217,58303.47788063,1794.4,1925.0,,,,,,,False,False,False,False,False
2020-11-23,0.25,0.25,0.774546248080865,58446.86083755,1517.1,1794.4,,,,,,,False,False,False,False,False
2020-11-24,0.25,0.25,0.782723947922686,58465.19708278,1384.7,1517.1,,,,,,,False,False,False,False,False
2020-11-25,0.25,0.25,0.778879810070053,58034.76037702,1537.0,1384.7,,,,,,,False,False,False,False,False
2020-11-26,0.25,0.25,0.776430767291953,57406.35154346,812.2,1537.0,,,,,,,False,False,False,False,False
2020-11-27,0.25,0.25,0.771604115721814,56844.5829993,753.8,812.2,,,,,,,False,False,False,False,False
2020-11-30,0.25,0.25,0.769298383294179,56702.43158888,1108.7,753.8,,,,,,,False,False,False,False,False
2020-12-01,0.25,0.25,0.743831812512424,65668.34348174,5757.7,1108.7,,,,,,,False,False,False,False,False
2020-12-02,0.25,0.25,0.749721213975058,65663.28564502,5697.7,5757.7,,,,,,,False,False,False,False,False
2020-12-03,0.25,0.25,0.745456181356567,65169.22922039,5905.5,5697.7,,,,,,,False,False,False,False,False
2020-12-04,0.25,0.25,0.750007558221856,64580.18375918,3608.9,5905.5,,,,,,,False,False,False,False,False
2020-12-07,0.25,0.25,0.747402797605769,64233.55511511,2892.8,3608.9,,,,,,,False,False,False,False,False
2020-12-08,0.25,0.25,0.7496094697151365,64233.55511511,2892.8,2892.8,,interpolacion_lineal,interpolacion_lineal,interpolacion_lineal,forward_fill_max5,forward_fill_max5,False,False,False,False,False
2020-12-09,0.25,0.25,0.751816141824504,63990.59859984,3399.5,2892.8,,,,,,,False,False,False,False,False
2020-12-10,0.25,0.25,0.76473975185613,63031.98124591,3907.6,3399.5,,,,,,,False,False,False,False,False
2020-12-11,0.25,0.25,0.756981404489327,62131.78945183,3184.1,3907.6,,,,,,,False,False,False,False,False
2020-12-14,0.25,0.25,0.750985062721113,61348.97452274,2664.4,3184.1,,,,,,,False,False,False,False,False
2020-12-15,0.25,0.25,0.768160785473219,60629.2652026,2604.2,2664.4,,,,,,,False,False,False,False,False
2020-12-16,0.25,0.25,0.770491554404143,59905.03079171,2001.1,2604.2,,,,,,,False,False,False,False,False
2020-12-17,0.25,0.25,0.765630350532496,60125.60678342,2146.3,2001.1,,,,,,,False,False,False,False,False
2020-12-18,0.25,0.25,0.785452104852005,59852.37447105,2534.8,2146.3,,,,,,,False,False,False,False,False
2020-12-21,0.25,0.25,0.78293622866748,60137.7382424,1828.7,2534.8,,,,,,,False,False,False,False,False
2020-12-22,0.25,0.25,0.778204314909217,59396.24253633,1468.0,1828.7,,,,,,,False,False,False,False,False
2020-12-23,0.25,0.25,0.758599339424994,60963.70174576,1607.1,1468.0,,,,,,,False,False,False,False,False
2020-12-24,0.25,0.25,0.754961810813999,60892.9035957,1204.8,1607.1,,,,,,,False,False,False,False,False
2020-12-25,0.25,0.25,0.757466544070254,60892.9035957,1204.8,1204.8,,interpolacion_lineal,interpolacion_lineal,interpolacion_lineal,forward_fill_max5,forward_fill_max5,False,False,False,False,False
2020-12-28,0.25,0.25,0.759971277326509,60320.31098131,1299.1,1204.8,,,,,,,False,False,False,False,False
2020-12-29,0.25,0.25,0.750116548488803,59848.61665851,1024.8,1299.1,,,,,,,False,False,False,False,False
2020-12-30,0.25,0.25,0.741833984870444,59093.46608152,1920.6,1024.8,,,,,,,False,False,False,False,False
2020-12-31,0.25,0.25,0.741833984870444,58479.41043754,2250.3,1920.6,,,,,,,False,False,False,False,False
2021-01-01,0.25,0.25,0.7441709289757785,58479.41043754,2250.3,2250.3,,interpolacion_lineal,interpolacion_lineal,interpolacion_lineal,forward_fill_max5,forward_fill_max5,False,False,False,False,False
2021-01-04,0.25,0.25,0.746507873081113,57461.82710352,5449.2,2250.3,,,,,,,False,False,False,False,False
2021-01-05,0.25,0.25,0.67209154890099,57359.68144728,4379.6,5449.2,,,,,,,False,False,False,False,False
2021-01-06,0.25,0.25,0.664748004949855,56354.72751135,5253.8,4379.6,,,,,,,False,False,False,False,False
2021-01-07,0.25,0.25,0.663385020072456,55969.10861351,3735.3,5253.8,,,,,,,False,False,False,False,False
2021-01-08,0.25,0.25,0.663385020072456,55853.26262396,1997.9,3735.3,,,,,,,False,False,False,False,False
2021-01-11,0.25,0.25,0.663385020072456,54890.265022,2579.1,1997.9,,,,,,,False,False,False,False,False
2021-01-12,0.25,0.25,0.668477411603743,53920.3148071,2120.2,2579.1,,,,,,,False,False,False,False,False
2021-01-13,0.25,0.25,0.668477411603743,52986.04605894,2210.5,2120.2,,,,,,,False,False,False,False,False
2021-01-14,0.25,0.25,0.660549829249869,52133.8860147,2259.3,2210.5,,,,,,,False,False,False,False,False
2021-01-15,0.25,0.25,0.654633069061214,51480.87208399,2220.16173361,2259.3,,,,,,,False,False,False,False,False
2021-01-18,0.25,0.25,0.648397036651854,51567.27857396,2499.2,2220.16173361,,,,,,,False,False,False,False,False
2021-01-19,0.25,0.25,0.65186479949292,51304.8543253,1689.6,2499.2,,,,,,,False,False,False,False,False
2021-01-20,0.25,0.25,0.659682489162788,51406.93551656,2155.0,1689.6,,,,,,,False,False,False,False,False
2021-01-21,0.25,0.25,0.654252998257696,53103.41056883,1643.3,2155.0,,,,,,,False,False,False,False,False
2021-01-22,0.25,0.25,0.648976602415932,53382.59559497,1283.2,1643.3,,,,,,,False,False,False,False,False
2021-01-25,0.25,0.25,0.644263990525392,54230.14817565,1336.6,1283.2,,,,,,,False,False,False,False,False
2021-01-26,0.25,0.25,0.648315469655083,54703.83544348,1497.5,1336.6,,,,,,,False,False,False,False,False
2021-01-27,0.25,0.25,0.646363938353033,54442.4563764,1484.5,1497.5,,,,,,,False,False,False,False,False
2021-01-28,0.25,0.25,0.646827214761233,53433.92859145,1235.3,1484.5,,,,,,,False,False,False,False,False
2021-01-29,0.25,0.25,0.646827214761233,52947.99777951,1261.9,1235.3,,,,,,,False,False,False,False,False
2021-02-01,0.25,0.25,0.64309601134324,52641.82240024,4839.9,1261.9,,,,,,,False,False,False,False,False
2021-02-02,0.25,0.25,0.575043740763676,51889.19830901,3919.0,4839.9,,,,,,,False,False,False,False,False
2021-02-03,0.25,0.25,0.572185489910578,51459.60697096,3543.4,3919.0,,,,,,,False,False,False,False,False
2021-02-04,0.25,0.25,0.511920508374787,51041.73933012,4135.8,3543.4,,,,,,,False,False,False,False,False
2021-02-05,0.25,0.25,0.517823710688808,51133.17083789,3019.4,4135.8,,,,,,,False,False,False,False,False
2021-02-08,0.25,0.25,0.514349298875885,51814.61017265,2467.3,3019.4,,,,,,,False,False,False,False,False
2021-02-09,0.25,0.25,0.487652995994042,51770.11378001,2570.44059618,2467.3,,,,,,,False,False,False,False,False
2021-02-10,0.25,0.25,0.488915526071867,51644.52993583,2826.3,2570.44059618,,,,,,,False,False,False,False,False
2021-02-11,0.25,0.25,0.486213125847982,51443.36486611,2537.4,2826.3,,,,,,,False,False,False,False,False
2021-02-12,0.25,0.25,0.486066506085617,52344.90105853,3107.6,2537.4,,,,,,,False,False,False,False,False
2021-02-15,0.25,0.25,0.481470651081268,52579.27898251,1353.9,3107.6,,,,,,,False,False,False,False,False
2021-02-16,0.25,0.25,0.489541535644733,52436.32352238,1621.9,1353.9,,,,,,,False,False,False,False,False
2021-02-17,0.25,0.25,0.488577151731825,52390.02003936,1632.8,1621.9,,,,,,,False,False,False,False,False
2021-02-18,0.25,0.25,0.485356832977649,53127.40514133,2035.6,1632.8,,,,,,,False,False,False,False,False
2021-02-19,0.25,0.25,0.482994115757566,53532.32306457,1282.7,2035.6,,,,,,,False,False,False,False,False
2021-02-22,0.25,0.25,0.481600921575467,54274.10908316,1298.7,1282.7,,,,,,,False,False,False,False,False
2021-02-23,0.25,0.25,0.489493432357621,53735.50244141,1491.8,1298.7,,,,,,,False,False,False,False,False
2021-02-24,0.25,0.25,0.485927458411183,53330.10089087,1205.0,1491.8,,,,,,,False,False,False,False,False
2021-02-25,0.25,0.25,0.486612084582335,53170.11358222,1658.1,1205.0,,,,,,,False,False,False,False,False
2021-02-26,0.25,0.25,0.486612084582335,53213.3906,1020.81766448,1658.1,,,,,,,False,False,False,False,False
2021-03-01,0.25,0.25,0.483353353393769,53233.51361425,4127.3,1020.81766448,,,,,,,False,False,False,False,False
2021-03-02,0.25,0.25,0.470497451091691,53697.89246482,4696.2,4127.3,,,,,,,False,False,False,False,False
2021-03-03,0.25,0.25,0.467935650014023,53381.3024271,3272.0,4696.2,,,,,,,False,False,False,False,False
2021-03-04,0.25,0.25,0.465917636653799,52932.90772261,3241.5,3272.0,,,,,,,False,False,False,False,False
2021-03-05,0.25,0.25,0.463932725775242,52339.80079192,2983.3,3241.5,,,,,,,False,False,False,False,False
2021-03-08,0.25,0.25,0.463932725775242,52178.33750299,3437.3,2983.3,,,,,,,False,False,False,False,False
2021-03-09,0.25,0.25,0.463932725775242,51755.15154778,3408.7,3437.3,,,,,,,False,False,False,False,False
2021-03-10,0.25,0.25,0.46475825643183,51215.3051495,2829.5,3408.7,,,,,,,False,False,False,False,False
2021-03-11,0.25,0.25,0.46198324002445,50866.68307284,2403.9,2829.5,,,,,,,False,False,False,False,False
2021-03-12,0.25,0.25,0.459777536614458,51091.71746851,2382.3,2403.9,,,,,,,False,False,False,False,False
2021-03-15,0.25,0.25,0.457336274795204,51194.87458122,1962.8,2382.3,,,,,,,False,False,False,False,False
2021-03-16,0.25,0.25,0.461506219712282,52589.55394048,1479.809,1962.8,,,,,,,False,False,False,False,False
2021-03-17,0.25,0.25,0.461506219712282,54499.9109292,1351.6,1479.809,,,,,,,False,False,False,False,False
2021-03-18,0.25,0.25,0.461506219712282,56269.60768302,1308.2,1351.6,,,,,,,False,False,False,False,False
2021-03-19,0.25,0.25,0.456438286966033,57738.40624337,1004.2,1308.2,,,,,,,False,False,False,False,False
2021-03-22,0.25,0.25,0.457912661654593,59684.99618501,1312.1,1004.2,,,,,,,False,False,False,False,False
2021-03-23,0.25,0.25,0.456304586791366,60539.22724093,1164.0,1312.1,,,,,,,False,False,False,False,False
2021-03-24,0.25,0.25,0.454731412425118,61661.59127031,1511.52982752,1164.0,,,,,,,False,False,False,False,False
2021-03-25,0.25,0.25,0.459114321739692,62365.34993758,1076.24843451,1511.52982752,,,,,,,False,False,False,False,False
2021-03-26,0.25,0.25,0.459114321739692,62947.15388294,1093.87154459,1076.24843451,,,,,,,False,False,False,False,False
2021-03-29,0.25,0.25,0.459114321739692,64453.63883041,1214.2,1093.87154459,,,,,,,False,False,False,False,False
2021-03-30,0.25,0.25,0.456780366711452,65549.05310594,846.0,1214.2,,,,,,,False,False,False,False,False
2021-03-31,0.25,0.25,0.462189454560809,65375.93397345,4178.4,846.0,,,,,,,False,False,False,False,False
2021-04-01,0.25,0.25,0.46268255311670636,65375.93397345,4178.4,4178.4,,interpolacion_lineal,interpolacion_lineal,interpolacion_lineal,forward_fill_max5,forward_fill_max5,False,False,False,False,False
2021-04-02,0.25,0.25,0.46317565167260366,65375.93397345,4178.4,4178.4,,interpolacion_lineal,interpolacion_lineal,interpolacion_lineal,forward_fill_max5,forward_fill_max5,False,False,False,False,False
2021-04-05,0.25,0.25,0.463668750228501,65657.33616078,6604.3,4178.4,,,,,,,False,False,False,False,False
2021-04-06,0.25,0.25,0.460514402469324,65967.88573156,7263.7,6604.3,,,,,,,False,False,False,False,False
2021-04-07,0.25,0.25,0.46019174239575,65836.93537138,4223.0,7263.7,,,,,,,False,False,False,False,False
2021-04-08,0.25,0.25,0.459235325786579,66203.57550467,4676.3,4223.0,,,,,,,False,False,False,False,False
2021-04-09,0.25,0.25,0.458216646965895,66478.08374727,3774.98771523,4676.3,,,,,,,False,False,False,False,False
2021-04-12,0.25,0.25,0.464679285182918,66708.81627319,2762.2,3774.98771523,,,,,,,False,False,False,False,False
2021-04-13,0.25,0.25,0.466873945852257,66881.2665704,2762.2,2762.2,,,,,,,False,False,False,False,False
2021-04-14,0.25,0.25,0.465406407816669,66788.30030741,3823.9,2762.2,,,,,,,False,False,False,False,False
2021-04-15,0.25,0.25,0.467955089354738,66591.56195316,2112.2,3823.9,,,,,,,False,False,False,False,False
2021-04-16,0.25,0.25,0.468962895689373,66783.18462045,1904.50020419,2112.2,,,,,,,False,False,False,False,False
2021-04-19,0.25,0.25,0.468962895689373,67028.35799817,2500.5,1904.50020419,,,,,,,False,False,False,False,False
2021-04-20,0.25,0.25,0.468962895689373,67360.34790779,1949.50529559,2500.5,,,,,,,False,False,False,False,False
2021-04-21,0.25,0.25,0.468962895689373,68215.39971735,1787.37,1949.50529559,,,,,,,False,False,False,False,False
2021-04-22,0.25,0.25,0.468962895689373,69183.54064531,1739.0,1787.37,,,,,,,False,False,False,False,False
2021-04-23,0.25,0.25,0.470008965910683,69491.53154927,1368.7,1739.0,,,,,,,False,False,False,False,False
2021-04-26,0.25,0.25,0.471596413915606,69767.54326474,936.6,1368.7,,,,,,,False,False,False,False,False
2021-04-27,0.25,0.25,0.473336085166017,70193.1319411,1053.4,936.6,,,,,,,False,False,False,False,False
2021-04-28,0.25,0.25,0.473336085166017,69432.23402847,819.4,1053.4,,,,,,,False,False,False,False,False
2021-04-29,0.25,0.25,0.473336085166017,69086.67938811,1445.4,819.4,,,,,,,False,False,False,False,False
2021-04-30,0.25,0.25,0.473336085166017,68662.72533014,2254.0,1445.4,,,,,,,False,False,False,False,False
2021-05-03,0.25,0.25,0.473336085166017,68539.4307,7263.8,2254.0,,,,,,,False,False,False,False,False
2021-05-04,0.25,0.25,0.456017260343247,67949.1834,5054.4,7263.8,,,,,,,False,False,False,False,False
2021-05-05,0.25,0.25,0.456017260343247,67787.22910068,4493.7,5054.4,,,,,,,False,False,False,False,False
2021-05-06,0.25,0.25,0.458089347447529,66558.4163271,4904.9,4493.7,,,,,,,False,False,False,False,False
2021-05-07,0.25,0.25,0.458089347447529,65702.99200778,3858.3,4904.9,,,,,,,False,False,False,False,False
2021-05-10,0.25,0.25,0.458650715981853,65987.94808779,2488.6,3858.3,,,,,,,False,False,False,False,False
2021-05-11,0.25,0.25,0.458650715981853,65341.41807252,2366.1,2488.6,,,,,,,False,False,False,False,False
2021-05-12,0.25,0.25,0.460240920356381,64639.54074079,2141.1,2366.1,,,,,,,False,False,False,False,False
2021-05-13,0.25,0.25,0.469913267488342,64508.89234796,2081.5,2141.1,,,,,,,False,False,False,False,False
2021-05-14,0.25,0.25,0.469913267488342,63937.71790864,1707.1,2081.5,,,,,,,False,False,False,False,False
2021-05-17,0.25,0.25,0.469913267488342,65279.06828432,2039.2,1707.1,,,,,,,False,False,False,False,False
2021-05-18,0.25,0.25,0.469913267488342,65330.57303925,1922.5,2039.2,,,,,,,False,False,False,False,False
2021-05-19,0.25,0.25,0.469913267488342,65749.84027135,2604.8,1922.5,,,,,,,False,False,False,False,False
2021-05-20,0.25,0.25,0.444509150134338,66150.99435263,1745.65736532,2604.8,,,,,,,False,False,False,False,False
2021-05-21,0.25,0.25,0.443830208167583,67329.71839923,2050.74886361,1745.65736532,,,,,,,False,False,False,False,False
2021-05-24,0.25,0.25,0.449568868220796,67476.03931713,967.2946864,2050.74886361,,,,,,,False,False,False,False,False
2021-05-25,0.25,0.25,0.448585854833998,67728.78408834,771.9,967.2946864,,,,,,,False,False,False,False,False
2021-05-26,0.25,0.25,0.447569659803211,67652.4839638,860.6,771.9,,,,,,,False,False,False,False,False
2021-05-27,0.25,0.25,0.446821776941455,67141.57265113,1150.2,860.6,,,,,,,False,False,False,False,False
2021-05-28,0.25,0.25,0.445860551566433,66751.06110162,1002.29752177,1150.2,,,,,,,False,False,False,False,False
2021-05-31,0.25,0.25,0.44539154013894,66278.75406564,925.07733056,1002.29752177,,,,,,,False,False,False,False,False
2021-06-01,0.25,0.25,0.444141584734721,66467.43654224,8028.75624757,925.07733056,,,,,,,False,False,False,False,False
2021-06-02,0.25,0.25,0.442723787153482,66031.02035136,4194.9,8028.75624757,,,,,,,False,False,False,False,False
2021-06-03,0.25,0.25,0.43581938311555,65389.05037284,5887.81815853,4194.9,,,,,,,False,False,False,False,False
2021-06-04,0.25,0.25,0.433120002297239,64715.35846516,5592.63954166,5887.81815853,,,,,,,False,False,False,False,False
2021-06-07,0.25,0.25,0.434466996395401,64740.60791609,4177.57264984,5592.63954166,,,,,,,False,False,False,False,False
2021-06-08,0.25,0.25,0.431259491264568,64547.99596147,3343.5,4177.57264984,,,,,,,False,False,False,False,False
2021-06-09,0.25,0.25,0.430788621966864,63625.81862676,3190.8,3343.5,,,,,,,False,False,False,False,False
2021-06-10,0.25,0.25,0.430462547243845,63217.83618971,2173.11103645,3190.8,,,,,,,False,False,False,False,False
2021-06-11,0.25,0.25,0.428718213575186,63165.54516689,1567.83189468,2173.11103645,,,,,,,False,False,False,False,False
2021-06-14,0.25,0.25,0.429632563309518,63314.45004524,1123.5123006,1567.83189468,,,,,,,False,False,False,False,False
2021-06-15,0.25,0.25,0.429201479328505,63221.04667837,1402.3,1123.5123006,,,,,,,False,False,False,False,False
2021-06-16,0.25,0.25,0.429111479613559,63115.71706832,1604.76157527,1402.3,,,,,,,False,False,False,False,False
2021-06-17,0.25,0.25,0.429014753441726,62932.11488039,1494.1013974,1604.76157527,,,,,,,False,False,False,False,False
2021-06-18,0.25,0.25,0.428680202327957,63968.75072343,1398.83318061,1494.1013974,,,,,,,False,False,False,False,False
2021-06-21,0.25,0.25,0.433150060428503,66306.34197454,746.13832069,1398.83318061,,,,,,,False,False,False,False,False
2021-06-22,0.25,0.25,0.432685736077374,66725.74246053,747.78885503,746.13832069,,,,,,,False,False,False,False,False
2021-06-23,0.25,0.25,0.433867005471972,66450.86522411,623.18051472,747.78885503,,,,,,,False,False,False,False,False
2021-06-24,0.25,0.25,0.433191936693534,66035.31556746,524.65529895,623.18051472,,,,,,,False,False,False,False,False
2021-06-25,0.25,0.25,0.433191936693534,65534.66278855,670.08139454,524.65529895,,,,,,,False,False,False,False,False
2021-06-28,0.25,0.25,0.4342365363587473,65534.66278855,670.08139454,670.08139454,,interpolacion_lineal,,interpolacion_lineal,forward_fill_max5,forward_fill_max5,False,False,False,False,False
2021-06-29,0.25,0.25,0.4352811360239607,65534.66278855,670.08139454,670.08139454,,interpolacion_lineal,interpolacion_lineal,interpolacion_lineal,forward_fill_max5,forward_fill_max5,False,False,False,False,False
2021-06-30,0.25,0.25,0.436325735689174,65189.80924131,1068.7263691,670.08139454,,,,,,,False,False,False,False,False
2021-07-01,0.25,0.25,0.43468039479526,65466.3221848,6526.84059729,1068.7263691,,,,,,,False,False,False,False,False
2021-07-02,0.25,0.25,0.434633512112825,65118.15495651,5794.15792928,6526.84059729,,,,,,,False,False,False,False,False
2021-07-05,0.25,0.25,0.432155295763058,64588.07476807,3558.36464641,5794.15792928,,,,,,,False,False,False,False,False
2021-07-06,0.25,0.25,0.417243734666679,64841.12939038,5939.94758536,3558.36464641,,,,,,,False,False,False,False,False
2021-07-07,0.25,0.25,0.416587753791133,64833.23463426,3836.02668252,5939.94758536,,,,,,,False,False,False,False,False
2021-07-08,0.25,0.25,0.431203680193409,64737.9848717,2715.31339508,3836.02668252,,,,,,,False,False,False,False,False
2021-07-09,0.25,0.25,0.427656951859624,64347.7899574,1879.95351463,2715.31339508,,,,,,,False,False,False,False,False
2021-07-12,0.25,0.25,0.425067400633316,63602.51856096,2542.27668519,1879.95351463,,,,,,,False,False,False,False,False
2021-07-13,0.25,0.25,0.422893657326225,63488.84538731,1456.41396726,2542.27668519,,,,,,,False,False,False,False,False
2021-07-14,0.25,0.25,0.423958185142857,63135.96692212,2648.38637392,1456.41396726,,,,,,,False,False,False,False,False
2021-07-15,0.25,0.25,0.422810140008353,63387.41019275,1610.69998593,2648.38637392,,,,,,,False,False,False,False,False
2021-07-16,0.25,0.25,0.422358554449035,63419.83909344,1524.57391615,1610.69998593,,,,,,,False,False,False,False,False
2021-07-19,0.25,0.25,0.422109488512241,63722.4519053,1740.80655388,1524.57391615,,,,,,,False,False,False,False,False
2021-07-20,0.25,0.25,0.421787787919405,64448.48161523,1085.68406843,1740.80655388,,,,,,,False,False,False,False,False
2021-07-21,0.25,0.25,0.42052897729482,65099.64851346,954.49787903,1085.68406843,,,,,,,False,False,False,False,False
2021-07-22,0.25,0.25,0.42052897729482,65313.9238835,963.79347085,954.49787903,,,,,,,False,False,False,False,False
2021-07-23,0.25,0.25,0.42052897729482,65173.98935576,1115.27797572,963.79347085,,,,,,,False,False,False,False,False
2021-07-26,0.25,0.25,0.419720855505128,68210.52517934,566.11037552,1115.27797572,,,,,,,False,False,False,False,False
2021-07-27,0.25,0.25,0.42539791255068,67817.55779227,626.87869065,566.11037552,,,,,,,False,False,False,False,False
2021-07-28,0.25,0.25,0.42539791255068,67817.55779227,626.87869065,626.87869065,,interpolacion_lineal,interpolacion_lineal,interpolacion_lineal,forward_fill_max5,forward_fill_max5,False,False,False,False,False
2021-07-29,0.25,0.25,0.42539791255068,67817.55779227,626.87869065,626.87869065,,interpolacion_lineal,interpolacion_lineal,interpolacion_lineal,forward_fill_max5,forward_fill_max5,False,False,False,False,False
2021-07-30,0.25,0.25,0.42539791255068,67990.73642344,2125.30152983,626.87869065,,,,,,,False,False,False,False,False
2021-08-02,0.25,0.25,0.421989610689682,69733.41984431,5348.9658952,2125.30152983,,,,,,,False,False,False,False,False
2021-08-03,0.25,0.25,0.392162152666639,68957.4650996,5273.30248236,5348.9658952,,,,,,,False,False,False,False,False
2021-08-04,0.25,0.25,0.390684216574792,68367.40197473,4520.60386296,5273.30248236,,,,,,,False,False,False,False,False
2021-08-05,0.25,0.25,0.394836346506603,67988.53845399,4706.23215426,4520.60386296,,,,,,,False,False,False,False,False
2021-08-06,0.25,0.25,0.393650001733703,67713.38612729,3791.88410081,4706.23215426,,,,,,,False,False,False,False,False
2021-08-09,0.25,0.25,0.393650001733703,67791.6707535,3600.37397328,3791.88410081,,,,,,,False,False,False,False,False
2021-08-10,0.25,0.25,0.393650001733703,68213.04465182,1626.20953972,3600.37397328,,,,,,,False,False,False,False,False
2021-08-11,0.25,0.25,0.393650001733703,63739.2451528,3310.78762383,1626.20953972,,,,,,,False,False,False,False,False
2021-08-12,0.25,0.25,0.400361434405997,64215.63674172,2819.63459893,3310.78762383,,,,,,,False,False,False,False,False
2021-08-13,0.5,0.5,0.400361434405997,64562.77907223,2775.14112685,2819.63459893,,,,,,,False,False,False,False,False
2021-08-16,0.5,0.5,0.406835216778582,65015.0519558,1617.65769273,2775.14112685,,,,,,,False,False,False,False,False
2021-08-17,0.5,0.5,0.400961997027567,65517.25753755,1260.30020868,1617.65769273,,,,,,,False,False,False,False,False
2021-08-18,0.5,0.5,0.407113388294707,66234.59345375,1963.41074396,1260.30020868,,,,,,,False,False,False,False,False
2021-08-19,0.5,0.5,0.407353111489455,67158.40399105,1154.89551585,1963.41074396,,,,,,,False,False,False,False,False
2021-08-20,0.5,0.5,0.389618427055286,67699.21780006,743.48031132,1154.89551585,,,,,,,False,False,False,False,False
2021-08-23,0.5,0.5,0.407362801349889,68406.7093806,982.16518258,743.48031132,,,,,,,False,False,False,False,False
2021-08-24,0.5,0.5,0.41478573180215,68907.47887798,879.57071654,982.16518258,,,,,,,False,False,False,False,False
2021-08-25,0.5,0.5,0.415057166311123,68662.02792077,870.81325567,879.57071654,,,,,,,False,False,False,False,False
2021-08-26,0.5,0.5,0.415964064949955,68114.71050082,632.36781425,870.81325567,,,,,,,False,False,False,False,False
2021-08-27,0.5,0.5,0.415964064949955,68160.83589909,1013.17360595,632.36781425,,,,,,,False,False,False,False,False
2021-08-30,0.5,0.5,0.415964064949955,68160.83589909,1013.17360595,1013.17360595,,interpolacion_lineal,interpolacion_lineal,interpolacion_lineal,forward_fill_max5,forward_fill_max5,False,False,False,False,False
2021-08-31,0.5,0.5,0.415964064949955,68110.78553648,1162.17668338,1013.17360595,,,,,,,False,False,False,False,False
2021-09-01,0.5,0.5,0.416539522487239,68564.0142226,4636.88891639,1162.17668338,,,,,,,False,False,False,False,False
2021-09-02,0.5,0.5,0.427203879502215,68710.97767605,5459.85426907,4636.88891639,,,,,,,False,False,False,False,False
2021-09-03,0.5,0.5,0.432810462903366,68213.29941213,5211.30959599,5459.85426907,,,,,,,False,False,False,False,False
2021-09-06,0.5,0.5,0.440694350825785,67916.60042681,4822.7,5211.30959599,,,,,,,False,False,False,False,False
2021-09-07,0.5,0.5,0.440694350825785,67811.79313634,4120.92325508,4822.7,,,,,,,False,False,False,False,False
2021-09-08,0.5,0.5,0.440694350825785,68037.87018288,2916.33743502,4120.92325508,,,,,,,False,False,False,False,False
2021-09-09,0.5,0.5,0.440694350825785,67542.63749403,3552.62640594,2916.33743502,,,,,,,False,False,False,False,False
2021-09-10,1.0,1.0,0.450459133624661,67102.99755385,2187.30822279,3552.62640594,,,,,,,False,False,False,False,False
2021-09-13,1.0,1.0,0.470926591309776,67000.11079371,2350.38696448,2187.30822279,,,,,,,False,False,False,False,False
2021-09-14,1.0,1.0,0.479200861878263,67061.09741929,1748.57570651,2350.38696448,,,,,,,False,False,False,False,False
2021-09-15,1.0,1.0,0.4855766478496,67224.22902573,1377.47121975,1748.57570651,,,,,,,False,False,False,False,False
2021-09-16,1.0,1.0,0.493402422019182,67319.87106888,1414.74252906,1377.47121975,,,,,,,False,False,False,False,False
2021-09-17,1.0,1.0,0.500960859084048,67240.42768621,1489.08038067,1414.74252906,,,,,,,False,False,False,False,False
2021-09-20,1.0,1.0,0.519726545095662,67979.40061608,1527.41055231,1489.08038067,,,,,,,False,False,False,False,False
2021-09-21,1.0,1.0,0.519726545095662,71664.85578452,1341.07642818,1527.41055231,,,,,,,False,False,False,False,False
2021-09-22,1.0,1.0,0.519726545095662,73554.13575887,1728.79501894,1341.07642818,,,,,,,False,False,False,False,False
2021-09-23,1.0,1.0,0.519726545095662,73593.63138425,1303.08740982,1728.79501894,,,,,,,False,False,False,False,False
2021-09-24,1.0,1.0,0.544368323628273,74708.18574206,755.77804232,1303.08740982,,,,,,,False,False,False,False,False
2021-09-27,1.0,1.0,0.567937258415711,76831.78189452,788.85418828,755.77804232,,,,,,,False,False,False,False,False
2021-09-28,1.0,1.0,0.567937258415711,75995.97657112,940.40132173,788.85418828,,,,,,,False,False,False,False,False
2021-09-29,1.0,1.0,0.568447132018511,75829.07907632,697.42618837,940.40132173,,,,,,,False,False,False,False,False
2021-09-30,1.0,1.0,0.568447132018511,74952.28606096,766.35431813,697.42618837,,,,,,,False,False,False,False,False
2021-10-01,1.0,1.0,0.569067430912706,73959.56385777,6186.76582749,766.35431813,,,,,,,False,False,False,False,False
2021-10-04,1.0,1.0,0.569067430912706,73718.80396524,6702.52648746,6186.76582749,,,,,,,False,False,False,False,False
2021-10-05,1.0,1.0,0.569067430912706,73277.15680804,6705.36326296,6702.52648746,,,,,,,False,False,False,False,False
2021-10-06,1.0,1.0,0.569067430912706,72770.55294774,6530.19027042,6705.36326296,,,,,,,False,False,False,False,False
2021-10-07,1.0,1.0,0.569067430912706,72292.44982746,5441.85119183,6530.19027042,,,,,,,False,False,False,False,False
2021-10-08,1.25,1.25,0.569067430912706,72292.44982746,5441.85119183,5441.85119183,,interpolacion_lineal,interpolacion_lineal,interpolacion_lineal,forward_fill_max5,forward_fill_max5,False,False,False,False,False
2021-10-11,1.5,1.5,0.569067430912706,72525.67747206,2071.83366044,5441.85119183,,,,,,,False,False,False,False,False
2021-10-12,1.5,1.5,0.589061498917444,72229.14639859,1548.58925719,2071.83366044,,,,,,,False,False,False,False,False
2021-10-13,1.5,1.5,0.606977745549224,71628.6105473,1583.80657084,1548.58925719,,,,,,,False,False,False,False,False
2021-10-14,1.5,1.5,0.623529876801602,71328.95625993,1401.55721909,1583.80657084,,,,,,,False,False,False,False,False
2021-10-15,1.5,1.5,0.675744869338227,71121.62362882,1632.57624886,1401.55721909,,,,,,,False,False,False,False,False
2021-10-18,1.5,1.5,0.655144202521359,72216.3272031,1666.43214125,1632.57624886,,,,,,,False,False,False,False,False
2021-10-19,1.5,1.5,0.655144202521359,72574.0843549,1406.3419254,1666.43214125,,,,,,,False,False,False,False,False
2021-10-20,1.5,1.5,0.655144202521359,73394.28725581,1180.00129046,1406.3419254,,,,,,,False,False,False,False,False
2021-10-21,1.5,1.5,0.655144202521359,74476.05091306,1336.02493538,1180.00129046,,,,,,,False,False,False,False,False
2021-10-22,1.5,1.5,0.655144202521359,74589.01489225,890.67631669,1336.02493538,,,,,,,False,False,False,False,False
2021-10-25,1.5,1.5,0.651388454774188,75432.64916317,818.25551713,890.67631669,,,,,,,False,False,False,False,False
2021-10-26,1.5,1.5,0.651388454774188,75489.62476384,828.81525814,818.25551713,,,,,,,False,False,False,False,False
2021-10-27,1.5,1.5,0.651388454774188,75263.81777737,1091.50209764,828.81525814,,,,,,,False,False,False,False,False
2021-10-28,1.5,1.5,0.651388454774188,74559.41549851,799.62184582,1091.50209764,,,,,,,False,False,False,False,False
2021-10-29,1.5,1.5,0.651388454774188,73503.2686292,1138.54554047,799.62184582,,,,,,,False,False,False,False,False
2021-11-01,1.5,1.5,0.65566504040434,73503.2686292,1138.54554047,1138.54554047,,interpolacion_lineal,interpolacion_lineal,interpolacion_lineal,forward_fill_max5,forward_fill_max5,False,False,False,False,False
2021-11-02,1.5,1.5,0.659941626034492,73084.29065249,6305.7588566,1138.54554047,,,,,,,False,False,False,False,False
2021-11-03,1.5,1.5,0.659941626034492,72939.40843906,5728.07357261,6305.7588566,,,,,,,False,False,False,False,False
2021-11-04,1.5,1.5,0.659941626034492,72882.73955741,6144.18495002,5728.07357261,,,,,,,False,False,False,False,False
2021-11-05,1.5,1.5,0.659941626034492,72035.00383988,5458.90111525,6144.18495002,,,,,,,False,False,False,False,False
2021-11-08,1.5,1.5,0.659941626034492,72313.67648185,3455.61361471,5458.90111525,,,,,,,False,False,False,False,False
2021-11-09,1.5,1.5,0.659941626034492,71770.62147418,4015.93561109,3455.61361471,,,,,,,False,False,False,False,False
2021-11-10,1.5,1.5,0.659941626034492,85120.88650241,4963.6651113,4015.93561109,,,,,,,False,False,False,False,False
2021-11-11,1.5,1.5,0.659941626034492,84649.6296913,4676.56417453,4963.6651113,,,,,,,False,False,False,False,False
2021-11-12,2.0,2.0,0.720223977420719,84199.09519988,3883.1154375,4676.56417453,,,,,,,False,False,False,False,False
2021-11-15,2.0,2.0,0.76045527608942,84627.84866061,3753.77371377,3883.1154375,,,,,,,False,False,False,False,False
2021-11-16,2.0,2.0,0.808478549738357,83994.82543886,2107.42538928,3753.77371377,,,,,,,False,False,False,False,False
2021-11-17,2.0,2.0,0.808478549738357,84720.75166359,1781.93235122,2107.42538928,,,,,,,False,False,False,False,False
2021-11-18,2.0,2.0,0.79992575888947,89908.98861545,2399.3673201,1781.93235122,,,,,,,False,False,False,False,False
2021-11-19,2.0,2.0,0.79992575888947,90790.93991212,1246.85586792,2399.3673201,,,,,,,False,False,False,False,False
2021-11-22,2.0,2.0,0.79992575888947,93071.75449146,1285.98848645,1246.85586792,,,,,,,False,False,False,False,False
2021-11-23,2.0,2.0,0.79992575888947,92889.75103623,944.29020136,1285.98848645,,,,,,,False,False,False,False,False
2021-11-24,2.0,2.0,0.79992575888947,93164.9213852,631.17237699,944.29020136,,,,,,,False,False,False,False,False
2021-11-25,2.0,2.0,0.79992575888947,93022.54854919,616.35114135,631.17237699,,,,,,,False,False,False,False,False
2021-11-26,2.0,2.0,0.79992575888947,92344.34197411,713.54654443,616.35114135,,,,,,,False,False,False,False,False
2021-11-29,2.0,2.0,0.79992575888947,91916.0900196,607.92228653,713.54654443,,,,,,,False,False,False,False,False
2021-11-30,2.0,2.0,0.802140491862945,92037.73216036,1095.95458327,607.92228653,,,,,,,False,False,False,False,False
2021-12-01,2.0,2.0,0.802140491862945,92532.06437207,6049.92444502,1095.95458327,,,,,,,False,False,False,False,False
2021-12-02,2.0,2.0,0.802140491862945,92379.25246593,6260.14979168,6049.92444502,,,,,,,False,False,False,False,False
2021-12-03,2.0,2.0,0.802140491862945,92285.78718597,6014.76003294,6260.14979168,,,,,,,False,False,False,False,False
2021-12-06,2.0,2.0,0.802140491862945,92103.92561767,5661.50539353,6014.76003294,,,,,,,False,False,False,False,False
2021-12-07,2.0,2.0,0.802140491862945,91481.09863888,5368.63623686,5661.50539353,,,,,,,False,False,False,False,False
2021-12-08,2.0,2.0,0.802140491862945,91481.09863888,5368.63623686,5368.63623686,,interpolacion_lineal,interpolacion_lineal,interpolacion_lineal,forward_fill_max5,forward_fill_max5,False,False,False,False,False
2021-12-09,2.0,2.0,0.802140491862945,91524.91089038,6071.64979989,5368.63623686,,,,,,,False,False,False,False,False
2021-12-10,2.5,2.5,0.835970553716106,90842.48664289,4176.59328875,6071.64979989,,,,,,,False,False,False,False,False
2021-12-13,2.5,2.5,0.869507311338246,90244.7669561,3387.84541281,4176.59328875,,,,,,,False,False,False,False,False
2021-12-14,2.5,2.5,0.910350841869845,89887.49413836,2639.4509632,3387.84541281,,,,,,,False,False,False,False,False
2021-12-15,2.5,2.5,0.9396339788393,89802.59923093,2920.34122305,2639.4509632,,,,,,,False,False,False,False,False
2021-12-16,2.5,2.5,0.9396339788393,89458.62725623,2728.32350374,2920.34122305,,,,,,,False,False,False,False,False
2021-12-17,2.5,2.5,0.833486927774501,89513.2913759,3231.01345401,2728.32350374,,,,,,,False,False,False,False,False
2021-12-20,2.5,2.5,0.833486927774501,90322.2976705,1445.47439697,3231.01345401,,,,,,,False,False,False,False,False
2021-12-21,2.5,2.5,0.833486927774501,91046.9475563,1904.01288,1445.47439697,,,,,,,False,False,False,False,False
2021-12-22,2.5,2.5,0.833486927774501,91626.23729977,1592.11606299,1904.01288,,,,,,,False,False,False,False,False
2021-12-23,2.5,2.5,0.833486927774501,91425.76446461,1003.661548,1592.11606299,,,,,,,False,False,False,False,False
2021-12-24,2.5,2.5,0.833486927774501,91701.67503392,1508.27543741,1003.661548,,,,,,,False,False,False,False,False
2021-12-27,2.5,2.5,0.833486927774501,90920.16966,1256.88583989,1508.27543741,,,,,,,False,False,False,False,False
2021-12-28,2.5,2.5,0.833486927774501,90623.39656139,772.33469133,1256.88583989,,,,,,,False,False,False,False,False
2021-12-29,2.5,2.5,0.833486927774501,89830.18690222,632.25536024,772.33469133,,,,,,,False,False,False,False,False
2021-12-30,2.5,2.5,0.833486927774501,88453.18223843,725.0811362,632.25536024,,,,,,,False,False,False,False,False
2021-12-31,2.5,2.5,0.833486927774501,88001.96493991,2483.37791252,725.0811362,,,,,,,False,False,False,False,False
2022-01-03,2.5,2.5,0.833486927774501,87239.05577473,7283.14835026,2483.37791252,,,,,,,False,False,False,False,False
2022-01-04,2.5,2.5,0.764494330991702,86928.70935382,9683.40264968,7283.14835026,,,,,,,False,False,False,False,False
2022-01-05,2.5,2.5,0.764494330991702,86170.85936721,9317.38481712,9683.40264968,,,,,,,False,False,False,False,False
2022-01-06,2.5,2.5,0.764494330991702,85612.56495891,8040.6105363,9317.38481712,,,,,,,False,False,False,False,False
2022-01-07,3.0,3.0,0.767484821234853,85386.80379799,5332.21219543,8040.6105363,,,,,,,False,False,False,False,False
2022-01-10,3.0,3.0,0.868373383909038,85018.10813443,5416.75889146,5332.21219543,,,,,,,False,False,False,False,False
2022-01-11,3.0,3.0,1.00907555722963,84016.67122887,4588.58092797,5416.75889146,,,,,,,False,False,False,False,False
2022-01-12,3.0,3.0,1.09155312731377,83520.04391337,3390.97151924,4588.58092797,,,,,,,False,False,False,False,False
2022-01-13,3.0,3.0,1.19339870518753,82959.13144469,3116.52629405,3390.97151924,,,,,,,False,False,False,False,False
2022-01-14,3.0,3.0,1.10772060903049,82928.95659547,2804.94657032,3116.52629405,,,,,,,False,False,False,False,False
2022-01-17,3.0,3.0,1.10772060903049,83234.83424436,1675.70585013,2804.94657032,,,,,,,False,False,False,False,False
2022-01-18,3.0,3.0,1.10772060903049,83528.57437373,1470.35626249,1675.70585013,,,,,,,False,False,False,False,False
2022-01-19,3.0,3.0,1.10772060903049,84820.07207012,1644.16901438,1470.35626249,,,,,,,False,False,False,False,False
2022-01-20,3.0,3.0,1.23006474824274,85468.49544249,1272.37568387,1644.16901438,,,,,,,False,False,False,False,False
2022-01-21,3.0,3.0,1.23006474824274,86619.72321065,1151.04881717,1272.37568387,,,,,,,False,False,False,False,False
2022-01-24,3.0,3.0,1.23006474824274,87144.11861156,1822.12397615,1151.04881717,,,,,,,False,False,False,False,False
2022-01-25,3.0,3.0,1.23006474824274,87007.36539752,999.30926849,1822.12397615,,,,,,,False,False,False,False,False
2022-01-26,3.0,3.0,1.23006474824274,86708.00774766,1291.27992985,999.30926849,,,,,,,False,False,False,False,False
2022-01-27,3.0,3.0,1.40826038777668,86494.5401211,2381.31158342,1291.27992985,,,,,,,False,False,False,False,False
2022-01-28,3.0,3.0,1.40826038777668,86182.48998695,1411.70169553,2381.31158342,,,,,,,False,False,False,False,False
2022-01-31,3.0,3.0,1.40826038777668,85518.65243043,1485.46678206,1411.70169553,,,,,,,False,False,False,False,False
2022-02-01,3.02,3.0,0.833486927774501,85241.91502852,6824.41844088,1485.46678206,,,,,,,False,False,False,False,False
2022-02-02,3.0,3.0,0.764494330991702,84961.94743115,6420.64509993,6824.41844088,,,,,,,False,False,False,False,False
2022-02-03,3.0,3.0,0.764494330991702,84399.33994503,8822.24148923,6420.64509993,,,,,,,False,False,False,False,False
2022-02-04,3.01,3.0,0.764494330991702,83982.22220793,8261.77390058,8822.24148923,,,,,,,False,False,False,False,False
2022-02-07,3.0,3.0,0.767484821234853,83803.25720218,6658.92123393,8261.77390058,,,,,,,False,False,False,False,False
2022-02-08,3.0,3.0,0.868373383909038,84072.83812007,5693.97355511,6658.92123393,,,,,,,False,False,False,False,False
2022-02-09,3.0,3.0,1.00907555722963,83940.07278048,6103.58233035,5693.97355511,,,,,,,False,False,False,False,False
2022-02-10,3.0,3.0,1.09155312731377,83546.17686272,4420.17254933,6103.58233035,,,,,,,False,False,False,False,False
2022-02-11,3.5,3.5,1.19339870518753,79554.22380324,4981.43405956,4420.17254933,,,,,,,False,False,False,False,False
2022-02-14,3.5,3.5,1.10772060903049,80135.51511707,3725.35619084,4981.43405956,,,,,,,False,False,False,False,False
2022-02-15,3.5,3.5,1.10772060903049,79941.73988916,1472.43616448,3725.35619084,,,,,,,False,False,False,False,False
2022-02-16,3.5,3.5,1.10772060903049,80177.57746841,1521.3425527,1472.43616448,,,,,,,False,False,False,False,False
2022-02-17,3.5,3.5,1.10772060903049,80852.26135353,1745.21187269,1521.3425527,,,,,,,False,False,False,False,False
2022-02-18,3.5,3.5,1.23006474824274,81880.10859133,938.56607052,1745.21187269,,,,,,,False,False,False,False,False
2022-02-21,3.5,3.5,1.23006474824274,84028.28722808,936.84992722,938.56607052,,,,,,,False,False,False,False,False
2022-02-22,3.5,3.5,1.23006474824274,83612.24258047,856.71106407,936.84992722,,,,,,,False,False,False,False,False
2022-02-23,3.5,3.5,1.23006474824274,84314.41094787,725.91334898,856.71106407,,,,,,,False,False,False,False,False
2022-02-24,3.5,3.5,2.52174145149559,84210.45585819,918.08898975,725.91334898,,,,,,,False,False,False,False,False
2022-02-25,3.5,3.5,2.52174145149559,84297.45719573,933.66956376,918.08898975,,,,,,,False,False,False,False,False
2022-02-28,3.52,3.5,2.52174145149559,84434.26608029,1552.34630927,933.66956376,,,,,,,False,False,False,False,False
2022-03-01,3.58,3.5,2.52174145149559,85426.25944655,7806.28270917,1552.34630927,,,,,,,False,False,False,False,False
2022-03-02,3.58,3.5,2.52174145149559,85014.94534373,7304.7419734,7806.28270917,,,,,,,False,False,False,False,False
2022-03-03,3.58,3.5,2.52802272113937,84408.63217443,8391.651779,7304.7419734,,,,,,,False,False,False,False,False
2022-03-04,3.73,3.5,2.52802272113937,84056.43452856,7090.54565864,8391.651779,,,,,,,False,False,False,False,False
2022-03-07,3.65,3.5,3.24642480793366,84231.09332702,8377.74701965,7090.54565864,,,,,,,False,False,False,False,False
2022-03-08,3.61,3.5,3.24642480793366,84527.82984734,7928.43157595,8377.74701965,,,,,,,False,False,False,False,False
2022-03-09,3.55,3.5,3.24642480793366,84398.21684463,6319.86677281,7928.43157595,,,,,,,False,False,False,False,False
2022-03-10,3.7,3.5,3.24642480793366,84024.85243571,6924.42131881,6319.86677281,,,,,,,False,False,False,False,False
2022-03-11,4.0,4.0,3.4129741144881,83162.39860561,3794.46296718,6924.42131881,,,,,,,False,False,False,False,False
2022-03-14,4.0,4.0,3.46837849181881,83006.61510622,2845.59474873,3794.46296718,,,,,,,False,False,False,False,False
2022-03-15,4.0,4.0,3.52591929813394,82689.63995768,957.58359959,2845.59474873,,,,,,,False,False,False,False,False
2022-03-16,4.0,4.0,3.52591929813394,83202.4153608,1508.81848297,957.58359959,,,,,,,False,False,False,False,False
2022-03-17,4.0,4.0,3.55780426606954,83239.53115847,1350.73722094,1508.81848297,,,,,,,False,False,False,False,False
2022-03-18,4.0,4.0,3.67202935261045,84094.86059228,955.56946799,1350.73722094,,,,,,,False,False,False,False,False
2022-03-21,4.0,4.0,3.7615346168676,85141.43870955,1893.9205357,955.56946799,,,,,,,False,False,False,False,False
2022-03-22,4.0,4.0,3.7615346168676,86069.33387373,1055.19784365,1893.9205357,,,,,,,False,False,False,False,False
2022-03-23,4.0,4.0,3.7615346168676,86958.34380971,802.67244236,1055.19784365,,,,,,,False,False,False,False,False
2022-03-24,4.0,4.0,3.7615346168676,86828.56491381,1208.93366695,802.67244236,,,,,,,False,False,False,False,False
2022-03-25,4.0,4.0,3.7615346168676,86431.95086421,1359.0192713,1208.93366695,,,,,,,False,False,False,False,False
2022-03-28,4.0,4.0,3.7615346168676,86402.73657294,1712.25850315,1359.0192713,,,,,,,False,False,False,False,False
2022-03-29,4.11,4.0,3.7615346168676,87591.24350143,1236.74141423,1712.25850315,,,,,,,False,False,False,False,False
2022-03-30,4.0,4.0,3.7615346168676,89735.69824476,818.52223135,1236.74141423,,,,,,,False,False,False,False,False
2022-03-31,4.0,4.0,3.7615346168676,89916.64977741,1284.66577872,818.52223135,,,,,,,False,False,False,False,False
2022-04-01,4.14,4.0,3.7615346168676,91418.06248989,5375.03219898,1284.66577872,,,,,,,False,False,False,False,False
2022-04-04,4.09,4.0,3.7615346168676,91985.41343368,7591.18540629,5375.03219898,,,,,,,False,False,False,False,False
2022-04-05,4.19,4.0,3.7615346168676,93475.57542891,8029.33936216,7591.18540629,,,,,,,False,False,False,False,False
2022-04-06,4.3,4.0,3.7615346168676,93779.78547484,7909.47394479,8029.33936216,,,,,,,False,False,False,False,False
2022-04-07,4.28,4.0,3.81973875824553,94828.24592274,8148.60473025,7909.47394479,,,,,,,False,False,False,False,False
2022-04-08,4.51,4.5,3.81973875824553,94360.6211728,6339.52004724,8148.60473025,,,,,,,False,False,False,False,False
2022-04-11,4.5,4.5,3.93434198506476,94429.67167773,5707.67316995,6339.52004724,,,,,,,False,False,False,False,False
2022-04-12,4.5,4.5,4.01561420151028,88296.60615687,4002.40760873,5707.67316995,,,,,,,False,False,False,False,False
2022-04-13,4.5,4.5,4.05865626272407,87274.34349023,2321.01429654,4002.40760873,,,,,,,False,False,False,False,False
2022-04-14,4.5,4.5,4.076350126947983,87274.34349023,2321.01429654,2321.01429654,,interpolacion_lineal,interpolacion_lineal,interpolacion_lineal,forward_fill_max5,forward_fill_max5,False,False,False,False,False
2022-04-15,4.5,4.5,4.094043991171897,87274.34349023,2321.01429654,2321.01429654,,interpolacion_lineal,interpolacion_lineal,interpolacion_lineal,forward_fill_max5,forward_fill_max5,False,False,False,False,False
2022-04-18,4.5,4.5,4.11173785539581,87129.62074604,2492.79005003,2321.01429654,,,,,,,False,False,False,False,False
2022-04-19,4.5,4.5,4.1378869308904,87129.75951767,1546.78128062,2492.79005003,,,,,,,False,False,False,False,False
2022-04-20,4.5,4.5,4.19370907431484,87734.67889757,1282.26271188,1546.78128062,,,,,,,False,False,False,False,False
2022-04-21,4.59,4.5,4.20026994103466,89300.74349809,968.30627999,1282.26271188,,,,,,,False,False,False,False,False
2022-04-22,4.82,4.5,4.24852248706639,90172.09365843,1099.39730811,968.30627999,,,,,,,False,False,False,False,False
2022-04-25,4.62,4.5,4.24852248706639,91353.11241694,1706.18811098,1099.39730811,,,,,,,False,False,False,False,False
2022-04-26,4.61,4.5,4.24852248706639,92088.52842756,1249.60024763,1706.18811098,,,,,,,False,False,False,False,False
2022-04-27,4.5,4.5,4.24852248706639,92368.30559432,972.7850499,1249.60024763,,,,,,,False,False,False,False,False
2022-04-28,4.5,4.5,4.24852248706639,91835.41047482,1013.90771107,972.7850499,,,,,,,False,False,False,False,False
2022-04-29,4.5,4.5,4.24852248706639,91103.63284602,2694.3567299,1013.90771107,,,,,,,False,False,False,False,False
2022-05-02,4.79,4.5,4.24852248706639,91114.1880266,8933.71385987,2694.3567299,,,,,,,False,False,False,False,False
2022-05-03,4.8,4.5,4.24852248706639,90922.12932857,9525.63532933,8933.71385987,,,,,,,False,False,False,False,False
2022-05-04,4.91,4.5,4.24852248706639,90453.2005599,10141.17382817,9525.63532933,,,,,,,False,False,False,False,False
2022-05-05,4.99,4.5,4.24852248706639,90196.6479201,12770.94891687,10141.17382817,,,,,,,False,False,False,False,False
2022-05-06,5.0,4.5,4.24852248706639,89662.04184549,13625.12426577,12770.94891687,,,,,,,False,False,False,False,False
2022-05-09,4.5,4.5,4.24852248706639,89774.03769824,6681.91326484,13625.12426577,,,,,,,False,False,False,False,False
2022-05-10,4.5,4.5,4.24852248706639,89405.26152561,6231.85091628,6681.91326484,,,,,,,False,False,False,False,False
2022-05-11,4.5,4.5,4.24852248706639,89443.44225493,4642.80744832,6231.85091628,,,,,,,False,False,False,False,False
2022-05-12,4.5,4.5,4.24852248706639,88674.81641859,5108.55007457,4642.80744832,,,,,,,False,False,False,False,False
2022-05-13,5.0,5.0,4.30518095514872,88309.99354803,2823.16178395,5108.55007457,,,,,,,False,False,False,False,False
2022-05-16,5.0,5.0,4.36741555381032,88213.05875588,2281.90111453,2823.16178395,,,,,,,False,False,False,False,False
2022-05-17,5.0,5.0,4.44350142210952,87726.03554927,2178.82686313,2281.90111453,,,,,,,False,False,False,False,False
2022-05-18,5.0,5.0,4.53787619521978,88560.07299338,1518.44186897,2178.82686313,,,,,,,False,False,False,False,False
2022-05-19,5.0,5.0,4.54854159569582,89205.90730552,952.25466444,1518.44186897,,,,,,,False,False,False,False,False
2022-05-20,5.02,5.0,4.58048922743433,90097.92257752,1251.71649631,952.25466444,,,,,,,False,False,False,False,False
2022-05-23,5.0,5.0,4.58048922743433,89884.0261297,976.13792532,1251.71649631,,,,,,,False,False,False,False,False
2022-05-24,5.0,5.0,4.58453351066119,90862.099136,707.28410673,976.13792532,,,,,,,False,False,False,False,False
2022-05-25,5.0,5.0,4.58453351066119,91161.31084494,948.87902879,707.28410673,,,,,,,False,False,False,False,False
2022-05-26,5.0,5.0,4.58453351066119,90959.61996903,1003.72403362,948.87902879,,,,,,,False,False,False,False,False
2022-05-27,4.97,5.0,4.58453351066119,90918.05065799,779.83684207,1003.72403362,,,,,,,False,False,False,False,False
2022-05-30,5.29,5.0,4.58453351066119,90156.8984492,2100.27373923,779.83684207,,,,,,,False,False,False,False,False
2022-05-31,5.35,5.0,4.58453351066119,90327.66780733,1398.24522421,2100.27373923,,,,,,,False,False,False,False,False
2022-06-01,5.14,5.0,4.58453351066119,90453.58783602,11468.29411239,1398.24522421,,,,,,,False,False,False,False,False
2022-06-02,5.0,5.0,4.58453351066119,90172.88627984,11637.35708963,11468.29411239,,,,,,,False,False,False,False,False
2022-06-03,5.0,5.0,4.58453351066119,90208.18894946,10751.94191998,11637.35708963,,,,,,,False,False,False,False,False
2022-06-06,5.0,5.0,4.58453351066119,89886.27451093,10718.75841465,10751.94191998,,,,,,,False,False,False,False,False
2022-06-07,5.0,5.0,4.58453351066119,90027.29885422,10078.19631297,10718.75841465,,,,,,,False,False,False,False,False
2022-06-08,5.0,5.0,4.58453351066119,89541.43890865,9334.33567167,10078.19631297,,,,,,,False,False,False,False,False
2022-06-09,4.99,5.0,4.58453351066119,89574.76670594,8496.90271211,9334.33567167,,,,,,,False,False,False,False,False
2022-06-10,4.59,5.5,4.58453351066119,89295.74320455,4963.04772553,8496.90271211,,,,,,,False,False,False,False,False
2022-06-13,5.05,5.5,4.58453351066119,89411.60132971,2907.32236498,4963.04772553,,,,,,,False,False,False,False,False
2022-06-14,5.5,5.5,4.58453351066119,89174.07808643,1656.87379577,2907.32236498,,,,,,,False,False,False,False,False
2022-06-15,5.5,5.5,4.47258749926307,89790.32326821,1294.87570644,1656.87379577,,,,,,,False,False,False,False,False
2022-06-16,5.5,5.5,4.47258749926307,89569.7347361,825.31530225,1294.87570644,,,,,,,False,False,False,False,False
2022-06-17,5.5,5.5,4.47258749926307,89606.76155414,940.57368135,825.31530225,,,,,,,False,False,False,False,False
2022-06-20,5.5,5.5,4.31144118958577,90335.10869353,1386.8779893,940.57368135,,,,,,,False,False,False,False,False
2022-06-21,5.5,5.5,4.31144118958577,91143.57189996,805.45429135,1386.8779893,,,,,,,False,False,False,False,False
2022-06-22,5.5,5.5,3.7186961732283,91741.15807363,1353.8216582,805.45429135,,,,,,,False,False,False,False,False
2022-06-23,5.5,5.5,3.7186961732283,92636.48257775,745.55461498,1353.8216582,,,,,,,False,False,False,False,False
2022-06-24,5.5,5.5,2.21001558214766,92687.00219757,1199.90388074,745.55461498,,,,,,,False,False,False,False,False
2022-06-27,5.5,5.5,2.21001558214766,91878.73091438,974.69179519,1199.90388074,,,,,,,False,False,False,False,False
2022-06-28,5.5,5.5,2.21001558214766,91361.01472168,1161.55799484,974.69179519,,,,,,,False,False,False,False,False
2022-06-29,5.5,5.5,2.21001558214766,91361.01472168,1161.55799484,1161.55799484,,interpolacion_lineal,interpolacion_lineal,interpolacion_lineal,forward_fill_max5,forward_fill_max5,False,False,False,False,False
2022-06-30,5.5,5.5,2.21001558214766,91109.15296478,1330.49790185,1161.55799484,,,,,,,False,False,False,False,False
2022-07-01,5.5,5.5,2.21001558214766,90794.09155152,10567.53096084,1330.49790185,,,,,,,False,False,False,False,False
2022-07-04,5.5,5.5,5.09399880976584,90231.47402467,11820.7680681,10567.53096084,,,,,,,False,False,False,False,False
2022-07-05,5.5,5.5,5.09399880976584,89892.25725229,10465.60576539,11820.7680681,,,,,,,False,False,False,False,False
2022-07-06,5.48,5.5,5.09399880976584,89498.44677876,9358.2471791,10465.60576539,,,,,,,False,False,False,False,False
2022-07-07,5.47,5.5,5.09399880976584,89381.73259126,8816.58911508,9358.2471791,,,,,,,False,False,False,False,False
2022-07-08,5.98,6.0,5.14777470657019,89238.91091988,4981.17948094,8816.58911508,,,,,,,False,False,False,False,False
2022-07-11,6.0,6.0,5.18010459083023,89048.67748841,4031.80733028,4981.17948094,,,,,,,False,False,False,False,False
2022-07-12,6.0,6.0,5.21736702101742,88613.33858468,4947.00036258,4031.80733028,,,,,,,False,False,False,False,False
2022-07-13,6.0,6.0,5.25032007555177,88329.27428942,4266.95033516,4947.00036258,,,,,,,False,False,False,False,False
2022-07-14,6.0,6.0,5.26959015388561,87973.32042219,4114.11345169,4266.95033516,,,,,,,False,False,False,False,False
2022-07-15,6.0,6.0,5.28827459257524,88048.80652722,3978.87094748,4114.11345169,,,,,,,False,False,False,False,False
2022-07-18,6.06,6.0,5.3093060525614,88520.9149561,2840.84111457,3978.87094748,,,,,,,False,False,False,False,False
2022-07-19,6.01,6.0,5.32772506729633,88618.18949977,2946.34805871,2840.84111457,,,,,,,False,False,False,False,False
2022-07-20,6.0,6.0,5.33536553953493,90024.22861827,3337.94954999,2946.34805871,,,,,,,False,False,False,False,False
2022-07-21,6.0,6.0,5.33536553953493,90669.52007407,2375.59005024,3337.94954999,,,,,,,False,False,False,False,False
2022-07-22,6.0,6.0,5.33536553953493,90947.90471032,1802.97954849,2375.59005024,,,,,,,False,False,False,False,False
2022-07-25,6.0,6.0,5.33536553953493,90755.6025784,1013.08993188,1802.97954849,,,,,,,False,False,False,False,False
2022-07-26,6.0,6.0,5.33536553953493,90112.40652184,1501.73435525,1013.08993188,,,,,,,False,False,False,False,False
2022-07-27,6.06,6.0,5.35745434730812,89786.06144237,1085.23314076,1501.73435525,,,,,,,False,False,False,False,False
2022-07-28,6.053333333333333,6.0,5.35745434730812,89786.06144237,1085.23314076,1085.23314076,,interpolacion_lineal,interpolacion_lineal,interpolacion_lineal,forward_fill_max5,forward_fill_max5,False,False,False,False,False
2022-07-29,6.046666666666667,6.0,5.35745434730812,89786.06144237,1085.23314076,1085.23314076,,interpolacion_lineal,interpolacion_lineal,interpolacion_lineal,forward_fill_max5,forward_fill_max5,False,False,False,False,False
2022-08-01,6.04,6.0,5.35745434730812,89955.75732377,11352.95378276,1085.23314076,,,,,,,False,False,False,False,False
2022-08-02,6.0,6.0,5.35745434730812,89576.95285442,10508.92770057,11352.95378276,,,,,,,False,False,False,False,False
2022-08-03,6.0,6.0,5.35745434730812,89416.40133832,8918.30436741,10508.92770057,,,,,,,False,False,False,False,False
2022-08-04,6.0,6.0,5.35745434730812,89042.80883363,7836.5548522,8918.30436741,,,,,,,False,False,False,False,False
2022-08-05,6.2,6.0,5.35745434730812,88814.90851211,9206.58479413,7836.5548522,,,,,,,False,False,False,False,False
2022-08-08,6.46,6.0,5.35745434730812,89165.15929493,11442.29296419,9206.58479413,,,,,,,False,False,False,False,False
2022-08-09,6.15,6.0,5.35745434730812,88994.57405228,10174.93257886,11442.29296419,,,,,,,False,False,False,False,False
2022-08-10,6.01,6.0,5.35745434730812,88517.21759766,10065.04604592,10174.93257886,,,,,,,False,False,False,False,False
2022-08-11,6.0,6.0,5.17116718529438,84391.6259082,10296.94599925,10065.04604592,,,,,,,False,False,False,False,False
2022-08-12,6.5,6.5,5.61427196830561,85383.20674381,5850.67457922,10296.94599925,,,,,,,False,False,False,False,False
2022-08-15,5.83,6.5,5.67855448748752,85285.13334526,4612.35267218,5850.67457922,,,,,,,False,False,False,False,False
2022-08-16,6.25,6.5,5.73594013867834,84548.16991622,3870.12018365,4612.35267218,,,,,,,False,False,False,False,False
2022-08-17,6.32,6.5,5.76340950898737,84462.31697292,3058.4540393,3870.12018365,,,,,,,False,False,False,False,False
2022-08-18,6.18,6.5,5.77372237617432,85166.3153214,2027.03123049,3058.4540393,,,,,,,False,False,False,False,False
2022-08-19,6.4,6.5,5.79215016172927,85805.72610415,584.75091931,2027.03123049,,,,,,,False,False,False,False,False
2022-08-22,6.48,6.5,5.88158446447512,86552.2292004,1483.19475439,584.75091931,,,,,,,False,False,False,False,False
2022-08-23,6.5,6.5,5.93355821737882,86759.69644065,1481.57766515,1483.19475439,,,,,,,False,False,False,False,False
2022-08-24,6.48,6.5,5.9660725298839,88263.58386539,929.94328631,1481.57766515,,,,,,,False,False,False,False,False
2022-08-25,6.5,6.5,6.014141897749,87766.37567066,1010.92406562,929.94328631,,,,,,,False,False,False,False,False
2022-08-26,6.5,6.5,6.05629220829883,87370.42345474,1176.96729612,1010.92406562,,,,,,,False,False,False,False,False
2022-08-29,6.47,6.5,6.08259123543398,86613.2734947,1034.20982248,1176.96729612,,,,,,,False,False,False,False,False
2022-08-30,6.484999999999999,6.5,6.094484669350759,86613.2734947,1034.20982248,1034.20982248,,interpolacion_lineal,interpolacion_lineal,interpolacion_lineal,forward_fill_max5,forward_fill_max5,False,False,False,False,False
2022-08-31,6.5,6.5,6.10637810326754,86694.61741625,1515.21520973,1034.20982248,,,,,,,False,False,False,False,False
2022-09-01,6.5,6.5,6.10637810326754,86930.11842843,11889.58048114,1515.21520973,,,,,,,False,False,False,False,False
2022-09-02,6.5,6.5,6.10637810326754,86902.8744639,10844.83583751,11889.58048114,,,,,,,False,False,False,False,False
2022-09-05,6.5,6.5,6.10637810326754,86657.41574735,10817.87944198,10844.83583751,,,,,,,False,False,False,False,False
2022-09-06,6.5,6.5,6.10637810326754,86083.63602671,10547.26700578,10817.87944198,,,,,,,False,False,False,False,False
2022-09-07,6.5,6.5,6.10637810326754,86005.8043594,10742.44053113,10547.26700578,,,,,,,False,False,False,False,False
2022-09-08,6.5,6.5,6.10637810326754,85956.36315909,10250.46161463,10742.44053113,,,,,,,False,False,False,False,False
2022-09-09,6.75,6.75,6.16319754597735,85087.3830535,5039.07728595,10250.46161463,,,,,,,False,False,False,False,False
2022-09-12,6.71,6.75,6.26337733873033,85334.42152966,5137.70226495,5039.07728595,,,,,,,False,False,False,False,False
2022-09-13,6.75,6.75,6.31287493455808,84571.32198784,3450.27705388,5137.70226495,,,,,,,False,False,False,False,False
2022-09-14,6.75,6.75,6.33280771357444,84341.78457048,3339.12779985,3450.27705388,,,,,,,False,False,False,False,False
2022-09-15,6.75,6.75,6.41369359315557,84766.59534985,3784.30467723,3339.12779985,,,,,,,False,False,False,False,False
2022-09-16,6.75,6.75,6.41369359315557,87080.99724037,3292.67099496,3784.30467723,,,,,,,False,False,False,False,False
2022-09-19,6.75,6.75,6.42873167876042,87259.49410673,3874.11641233,3292.67099496,,,,,,,False,False,False,False,False
2022-09-20,6.74,6.75,6.48941129041091,88573.49335459,3311.27982868,3874.11641233,,,,,,,False,False,False,False,False
2022-09-21,6.75,6.75,6.49717892811179,89196.26696118,1966.48016809,3311.27982868,,,,,,,False,False,False,False,False
2022-09-22,6.65,6.75,6.49717892811179,89341.67992038,1834.85930291,1966.48016809,,,,,,,False,False,False,False,False
2022-09-23,6.58,6.75,6.49717892811179,89442.0313797,602.9477252,1834.85930291,,,,,,,False,False,False,False,False
2022-09-26,6.75,6.75,6.49717892811179,89082.19438099,1099.79628501,602.9477252,,,,,,,False,False,False,False,False
2022-09-27,6.75,6.75,6.51142315339803,88826.40431014,1298.48257789,1099.79628501,,,,,,,False,False,False,False,False
2022-09-28,6.75,6.75,6.52854399372321,88188.36760142,1225.53601361,1298.48257789,,,,,,,False,False,False,False,False
2022-09-29,6.75,6.75,6.54109607477077,88221.88898087,1045.39498514,1225.53601361,,,,,,,False,False,False,False,False
2022-09-30,6.81,6.75,6.54109607477077,88201.23033571,1849.15245557,1045.39498514,,,,,,,False,False,False,False,False
2022-10-03,6.83,6.75,6.54109607477077,87983.38340112,12657.17441255,1849.15245557,,,,,,,False,False,False,False,False
2022-10-04,6.75,6.75,6.54109607477077,88485.86890474,11467.94213749,12657.17441255,,,,,,,False,False,False,False,False
2022-10-05,6.76,6.75,6.54109607477077,88044.54093654,12816.13004838,11467.94213749,,,,,,,False,False,False,False,False
2022-10-06,6.9,6.75,6.54109607477077,88067.22240522,12202.03557812,12816.13004838,,,,,,,False,False,False,False,False
2022-10-07,7.13,7.0,6.54109607477077,87549.40593157,11797.710944,12202.03557812,,,,,,,False,False,False,False,False
2022-10-10,7.0,7.0,6.54109607477077,87212.35144819,8106.92085348,11797.710944,,,,,,,False,False,False,False,False
2022-10-11,7.0,7.0,6.54109607477077,86985.06001523,7872.64636078,8106.92085348,,,,,,,False,False,False,False,False
2022-10-12,7.0,7.0,6.56451192082323,87284.34123125,6067.64831876,7872.64636078,,,,,,,False,False,False,False,False
2022-10-13,7.0,7.0,6.58131757997737,86908.51497137,5923.15635927,6067.64831876,,,,,,,False,False,False,False,False
2022-10-14,7.0,7.0,6.59057280556178,85767.25532737,4277.25485383,5923.15635927,,,,,,,False,False,False,False,False
2022-10-17,7.0,7.0,6.60289742082157,85929.38526643,3970.54777894,4277.25485383,,,,,,,False,False,False,False,False
2022-10-18,7.0,7.0,6.61637786968773,86243.98825376,3339.13705221,3970.54777894,,,,,,,False,False,False,False,False
2022-10-19,7.0,7.0,6.61637786968773,86595.14865888,2777.64330921,3339.13705221,,,,,,,False,False,False,False,False
2022-10-20,7.0,7.0,6.61637786968773,87352.94367832,2443.377881,2777.64330921,,,,,,,False,False,False,False,False
2022-10-21,7.0,7.0,6.61637786968773,88374.86890533,1467.5244708,2443.377881,,,,,,,False,False,False,False,False
2022-10-24,7.01,7.0,6.61637786968773,88818.0105741,2639.1544414,1467.5244708,,,,,,,False,False,False,False,False
2022-10-25,7.0,7.0,6.61637786968773,89284.85822972,1945.42599655,2639.1544414,,,,,,,False,False,False,False,False
2022-10-26,7.0,7.0,6.61637786968773,88892.10528504,1950.17533163,1945.42599655,,,,,,,False,False,False,False,False
2022-10-27,7.0,7.0,6.61637786968773,86638.08100705,1628.8983321,1950.17533163,,,,,,,False,False,False,False,False
2022-10-28,7.0,7.0,6.61637786968773,85384.04888206,987.44588037,1628.8983321,,,,,,,False,False,False,False,False
2022-10-31,7.0,7.0,6.61637786968773,85384.72872183,2055.54483406,987.44588037,,,,,,,False,False,False,False,False
2022-11-01,7.0,7.0,6.61637786968773,85384.72872183,2055.54483406,2055.54483406,,interpolacion_lineal,,interpolacion_lineal,forward_fill_max5,forward_fill_max5,False,False,False,False,False
2022-11-02,7.0,7.0,6.61637786968773,84814.59485016,12262.23048899,2055.54483406,,,,,,,False,False,False,False,False
2022-11-03,7.0,7.0,6.61637786968773,84607.80037181,11330.82698398,12262.23048899,,,,,,,False,False,False,False,False
2022-11-04,7.05,7.0,6.61637786968773,84260.07601377,10773.31485508,11330.82698398,,,,,,,False,False,False,False,False
2022-11-07,7.0,7.0,6.61637786968773,83926.3370968,11131.11987564,10773.31485508,,,,,,,False,False,False,False,False
2022-11-08,7.0,7.0,6.61637786968773,83711.94632472,10839.43147894,11131.11987564,,,,,,,False,False,False,False,False
2022-11-09,7.0,7.0,6.61637786968773,83936.82580117,10500.55629649,10839.43147894,,,,,,,False,False,False,False,False
2022-11-10,7.0,7.0,6.61637786968773,83451.29525693,10247.98857598,10500.55629649,,,,,,,False,False,False,False,False
2022-11-11,7.25,7.25,6.61637786968773,83220.90840426,4376.43394506,10247.98857598,,,,,,,False,False,False,False,False
2022-11-14,7.28,7.25,6.59381203849276,82476.32379657,5098.9791646,4376.43394506,,,,,,,False,False,False,False,False
2022-11-15,7.27,7.25,6.59381203849276,82564.11044155,4823.27003798,5098.9791646,,,,,,,False,False,False,False,False
2022-11-16,7.25,7.25,6.59381203849276,83001.66993876,2818.54691538,4823.27003798,,,,,,,False,False,False,False,False
2022-11-17,7.25,7.25,6.62361936045088,83066.02649978,2003.09032615,2818.54691538,,,,,,,False,False,False,False,False
2022-11-18,7.26,7.25,6.6250136994618,83278.36241473,1754.70631238,2003.09032615,,,,,,,False,False,False,False,False
2022-11-21,7.36,7.25,6.6250136994618,84634.43295896,1444.47872548,1754.70631238,,,,,,,False,False,False,False,False
2022-11-22,7.28,7.25,6.6250136994618,85311.52013769,1535.23742113,1444.47872548,,,,,,,False,False,False,False,False
2022-11-23,7.25,7.25,6.6250136994618,85517.30657921,1674.65207704,1535.23742113,,,,,,,False,False,False,False,False
2022-11-24,7.27,7.25,6.63574145118854,85582.03309165,1598.6572676,1674.65207704,,,,,,,False,False,False,False,False
2022-11-25,7.25,7.25,6.64882063618686,84866.75257672,1092.75050815,1598.6572676,,,,,,,False,False,False,False,False
2022-11-28,7.25,7.25,6.64882063618686,84250.45981693,1827.13899444,1092.75050815,,,,,,,False,False,False,False,False
2022-11-29,7.3,7.25,6.65515939489514,84059.71387366,1236.37943536,1827.13899444,,,,,,,False,False,False,False,False
2022-11-30,7.45,7.25,6.65515939489514,83673.79730251,1317.32013183,1236.37943536,,,,,,,False,False,False,False,False
2022-12-01,7.25,7.25,6.65515939489514,83615.25807768,12009.30559798,1317.32013183,,,,,,,False,False,False,False,False
2022-12-02,7.25,7.25,6.65515939489514,83387.99490816,11231.33938469,12009.30559798,,,,,,,False,False,False,False,False
2022-12-05,7.31,7.25,6.65515939489514,83579.94280152,10746.0106282,11231.33938469,,,,,,,False,False,False,False,False
2022-12-06,7.33,7.25,6.65515939489514,82895.61788853,10484.45649557,10746.0106282,,,,,,,False,False,False,False,False
2022-12-07,7.27,7.25,6.65515939489514,82090.74464337,7464.5203907,10484.45649557,,,,,,,False,False,False,False,False
2022-12-08,7.359999999999999,7.333333333333333,6.65515939489514,82090.74464337,7464.5203907,7464.5203907,,interpolacion_lineal,interpolacion_lineal,interpolacion_lineal,forward_fill_max5,forward_fill_max5,False,False,False,False,False
2022-12-09,7.45,7.416666666666667,6.65515939489514,82090.74464337,7464.5203907,7464.5203907,,interpolacion_lineal,interpolacion_lineal,interpolacion_lineal,forward_fill_max5,forward_fill_max5,False,False,False,False,False
2022-12-12,7.54,7.5,6.65515939489514,82270.16942614,5161.77814167,7464.5203907,,,,,,,False,False,False,False,False
2022-12-13,7.56,7.5,6.65515939489514,81788.28904109,4116.09030052,5161.77814167,,,,,,,False,False,False,False,False
2022-12-14,7.5,7.5,6.65515939489514,81270.25394847,5184.01766881,4116.09030052,,,,,,,False,False,False,False,False
2022-12-15,7.5,7.5,6.65515939489514,80687.76892187,4479.77024552,5184.01766881,,,,,,,False,False,False,False,False
2022-12-16,7.5,7.5,6.65515939489514,80788.9083053,2893.06402288,4479.77024552,,,,,,,False,False,False,False,False
2022-12-19,7.5,7.5,6.65515939489514,80681.32265764,3276.0177822,2893.06402288,,,,,,,False,False,False,False,False
2022-12-20,7.5,7.5,6.65515939489514,81381.26544088,2036.92164015,3276.0177822,,,,,,,False,False,False,False,False
2022-12-21,7.54,7.5,6.65515939489514,82130.84364752,1540.61345593,2036.92164015,,,,,,,False,False,False,False,False
2022-12-22,7.51,7.5,6.65515939489514,81816.54532165,1703.26900236,1540.61345593,,,,,,,False,False,False,False,False
2022-12-23,7.63,7.5,6.65515939489514,81764.47332959,1546.21368802,1703.26900236,,,,,,,False,False,False,False,False
2022-12-26,7.5,7.5,6.65515939489514,81322.23976795,1582.21442239,1546.21368802,,,,,,,False,False,False,False,False
2022-12-27,7.51,7.5,6.65173919863906,80810.44019534,1059.29563976,1582.21442239,,,,,,,False,False,False,False,False
2022-12-28,7.5,7.5,6.65173919863906,79180.64756171,628.66526735,1059.29563976,,,,,,,False,False,False,False,False
2022-12-29,7.5,7.5,6.66330792885632,78460.79307386,597.07172277,628.66526735,,,,,,,False,False,False,False,False
2022-12-30,7.5,7.5,6.67466552056253,77882.58818683,1173.55950009,597.07172277,,,,,,,False,False,False,False,False
2023-01-02,7.51,7.5,6.74282153734802,77882.58818683,1173.55950009,1173.55950009,,interpolacion_lineal,interpolacion_lineal,interpolacion_lineal,forward_fill_max5,forward_fill_max5,False,False,False,False,False
2023-01-03,7.52,7.5,6.81097755413351,77091.14457858,12773.45822936,1173.55950009,,,,,,,False,False,False,False,False
2023-01-04,7.61,7.5,6.81097755413351,76232.3655307,12669.14923339,12773.45822936,,,,,,,False,False,False,False,False
2023-01-05,7.65,7.5,6.81097755413351,75735.08119071,12455.03019257,12669.14923339,,,,,,,False,False,False,False,False
2023-01-06,7.53,7.5,6.81097755413351,75077.22508978,11091.93198339,12455.03019257,,,,,,,False,False,False,False,False
2023-01-09,7.5,7.5,6.83900293626307,74877.15111728,9691.99958079,11091.93198339,,,,,,,False,False,False,False,False
2023-01-10,7.5,7.5,6.85761508804387,74477.58492123,7762.12175229,9691.99958079,,,,,,,False,False,False,False,False
2023-01-11,7.5,7.5,6.85761508804387,73969.14914657,7031.96301862,7762.12175229,,,,,,,False,False,False,False,False
2023-01-12,7.5,7.5,6.85761508804387,73856.89325173,6748.49022449,7031.96301862,,,,,,,False,False,False,False,False
2023-01-13,7.75,7.75,6.85761508804387,73343.93205592,5103.04355797,6748.49022449,,,,,,,False,False,False,False,False
2023-01-16,7.75,7.75,6.85761508804387,72985.78812999,4222.35766716,5103.04355797,,,,,,,False,False,False,False,False
2023-01-17,7.75,7.75,6.85761508804387,73142.7987903,3289.791513,4222.35766716,,,,,,,False,False,False,False,False
2023-01-18,7.75,7.75,6.85761508804387,73557.69458295,2751.21548558,3289.791513,,,,,,,False,False,False,False,False
2023-01-19,7.75,7.75,6.85761508804387,73827.46333024,2175.94866372,2751.21548558,,,,,,,False,False,False,False,False
2023-01-20,7.75,7.75,6.85761508804387,74137.65253144,1463.8110163,2175.94866372,,,,,,,False,False,False,False,False
2023-01-23,7.75,7.75,6.85761508804387,74960.66954943,1980.78656645,1463.8110163,,,,,,,False,False,False,False,False
2023-01-24,7.75,7.75,6.85761508804387,76185.07217382,1295.46502621,1980.78656645,,,,,,,False,False,False,False,False
2023-01-25,7.75,7.75,6.85761508804387,76734.10288912,1740.65730959,1295.46502621,,,,,,,False,False,False,False,False
2023-01-26,7.75,7.75,6.85761508804387,76217.03116665,1559.27844708,1740.65730959,,,,,,,False,False,False,False,False
2023-01-27,7.75,7.75,6.85761508804387,75903.82161496,897.51951185,1559.27844708,,,,,,,False,False,False,False,False
2023-01-30,7.75,7.75,6.85761508804387,74224.43082526,1866.54276079,897.51951185,,,,,,,False,False,False,False,False
2023-01-31,7.73,7.75,6.86162699231526,72358.32823571,1060.62952742,1866.54276079,,,,,,,False,False,False,False,False
2023-02-01,7.77,7.75,6.86162699231526,71932.70944178,12914.55854439,1060.62952742,,,,,,,False,False,False,False,False
2023-02-02,7.75,7.75,6.86162699231526,71581.70624033,13085.0748167,12914.55854439,,,,,,,False,False,False,False,False
2023-02-03,7.83,7.75,6.86162699231526,70236.1084542,13325.26120988,13085.0748167,,,,,,,False,False,False,False,False
2023-02-06,7.75,7.75,6.86162699231526,70120.77904399,13000.60088334,13325.26120988,,,,,,,False,False,False,False,False
2023-02-07,7.75,7.75,6.86162699231526,70182.82967635,9365.25974978,13000.60088334,,,,,,,False,False,False,False,False
2023-02-08,7.75,7.75,6.86162699231526,70453.06270836,7672.60808901,9365.25974978,,,,,,,False,False,False,False,False
2023-02-09,7.75,7.75,6.86162699231526,70311.12815423,6034.74440557,7672.60808901,,,,,,,False,False,False,False,False
2023-02-10,7.75,7.75,6.86162699231526,65858.44037276,5161.96364953,6034.74440557,,,,,,,False,False,False,False,False
2023-02-13,7.75,7.75,6.88026233498228,66470.8985079,5954.56303986,5161.96364953,,,,,,,False,False,False,False,False
2023-02-14,7.75,7.75,6.89352188930425,66724.13232592,4019.77626692,5954.56303986,,,,,,,False,False,False,False,False
2023-02-15,7.75,7.75,6.89726831881649,66774.97714005,3793.13593379,4019.77626692,,,,,,,False,False,False,False,False
2023-02-16,7.75,7.75,6.92253812456707,66800.23407377,2864.94913524,3793.13593379,,,,,,,False,False,False,False,False
2023-02-17,7.75,7.75,6.92817194636546,67132.40286905,1905.53182953,2864.94913524,,,,,,,False,False,False,False,False
2023-02-20,7.75,7.75,6.98160019525646,68648.45749363,2002.17990713,1905.53182953,,,,,,,False,False,False,False,False
2023-02-21,7.75,7.75,6.99005229704246,69546.63688447,1509.95802268,2002.17990713,,,,,,,False,False,False,False,False
2023-02-22,7.75,7.75,6.99005229704246,70033.80431571,1335.28494516,1509.95802268,,,,,,,False,False,False,False,False
2023-02-23,7.86,7.75,6.99005229704246,70933.64571341,1030.60942295,1335.28494516,,,,,,,False,False,False,False,False
2023-02-24,7.75,7.75,6.99831562207047,71122.06572046,1362.19463135,1030.60942295,,,,,,,False,False,False,False,False
2023-02-27,7.75,7.75,7.01482190304306,71521.38685499,1539.57615474,1362.19463135,,,,,,,False,False,False,False,False
2023-02-28,7.75,7.75,7.02328468118365,71385.02243691,986.90357431,1539.57615474,,,,,,,False,False,False,False,False
2023-03-01,7.75,7.75,7.02328468118365,71456.19003325,13470.13600738,986.90357431,,,,,,,False,False,False,False,False
2023-03-02,7.75,7.75,7.07824115405599,71459.5487353,12529.21967883,13470.13600738,,,,,,,False,False,False,False,False
2023-03-03,7.75,7.75,7.07824115405599,71172.66496663,10876.98893298,12529.21967883,,,,,,,False,False,False,False,False
2023-03-06,7.74,7.75,7.07824115405599,71041.87936917,10328.70395114,10876.98893298,,,,,,,False,False,False,False,False
2023-03-07,7.75,7.75,7.09190367110845,70692.83001059,9225.43685193,10328.70395114,,,,,,,False,False,False,False,False
2023-03-08,7.73,7.75,7.11169868876413,70453.56188763,8300.57355847,9225.43685193,,,,,,,False,False,False,False,False
2023-03-09,7.75,7.75,7.14081993252619,70069.66758148,6566.88880435,8300.57355847,,,,,,,False,False,False,False,False
2023-03-10,7.73,7.75,7.17069705861266,69611.92602383,4541.33052752,6566.88880435,,,,,,,False,False,False,False,False
2023-03-13,7.75,7.75,7.25835451805369,69986.98083831,5160.50718328,4541.33052752,,,,,,,False,False,False,False,False
2023-03-14,7.75,7.75,7.35199736157127,69840.40459641,6175.91409108,5160.50718328,,,,,,,False,False,False,False,False
2023-03-15,7.75,7.75,7.37122519497596,69969.29300305,5507.00123284,6175.91409108,,,,,,,False,False,False,False,False
2023-03-16,7.75,7.75,7.37620373499641,70249.83383018,4964.18682911,5507.00123284,,,,,,,False,False,False,False,False
2023-03-17,7.75,7.75,7.39865318465614,70194.5487585,3684.19792433,4964.18682911,,,,,,,False,False,False,False,False
2023-03-20,7.75,7.75,7.41086459470094,70857.01592389,2933.91336469,3684.19792433,,,,,,,False,False,False,False,False
2023-03-21,7.75,7.75,7.41758146208653,71466.76817636,2087.9133808,2933.91336469,,,,,,,False,False,False,False,False
2023-03-22,7.75,7.75,7.47711846040179,70763.52771106,1751.19970144,2087.9133808,,,,,,,False,False,False,False,False
2023-03-23,7.75,7.75,7.47986393374405,72432.79115371,1357.12514577,1751.19970144,,,,,,,False,False,False,False,False
2023-03-24,7.75,7.75,7.48306699743259,72070.69261867,1410.30454396,1357.12514577,,,,,,,False,False,False,False,False
2023-03-27,7.75,7.75,7.5312832595226,72518.27897254,1908.04409264,1410.30454396,,,,,,,False,False,False,False,False
2023-03-28,7.75,7.75,7.5351334329971,72805.76549588,1663.29822162,1908.04409264,,,,,,,False,False,False,False,False
2023-03-29,7.75,7.75,7.53798626808471,73410.84671194,1466.23646339,1663.29822162,,,,,,,False,False,False,False,False
2023-03-30,7.75,7.75,7.54235145195136,73272.31821744,983.3359786,1466.23646339,,,,,,,False,False,False,False,False
2023-03-31,7.75,7.75,7.5457982314306,73360.98612955,2616.75453393,983.3359786,,,,,,,False,False,False,False,False
2023-04-03,7.75,7.75,7.5457982314306,74406.26375024,12912.37740691,2616.75453393,,,,,,,False,False,False,False,False
2023-04-04,7.75,7.75,7.5635581536173,74696.82600903,12304.84120815,12912.37740691,,,,,,,False,False,False,False,False
2023-04-05,7.75,7.75,7.5635581536173,74772.48507508,10384.98136672,12304.84120815,,,,,,,False,False,False,False,False
2023-04-06,7.75,7.75,7.559521693616197,74772.48507508,10384.98136672,10384.98136672,,interpolacion_lineal,interpolacion_lineal,interpolacion_lineal,forward_fill_max5,forward_fill_max5,False,False,False,False,False
2023-04-07,7.75,7.75,7.5554852336150935,74772.48507508,10384.98136672,10384.98136672,,interpolacion_lineal,interpolacion_lineal,interpolacion_lineal,forward_fill_max5,forward_fill_max5,False,False,False,False,False
2023-04-10,7.75,7.75,7.55144877361399,76065.86161598,12032.27299884,10384.98136672,,,,,,,False,False,False,False,False
2023-04-11,7.75,7.75,7.55144877361399,76736.37119324,9846.13721202,12032.27299884,,,,,,,False,False,False,False,False
2023-04-12,7.74,7.75,7.55004156051406,77168.15088265,8186.59021499,9846.13721202,,,,,,,False,False,False,False,False
2023-04-13,7.72,7.75,7.55888678459267,77279.11432837,5602.97286078,8186.59021499,,,,,,,False,False,False,False,False
2023-04-14,7.75,7.75,7.56256619453362,76809.37335957,4371.10909698,5602.97286078,,,,,,,False,False,False,False,False
2023-04-17,7.65,7.75,7.56563029057892,77008.45652862,3257.65666371,4371.10909698,,,,,,,False,False,False,False,False
2023-04-18,7.75,7.75,7.56737428639543,77004.26842512,2278.32945784,3257.65666371,,,,,,,False,False,False,False,False
2023-04-19,7.75,7.75,7.56892171730837,76990.59098201,1786.57744561,2278.32945784,,,,,,,False,False,False,False,False
2023-04-20,7.75,7.75,7.56892171730837,77546.41362266,1668.15517463,1786.57744561,,,,,,,False,False,False,False,False
2023-04-21,7.75,7.75,7.56892171730837,78613.66320638,1239.84105267,1668.15517463,,,,,,,False,False,False,False,False
2023-04-24,7.76,7.75,7.56892171730837,79720.35158553,1547.20474502,1239.84105267,,,,,,,False,False,False,False,False
2023-04-25,7.82,7.75,7.56892171730837,79941.76242798,2005.94870199,1547.20474502,,,,,,,False,False,False,False,False
2023-04-26,7.77,7.75,7.56892171730837,80488.89360722,1354.81677497,2005.94870199,,,,,,,False,False,False,False,False
2023-04-27,7.75,7.75,7.56892171730837,75012.55135972,1357.91319579,1354.81677497,,,,,,,False,False,False,False,False
2023-04-28,7.75,7.75,7.56892171730837,75354.81375918,737.49247777,1357.91319579,,,,,,,False,False,False,False,False
2023-05-01,7.75,7.75,7.56892171730837,75354.81375918,737.49247777,737.49247777,,interpolacion_lineal,interpolacion_lineal,interpolacion_lineal,forward_fill_max5,forward_fill_max5,False,False,False,False,False
2023-05-02,7.75,7.75,7.56892171730837,76092.98042334,9557.30783121,737.49247777,,,,,,,False,False,False,False,False
2023-05-03,7.75,7.75,7.5684648181291,76131.94278939,11164.85521781,9557.30783121,,,,,,,False,False,False,False,False
2023-05-04,7.75,7.75,7.5684648181291,75686.53983809,11152.28698791,11164.85521781,,,,,,,False,False,False,False,False
2023-05-05,7.75,7.75,7.5684648181291,76112.49765169,10857.46193243,11152.28698791,,,,,,,False,False,False,False,False
2023-05-08,7.75,7.75,7.5684648181291,76009.82864589,10029.42828085,10857.46193243,,,,,,,False,False,False,False,False
2023-05-09,7.75,7.75,7.5684648181291,75804.24308282,9893.25951303,10029.42828085,,,,,,,False,False,False,False,False
2023-05-10,7.75,7.75,7.5684648181291,75230.00953627,9015.28918124,9893.25951303,,,,,,,False,False,False,False,False
2023-05-11,7.75,7.75,7.5684648181291,74784.48924389,7940.02908149,9015.28918124,,,,,,,False,False,False,False,False
2023-05-12,7.75,7.75,7.56824795978003,75217.00402659,6902.27307243,7940.02908149,,,,,,,False,False,False,False,False
2023-05-15,7.75,7.75,7.56936288927994,74590.6917699,5471.97983525,6902.27307243,,,,,,,False,False,False,False,False
2023-05-16,7.75,7.75,7.56293132879306,75025.48977996,3591.41291889,5471.97983525,,,,,,,False,False,False,False,False
2023-05-17,7.75,7.75,7.56716317791652,75330.65655265,2991.15370788,3591.41291889,,,,,,,False,False,False,False,False
2023-05-18,7.75,7.75,7.57202618104241,75493.25052159,2475.81319199,2991.15370788,,,,,,,False,False,False,False,False
2023-05-19,7.75,7.75,7.57202618104241,75950.51872466,1746.56602326,2475.81319199,,,,,,,False,False,False,False,False
2023-05-22,7.75,7.75,7.57202618104241,77052.85270331,2228.84666522,1746.56602326,,,,,,,False,False,False,False,False
2023-05-23,7.75,7.75,7.57202618104241,77747.35381615,1222.48822531,2228.84666522,,,,,,,False,False,False,False,False
2023-05-24,7.76,7.75,7.57202618104241,78096.23134462,1341.26835613,1222.48822531,,,,,,,False,False,False,False,False
2023-05-25,7.77,7.75,7.57671145502423,78049.87939381,1128.93159812,1341.26835613,,,,,,,False,False,False,False,False
2023-05-26,7.75,7.75,7.57286961143313,77761.12898839,859.55430782,1128.93159812,,,,,,,False,False,False,False,False
2023-05-29,7.75,7.75,7.57286961143313,79342.93774044,922.19829068,859.55430782,,,,,,,False,False,False,False,False
2023-05-30,7.75,7.75,7.57286961143313,78780.05789025,869.19990615,922.19829068,,,,,,,False,False,False,False,False
2023-05-31,7.75,7.75,7.57286961143313,79252.35488057,598.80602383,869.19990615,,,,,,,False,False,False,False,False
2023-06-01,7.75,7.75,7.57286961143313,79395.22768757,11563.67986223,598.80602383,,,,,,,False,False,False,False,False
2023-06-02,7.73,7.75,7.57478824402386,79037.12252056,11574.47574488,11563.67986223,,,,,,,False,False,False,False,False
2023-06-05,7.54,7.75,7.57478824402386,78682.47535513,11484.82013915,11574.47574488,,,,,,,False,False,False,False,False
2023-06-06,7.75,7.75,7.57478824402386,78521.31769378,9885.70144085,11484.82013915,,,,,,,False,False,False,False,False
2023-06-07,7.75,7.75,7.57478824402386,78474.58393114,8785.23622251,9885.70144085,,,,,,,False,False,False,False,False
2023-06-08,7.75,7.75,7.57478824402386,78095.13107023,7611.42863637,8785.23622251,,,,,,,False,False,False,False,False
2023-06-09,7.75,7.75,7.57478824402386,77679.02639603,5892.85799936,7611.42863637,,,,,,,False,False,False,False,False
2023-06-12,7.74,7.75,7.57478824402386,73232.1027031,5680.48528443,5892.85799936,,,,,,,False,False,False,False,False
2023-06-13,7.75,7.75,7.56764375459617,73079.85294046,5409.63356999,5680.48528443,,,,,,,False,False,False,False,False
2023-06-14,7.75,7.75,7.56242944847135,72740.61723066,5522.83788678,5409.63356999,,,,,,,False,False,False,False,False
2023-06-15,7.75,7.75,7.55606712193997,72512.17847257,5725.27706278,5522.83788678,,,,,,,False,False,False,False,False
2023-06-16,7.67,7.75,7.5497744674555,72492.85220456,4418.05766167,5725.27706278,,,,,,,False,False,False,False,False
2023-06-19,7.75,7.75,7.54383812621999,72876.78150468,2792.3648231,4418.05766167,,,,,,,False,False,False,False,False
2023-06-20,7.72,7.75,7.54132834806285,73350.36803207,1743.10357921,2792.3648231,,,,,,,False,False,False,False,False
2023-06-21,7.75,7.75,7.53880275642297,73748.26360181,1216.01524146,1743.10357921,,,,,,,False,False,False,False,False
2023-06-22,7.92,7.75,7.53880275642297,73799.54671133,1459.85596554,1216.01524146,,,,,,,False,False,False,False,False
2023-06-23,7.75,7.75,7.53880275642297,74207.45232375,686.52026675,1459.85596554,,,,,,,False,False,False,False,False
2023-06-26,7.75,7.75,7.53880275642297,74144.05347077,1002.88471214,686.52026675,,,,,,,False,False,False,False,False
2023-06-27,7.75,7.75,7.53928983741643,74061.89244829,793.07233182,1002.88471214,,,,,,,False,False,False,False,False
2023-06-28,7.75,7.75,7.54160214806975,73103.81695962,1123.57422511,793.07233182,,,,,,,False,False,False,False,False
2023-06-29,7.76,7.75,7.5407072451275,73103.81695962,1123.57422511,1123.57422511,,interpolacion_lineal,interpolacion_lineal,interpolacion_lineal,forward_fill_max5,forward_fill_max5,False,False,False,False,False
2023-06-30,7.77,7.75,7.53981234218525,73003.99403315,1800.9638613,1123.57422511,,,,,,,False,False,False,False,False
2023-07-03,7.81,7.75,7.53981234218525,73452.81289265,9436.60366801,1800.9638613,,,,,,,False,False,False,False,False
2023-07-04,7.75,7.75,7.53981234218525,72896.4757268,12907.56696959,9436.60366801,,,,,,,False,False,False,False,False
2023-07-05,7.75,7.75,7.53981234218525,72793.9676153,13331.86377425,12907.56696959,,,,,,,False,False,False,False,False
2023-07-06,7.75,7.75,7.53981234218525,72493.76348261,13076.90083122,13331.86377425,,,,,,,False,False,False,False,False
2023-07-07,7.75,7.75,7.53981234218525,72068.92836207,12312.47099385,13076.90083122,,,,,,,False,False,False,False,False
2023-07-10,7.75,7.75,7.54295936617008,71891.57560866,10976.50273785,12312.47099385,,,,,,,False,False,False,False,False
2023-07-11,7.75,7.75,7.54295936617008,70710.38113181,9048.01449781,10976.50273785,,,,,,,False,False,False,False,False
2023-07-12,7.74,7.75,7.54295936617008,70184.89733012,7572.33648138,9048.01449781,,,,,,,False,False,False,False,False
2023-07-13,7.75,7.75,7.53632313813288,69624.43392692,6813.0063132,7572.33648138,,,,,,,False,False,False,False,False
2023-07-14,7.75,7.75,7.52997100609347,69312.52524748,5650.68244493,6813.0063132,,,,,,,False,False,False,False,False
2023-07-17,7.75,7.75,7.5229507920835,68890.48885037,4503.33902395,5650.68244493,,,,,,,False,False,False,False,False
2023-07-18,7.75,7.75,7.51887391418734,68838.56472558,5230.53249702,4503.33902395,,,,,,,False,False,False,False,False
2023-07-19,7.75,7.75,7.51887391418734,69148.32593908,4363.32152679,5230.53249702,,,,,,,False,False,False,False,False
2023-07-20,7.75,7.75,7.51887391418734,69576.34879056,3955.59972119,4363.32152679,,,,,,,False,False,False,False,False
2023-07-21,7.75,7.75,7.51682138979782,70365.6596964,2192.60732009,3955.59972119,,,,,,,False,False,False,False,False
2023-07-24,7.75,7.75,7.51391923853639,70588.62630888,1238.46601863,2192.60732009,,,,,,,False,False,False,False,False
2023-07-25,7.76,7.75,7.51391923853639,69844.7488723,1334.87657038,1238.46601863,,,,,,,False,False,False,False,False
2023-07-26,7.75,7.75,7.51391923853639,69436.76157659,1442.03611123,1334.87657038,,,,,,,False,False,False,False,False
2023-07-27,7.75,7.75,7.51391923853639,69033.80567559,808.62947095,1442.03611123,,,,,,,False,False,False,False,False
2023-07-28,7.75,7.75,7.51391923853639,69033.80567559,808.62947095,808.62947095,,interpolacion_lineal,interpolacion_lineal,interpolacion_lineal,forward_fill_max5,forward_fill_max5,False,False,False,False,False
2023-07-31,7.75,7.75,7.51391923853639,69250.61969747,1167.76761015,808.62947095,,,,,,,False,False,False,False,False
2023-08-01,7.75,7.75,7.51391923853639,69180.2919704,13333.05176325,1167.76761015,,,,,,,False,False,False,False,False
2023-08-02,7.75,7.75,7.51391923853639,68918.98729708,12831.72613095,13333.05176325,,,,,,,False,False,False,False,False
2023-08-03,7.75,7.75,7.51391923853639,68547.8738002,12160.4833281,12831.72613095,,,,,,,False,False,False,False,False
2023-08-04,7.75,7.75,7.51391923853639,68003.50786921,10854.93939188,12160.4833281,,,,,,,False,False,False,False,False
2023-08-07,7.75,7.75,7.51391923853639,68037.13847369,9778.41101614,10854.93939188,,,,,,,False,False,False,False,False
2023-08-08,7.75,7.75,7.51391923853639,68153.14029087,9140.0768875,9778.41101614,,,,,,,False,False,False,False,False
2023-08-09,7.75,7.75,7.51391923853639,67957.09370311,8590.78694573,9140.0768875,,,,,,,False,False,False,False,False
2023-08-10,7.75,7.75,7.51391923853639,67588.93273359,7721.45454691,8590.78694573,,,,,,,False,False,False,False,False
2023-08-11,7.75,7.75,7.51391923853639,62811.31892281,7086.04405206,7721.45454691,,,,,,,False,False,False,False,False
2023-08-14,7.75,7.75,7.50686204345366,63028.95481354,6272.79499788,7086.04405206,,,,,,,False,False,False,False,False
2023-08-15,7.75,7.75,7.50441626649042,63346.20754065,5970.84682226,6272.79499788,,,,,,,False,False,False,False,False
2023-08-16,7.75,7.75,7.50154175088598,63633.230625,4919.95612118,5970.84682226,,,,,,,False,False,False,False,False
2023-08-17,7.75,7.75,7.49478007451073,63617.31936552,4553.36719665,4919.95612118,,,,,,,False,False,False,False,False
2023-08-18,7.75,7.75,7.5,64417.0,3021.0,4553.36719665,,,,,,,False,False,False,False,False
2023-08-21,7.75,7.75,7.48190658489594,65218.13950989,3676.06355626,3021.0,,,,,,,False,False,False,False,False
2023-08-22,7.75,7.75,7.4806256348247,66197.98047145,2282.00151035,3676.06355626,,,,,,,False,False,False,False,False
2023-08-23,7.75,7.75,7.4806256348247,66534.15111946,1492.40070543,2282.00151035,,,,,,,False,False,False,False,False
2023-08-24,7.75,7.75,7.47699880402135,66334.24615582,1369.38292232,1492.40070543,,,,,,,False,False,False,False,False
2023-08-25,7.75,7.75,7.47514139657281,66171.34736188,1166.71744986,1369.38292232,,,,,,,False,False,False,False,False
2023-08-28,7.75,7.75,7.47312591460032,65872.85459185,1550.6335051,1166.71744986,,,,,,,False,False,False,False,False
2023-08-29,7.75,7.75,7.46877692395523,65519.97788705,1304.07424481,1550.6335051,,,,,,,False,False,False,False,False
2023-08-30,7.75,7.75,7.46655235574293,65519.97788705,1304.07424481,1304.07424481,,interpolacion_lineal,interpolacion_lineal,interpolacion_lineal,forward_fill_max5,forward_fill_max5,False,False,False,False,False
2023-08-31,7.75,7.75,7.46432778753063,65520.9742333,645.94733725,1304.07424481,,,,,,,False,False,False,False,False
2023-09-01,7.75,7.75,7.46314550531759,65675.33877375,13576.45677541,645.94733725,,,,,,,False,False,False,False,False
2023-09-04,7.75,7.75,7.46314550531759,65602.34651497,11958.04007654,13576.45677541,,,,,,,False,False,False,False,False
2023-09-05,7.75,7.75,7.46314550531759,65085.99727859,10992.2417281,11958.04007654,,,,,,,False,False,False,False,False
2023-09-06,7.75,7.75,7.46314550531759,64871.27059589,10507.21595855,10992.2417281,,,,,,,False,False,False,False,False
2023-09-07,7.75,7.75,7.46314550531759,64887.92851918,10047.33201578,10507.21595855,,,,,,,False,False,False,False,False
2023-09-08,7.75,7.75,7.45921776641727,64874.22967303,9240.40376322,10047.33201578,,,,,,,False,False,False,False,False
2023-09-11,7.75,7.75,7.45921776641727,64111.96834083,7816.60168301,9240.40376322,,,,,,,False,False,False,False,False
2023-09-12,7.75,7.75,7.45287150995258,63734.19886518,7170.62249398,7816.60168301,,,,,,,False,False,False,False,False
2023-09-13,7.75,7.75,7.42336693491947,63531.85477733,5851.73159686,7170.62249398,,,,,,,False,False,False,False,False
2023-09-14,7.75,7.75,7.4027489608761,63144.92847926,4457.08186587,5851.73159686,,,,,,,False,False,False,False,False
2023-09-15,7.5,7.5,7.3693192884117,63246.77971829,3075.6240761,4457.08186587,,,,,,,False,False,False,False,False
2023-09-18,7.5,7.5,7.35288425482362,63996.03633102,2872.83661352,3075.6240761,,,,,,,False,False,False,False,False
2023-09-19,7.5,7.5,7.31601236911953,64510.03137205,2955.32705267,2872.83661352,,,,,,,False,False,False,False,False
2023-09-20,7.5,7.5,7.30757199931533,64849.74843618,2331.04138897,2955.32705267,,,,,,,False,False,False,False,False
2023-09-21,7.5,7.5,7.28665970209372,65717.16624047,1757.93314966,2331.04138897,,,,,,,False,False,False,False,False
2023-09-22,7.5,7.5,7.27561552663241,65946.8499855,1487.45906038,1757.93314966,,,,,,,False,False,False,False,False
2023-09-25,7.5,7.5,7.24773716802548,66248.36369255,1932.96382918,1487.45906038,,,,,,,False,False,False,False,False
2023-09-26,7.5,7.5,7.23906973948884,65949.62062618,1846.50213062,1932.96382918,,,,,,,False,False,False,False,False
2023-09-27,7.5,7.5,7.23607485597201,65487.32411503,1195.40772359,1846.50213062,,,,,,,False,False,False,False,False
2023-09-28,7.5,7.5,7.23316075369047,65312.14376628,1621.20250006,1195.40772359,,,,,,,False,False,False,False,False
2023-09-29,7.5,7.5,7.23136944887677,64774.45840305,1313.38960247,1621.20250006,,,,,,,False,False,False,False,False
2023-10-02,7.5,7.5,7.23136944887677,64812.60129925,13831.66778361,1313.38960247,,,,,,,False,False,False,False,False
2023-10-03,7.5,7.5,7.20622616950503,64343.68345003,12769.11110326,13831.66778361,,,,,,,False,False,False,False,False
2023-10-04,7.5,7.5,7.20622616950503,63980.1800226,11613.34903543,12769.11110326,,,,,,,False,False,False,False,False
2023-10-05,7.5,7.5,7.20622616950503,63813.75876236,10129.91480901,11613.34903543,,,,,,,False,False,False,False,False
2023-10-06,7.25,7.25,7.20622616950503,63366.01566556,10424.46719559,10129.91480901,,,,,,,False,False,False,False,False
2023-10-09,7.25,7.25,7.20622616950503,63541.11079605,10065.61490393,10424.46719559,,,,,,,False,False,False,False,False
2023-10-10,7.25,7.25,7.20622616950503,63567.26656498,8586.14716831,10065.61490393,,,,,,,False,False,False,False,False
2023-10-11,7.25,7.25,7.20622616950503,63180.26140749,7880.64686473,8586.14716831,,,,,,,False,False,False,False,False
2023-10-12,7.25,7.25,7.20622616950503,62542.04239105,6293.96928797,7880.64686473,,,,,,,False,False,False,False,False
2023-10-13,7.26,7.25,7.20622616950503,61995.73423365,5957.58418088,6293.96928797,,,,,,,False,False,False,False,False
2023-10-16,7.28,7.25,7.19370561323552,62553.12971507,7762.78100348,5957.58418088,,,,,,,False,False,False,False,False
2023-10-17,7.25,7.25,7.16775206757933,60444.36560497,8551.56994458,7762.78100348,,,,,,,False,False,False,False,False
2023-10-18,6.97,7.25,7.15815389528545,63074.35894284,5264.84190399,8551.56994458,,,,,,,False,False,False,False,False
2023-10-19,7.25,7.25,7.13403557726922,63369.73698953,4352.06211335,5264.84190399,,,,,,,False,False,False,False,False
2023-10-20,7.25,7.25,7.12373014139262,64429.43263002,2779.77282399,4352.06211335,,,,,,,False,False,False,False,False
2023-10-23,7.25,7.25,7.11248413597672,64371.27913552,2250.31561501,2779.77282399,,,,,,,False,False,False,False,False
2023-10-24,7.25,7.25,7.10584282215436,65146.58622449,2112.50083077,2250.31561501,,,,,,,False,False,False,False,False
2023-10-25,7.25,7.25,7.10383401647578,65316.14737495,2030.67839609,2112.50083077,,,,,,,False,False,False,False,False
2023-10-26,7.25,7.25,7.1018622571144,64580.02418844,2345.91248652,2030.67839609,,,,,,,False,False,False,False,False
2023-10-27,7.25,7.25,7.0989718687289,64026.42879952,1735.28068904,2345.91248652,,,,,,,False,False,False,False,False
2023-10-30,7.25,7.25,7.09319827136905,63504.70937891,1878.12833437,1735.28068904,,,,,,,False,False,False,False,False
2023-10-31,7.25,7.25,7.09319827136905,63044.22227863,1091.04545961,1878.12833437,,,,,,,False,False,False,False,False
2023-11-01,7.25,7.25,7.09319827136905,63044.22227863,1091.04545961,1091.04545961,,interpolacion_lineal,interpolacion_lineal,interpolacion_lineal,forward_fill_max5,forward_fill_max5,False,False,False,False,False
2023-11-02,7.25,7.25,7.09319827136905,62208.55751101,13395.39231645,1091.04545961,,,,,,,False,False,False,False,False
2023-11-03,7.25,7.25,7.09319827136905,61936.88146649,11746.83441101,13395.39231645,,,,,,,False,False,False,False,False
2023-11-06,7.25,7.25,7.09319827136905,61586.9855146,11155.18924348,11746.83441101,,,,,,,False,False,False,False,False
2023-11-07,7.25,7.25,7.09319827136905,61581.25727611,10195.96914267,11155.18924348,,,,,,,False,False,False,False,False
2023-11-08,7.2,7.25,7.09319827136905,61157.96041902,8143.7766727,10195.96914267,,,,,,,False,False,False,False,False
2023-11-09,7.25,7.25,7.09319827136905,61196.25405359,8342.18212769,8143.7766727,,,,,,,False,False,False,False,False
2023-11-10,7.0,7.0,7.09319827136905,60883.49870397,8289.92817501,8342.18212769,,,,,,,False,False,False,False,False
2023-11-13,7.0,7.0,7.06653293855284,61064.14061568,7584.96019775,8289.92817501,,,,,,,False,False,False,False,False
2023-11-14,7.1,7.0,7.06653293855284,60759.84655893,9207.89618596,7584.96019775,,,,,,,False,False,False,False,False
2023-11-15,7.0,7.0,7.06130605463372,60104.25566428,7723.27979673,9207.89618596,,,,,,,False,False,False,False,False
2023-11-16,7.0,7.0,7.02392622078655,60021.81845357,6173.16823415,7723.27979673,,,,,,,False,False,False,False,False
2023-11-17,7.0,7.0,6.98647485267035,60329.46813147,3775.15940653,6173.16823415,,,,,,,False,False,False,False,False
2023-11-20,7.0,7.0,6.97480543095018,60534.50882817,4292.01551235,3775.15940653,,,,,,,False,False,False,False,False
2023-11-21,7.0,7.0,6.96321422426563,61420.19582935,3417.69687601,4292.01551235,,,,,,,False,False,False,False,False
2023-11-22,6.99,7.0,6.9530303938114,61940.14880833,2785.97001879,3417.69687601,,,,,,,False,False,False,False,False
2023-11-23,7.0,7.0,6.94822002793098,62253.1864201,2093.7702488,2785.97001879,,,,,,,False,False,False,False,False
2023-11-24,7.0,7.0,6.94822002793098,62248.07104014,1957.33554639,2093.7702488,,,,,,,False,False,False,False,False
2023-11-27,7.0,7.0,6.93426654730507,62324.38338766,1901.00000594,1957.33554639,,,,,,,False,False,False,False,False
2023-11-28,7.0,7.0,6.92719442156611,62097.11575169,1660.63262576,1901.00000594,,,,,,,False,False,False,False,False
2023-11-29,7.0,7.0,6.91790623168075,61595.42070905,1255.0896797,1660.63262576,,,,,,,False,False,False,False,False
2023-11-30,7.0,7.0,6.91790623168075,60901.40087142,1680.3012833,1255.0896797,,,,,,,False,False,False,False,False
2023-12-01,7.0,7.0,6.91790623168075,61510.45872168,10076.0078313,1680.3012833,,,,,,,False,False,False,False,False
2023-12-04,7.0,7.0,6.91790623168075,61344.55941924,12235.44088083,10076.0078313,,,,,,,False,False,False,False,False
2023-12-05,7.0,7.0,6.91790623168075,60357.32282176,10800.67709187,12235.44088083,,,,,,,False,False,False,False,False
2023-12-06,7.0,7.0,6.91790623168075,60214.60857075,9083.18446457,10800.67709187,,,,,,,False,False,False,False,False
2023-12-07,7.0,7.0,6.91790623168075,60149.47988815,8117.13516273,9083.18446457,,,,,,,False,False,False,False,False
2023-12-08,7.0,7.0,6.91790623168075,60149.47988815,8117.13516273,8117.13516273,,interpolacion_lineal,interpolacion_lineal,interpolacion_lineal,forward_fill_max5,forward_fill_max5,False,False,False,False,False
2023-12-11,7.0,7.0,6.91790623168075,60214.83349116,8518.17964727,8117.13516273,,,,,,,False,False,False,False,False
2023-12-12,7.0,7.0,6.91790623168075,59982.53509709,8138.44213433,8518.17964727,,,,,,,False,False,False,False,False
2023-12-13,7.0,7.0,6.89557558130427,59369.13186162,7983.25504037,8138.44213433,,,,,,,False,False,False,False,False
2023-12-14,7.0,7.0,6.87210751760038,58401.25977594,7997.0490736,7983.25504037,,,,,,,False,False,False,False,False
2023-12-15,6.75,6.75,6.82566363428519,58141.90789194,7562.49073914,7997.0490736,,,,,,,False,False,False,False,False
2023-12-18,6.75,6.75,6.80205910942022,58056.72267248,7158.28750939,7562.49073914,,,,,,,False,False,False,False,False
2023-12-19,6.75,6.75,6.74424204094274,58473.10663017,6184.08213129,7158.28750939,,,,,,,False,False,False,False,False
2023-12-20,6.75,6.75,6.7290792337382,58032.60132086,4709.36867897,6184.08213129,,,,,,,False,False,False,False,False
2023-12-21,6.75,6.75,6.7098618893335,58333.09924193,4558.11077064,4709.36867897,,,,,,,False,False,False,False,False
2023-12-22,6.75,6.75,6.69845573053555,58671.97371596,2284.48890782,4558.11077064,,,,,,,False,False,False,False,False
2023-12-25,6.75,6.75,6.69396936910345,58671.97371596,2284.48890782,2284.48890782,,interpolacion_lineal,interpolacion_lineal,interpolacion_lineal,forward_fill_max5,forward_fill_max5,False,False,False,False,False
2023-12-26,6.75,6.75,6.68948300767135,57885.23443918,2599.34757748,2284.48890782,,,,,,,False,False,False,False,False
2023-12-27,6.75,6.75,6.68501426371864,56984.16721502,1876.88942846,2599.34757748,,,,,,,False,False,False,False,False
2023-12-28,6.75,6.75,6.67774632628651,56470.70573753,1647.38074891,1876.88942846,,,,,,,False,False,False,False,False
2023-12-29,6.75,6.75,6.67774632628651,55038.37780984,1396.70112826,1647.38074891,,,,,,,False,False,False,False,False
2024-01-01,6.75,6.75,6.676614537653603,55038.37780984,1396.70112826,1396.70112826,,interpolacion_lineal,interpolacion_lineal,interpolacion_lineal,forward_fill_max5,forward_fill_max5,False,False,False,False,False
2024-01-02,6.75,6.75,6.675482749020697,55038.37780984,1396.70112826,1396.70112826,,interpolacion_lineal,interpolacion_lineal,interpolacion_lineal,forward_fill_max5,forward_fill_max5,False,False,False,False,False
2024-01-03,6.75,6.75,6.67435096038779,55808.05171366,12396.96657233,1396.70112826,,,,,,,False,False,False,False,False
2024-01-04,6.75,6.75,6.67435096038779,54298.8457206,12663.93910032,12396.96657233,,,,,,,False,False,False,False,False
2024-01-05,6.75,6.75,6.67435096038779,53279.17822348,12438.81040685,12663.93910032,,,,,,,False,False,False,False,False
2024-01-08,6.75,6.75,6.67435096038779,53198.18482766,12196.14110984,12438.81040685,,,,,,,False,False,False,False,False
2024-01-09,6.75,6.75,6.67435096038779,53381.15138214,11065.93481587,12196.14110984,,,,,,,False,False,False,False,False
2024-01-10,6.75,6.75,6.65539101733372,53059.97027994,10136.81416372,11065.93481587,,,,,,,False,False,False,False,False
2024-01-11,6.75,6.75,6.6413511714661,52256.5984742,7995.48999902,10136.81416372,,,,,,,False,False,False,False,False
2024-01-12,6.5,6.5,6.63296453076825,51451.74054805,7007.62895367,7995.48999902,,,,,,,False,False,False,False,False
2024-01-15,6.5,6.5,6.56308084943953,50818.06936705,6209.33786389,7007.62895367,,,,,,,False,False,False,False,False
2024-01-16,6.5,6.5,6.53387047746335,51179.72303624,4732.09021722,6209.33786389,,,,,,,False,False,False,False,False
2024-01-17,6.5,6.5,6.50620494129855,51174.24608882,4869.87779288,4732.09021722,,,,,,,False,False,False,False,False
2024-01-18,6.5,6.5,6.50620494129855,51792.78423691,3949.6533474,4869.87779288,,,,,,,False,False,False,False,False
2024-01-19,6.5,6.5,6.50620494129855,52378.20582354,3923.67148456,3949.6533474,,,,,,,False,False,False,False,False
2024-01-22,6.5,6.5,6.49137285567307,53442.88851013,3572.46668238,3923.67148456,,,,,,,False,False,False,False,False
2024-01-23,6.5,6.5,6.48679806901402,53787.2023788,1915.57581966,3572.46668238,,,,,,,False,False,False,False,False
2024-01-24,6.5,6.5,6.48679806901402,54745.04080107,2703.43509378,1915.57581966,,,,,,,False,False,False,False,False
2024-01-25,6.5,6.5,6.468337716355,55281.94968481,2655.95197427,2703.43509378,,,,,,,False,False,False,False,False
2024-01-26,6.5,6.5,6.468337716355,53686.77911338,2167.73619337,2655.95197427,,,,,,,False,False,False,False,False
2024-01-29,6.5,6.5,6.468337716355,53003.0577637,1241.28804396,2167.73619337,,,,,,,False,False,False,False,False
2024-01-30,6.5,6.5,6.468337716355,52650.18995033,1183.60222727,1241.28804396,,,,,,,False,False,False,False,False
2024-01-31,6.52,6.5,6.468337716355,52294.03789195,1173.35315286,1183.60222727,,,,,,,False,False,False,False,False
2024-02-01,6.5,6.5,6.468337716355,52090.55308642,13432.85131625,1173.35315286,,,,,,,False,False,False,False,False
2024-02-02,6.5,6.5,6.468337716355,51930.29905479,11723.96749117,13432.85131625,,,,,,,False,False,False,False,False
2024-02-05,6.5,6.5,6.468337716355,51869.33179731,11206.80201372,11723.96749117,,,,,,,False,False,False,False,False
2024-02-06,6.5,6.5,6.468337716355,51910.21697142,9439.51675603,11206.80201372,,,,,,,False,False,False,False,False
2024-02-07,6.5,6.5,6.468337716355,51069.92488768,9705.88439626,9439.51675603,,,,,,,False,False,False,False,False
2024-02-08,6.5,6.5,6.468337716355,51322.22162414,9075.76903171,9705.88439626,,,,,,,False,False,False,False,False
2024-02-09,6.25,6.25,6.46028472042919,46354.01690984,7977.18244432,9075.76903171,,,,,,,False,False,False,False,False
2024-02-12,6.25,6.25,6.4530072167082,47523.93502091,7255.95589732,7977.18244432,,,,,,,False,False,False,False,False
2024-02-13,6.25,6.25,6.44592446725381,47081.64514422,5715.49989958,7255.95589732,,,,,,,False,False,False,False,False
2024-02-14,6.25,6.25,6.40055250724958,46616.67015874,5814.5487893,5715.49989958,,,,,,,False,False,False,False,False
2024-02-15,6.25,6.25,6.38388970477843,46265.39955247,4191.41341746,5814.5487893,,,,,,,False,False,False,False,False
2024-02-16,6.25,6.25,6.36605615468405,46473.48706192,3827.05391057,4191.41341746,,,,,,,False,False,False,False,False
2024-02-19,6.25,6.25,6.31170856550732,47736.91611284,4084.32620845,3827.05391057,,,,,,,False,False,False,False,False
2024-02-20,6.25,6.25,6.30252604866708,48849.79923122,2497.41219205,4084.32620845,,,,,,,False,False,False,False,False
2024-02-21,6.25,6.25,6.30252604866708,50191.80003829,2961.50624908,2497.41219205,,,,,,,False,False,False,False,False
2024-02-22,6.25,6.25,6.28014587050719,50389.37867304,2060.96657161,2961.50624908,,,,,,,False,False,False,False,False
2024-02-23,6.25,6.25,6.28014587050719,50951.96377584,1627.17564205,2060.96657161,,,,,,,False,False,False,False,False
2024-02-26,6.25,6.25,6.28014587050719,50899.55342279,1727.51937702,1627.17564205,,,,,,,False,False,False,False,False
2024-02-27,6.25,6.25,6.28014587050719,50591.31711474,2879.76811261,1727.51937702,,,,,,,False,False,False,False,False
2024-02-28,6.25,6.25,6.26056961981787,50768.61075175,1498.72033236,2879.76811261,,,,,,,False,False,False,False,False
2024-02-29,6.25,6.25,6.26056961981787,51403.70476432,929.3212372,1498.72033236,,,,,,,False,False,False,False,False
2024-03-01,6.25,6.25,6.26056961981787,51095.6392953,11284.89768701,929.3212372,,,,,,,False,False,False,False,False
2024-03-04,6.25,6.25,6.26056961981787,51209.8633205,11249.29869609,11284.89768701,,,,,,,False,False,False,False,False
2024-03-05,6.25,6.25,6.26056961981787,50662.47479444,11089.50794994,11249.29869609,,,,,,,False,False,False,False,False
2024-03-06,6.25,6.25,6.26056961981787,50377.87903199,10600.87711702,11089.50794994,,,,,,,False,False,False,False,False
2024-03-07,6.25,6.25,6.26056961981787,50196.98414229,9930.19216333,10600.87711702,,,,,,,False,False,False,False,False
2024-03-08,6.25,6.25,6.26056961981787,50277.55622059,8511.79773634,9930.19216333,,,,,,,False,False,False,False,False
2024-03-11,6.25,6.25,6.2570357360109,50052.05877064,7146.03949662,8511.79773634,,,,,,,False,False,False,False,False
2024-03-12,6.25,6.25,6.2089222988314,49981.14867384,7229.74215392,7146.03949662,,,,,,,False,False,False,False,False
2024-03-13,6.25,6.25,6.19646327197271,49818.20667992,6610.02606006,7229.74215392,,,,,,,False,False,False,False,False
2024-03-14,6.25,6.25,6.14733022517721,49532.39108789,5958.05816421,6610.02606006,,,,,,,False,False,False,False,False
2024-03-15,6.25,6.25,6.14242702912077,49640.76745504,5607.39438811,5958.05816421,,,,,,,False,False,False,False,False
2024-03-18,6.07,6.25,6.09892468198009,50221.4979788,5031.33283462,5607.39438811,,,,,,,False,False,False,False,False
2024-03-19,6.25,6.25,6.08622273670415,50352.29708939,3336.20461789,5031.33283462,,,,,,,False,False,False,False,False
2024-03-20,6.25,6.25,6.05183197390369,51547.8312175,3545.48011485,3336.20461789,,,,,,,False,False,False,False,False
2024-03-21,6.25,6.25,6.02265723054748,52840.57272629,2869.07978452,3545.48011485,,,,,,,False,False,False,False,False
2024-03-22,6.25,6.25,6.02265723054748,53026.11028201,2913.73502924,2869.07978452,,,,,,,False,False,False,False,False
2024-03-25,6.25,6.25,6.02265723054748,54091.25805298,2540.2983978,2913.73502924,,,,,,,False,False,False,False,False
2024-03-26,6.25,6.25,5.98378833056262,54555.68252179,1657.5128664,2540.2983978,,,,,,,False,False,False,False,False
2024-03-27,6.25,6.25,5.97343490397504,53749.72357745,1439.06821492,1657.5128664,,,,,,,False,False,False,False,False
2024-03-28,6.25,6.25,5.97343490397504,53749.72357745,1439.06821492,1439.06821492,,interpolacion_lineal,interpolacion_lineal,interpolacion_lineal,forward_fill_max5,forward_fill_max5,False,False,False,False,False
2024-03-29,6.25,6.25,5.97343490397504,53749.72357745,1439.06821492,1439.06821492,,interpolacion_lineal,interpolacion_lineal,interpolacion_lineal,forward_fill_max5,forward_fill_max5,False,False,False,False,False
2024-04-01,6.25,6.25,5.97343490397504,54193.36120938,12742.15681747,1439.06821492,,,,,,,False,False,False,False,False
2024-04-02,6.25,6.25,5.97343490397504,54289.43133076,11655.04188718,12742.15681747,,,,,,,False,False,False,False,False
2024-04-03,6.25,6.25,5.97343490397504,54376.41180577,10785.48350286,11655.04188718,,,,,,,False,False,False,False,False
2024-04-04,6.25,6.25,5.97343490397504,54228.99445426,10246.57960203,10785.48350286,,,,,,,False,False,False,False,False
2024-04-05,6.25,6.25,5.97343490397504,54417.68840263,5944.65529363,10246.57960203,,,,,,,False,False,False,False,False
2024-04-08,6.25,6.25,5.97343490397504,54889.03490291,4419.30184608,5944.65529363,,,,,,,False,False,False,False,False
2024-04-09,6.25,6.25,5.97343490397504,55403.01379129,4691.39174403,4419.30184608,,,,,,,False,False,False,False,False
2024-04-10,6.25,6.25,5.97343490397504,55160.68586032,4490.77182708,4691.39174403,,,,,,,False,False,False,False,False
2024-04-11,6.25,6.25,5.97343490397504,55335.5843538,4200.54178994,4490.77182708,,,,,,,False,False,False,False,False
2024-04-12,6.0,6.0,5.97343490397504,54979.93128569,4297.00254765,4200.54178994,,,,,,,False,False,False,False,False
2024-04-15,6.0,6.0,5.97128824002193,55346.90620817,4489.76346686,4297.00254765,,,,,,,False,False,False,False,False
2024-04-16,6.0,6.0,5.96706951137102,55169.96772389,4507.02817989,4489.76346686,,,,,,,False,False,False,False,False
2024-04-17,6.0,6.0,5.96301436103651,55482.61544733,4619.28607161,4507.02817989,,,,,,,False,False,False,False,False
2024-04-18,6.0,6.0,5.911426983896,55796.30734672,4666.06985737,4619.28607161,,,,,,,False,False,False,False,False
2024-04-19,6.0,6.0,5.90525250279018,56675.80752176,3592.09575902,4666.06985737,,,,,,,False,False,False,False,False
2024-04-22,6.0,6.0,5.85771616199389,57227.53748201,3228.05624364,3592.09575902,,,,,,,False,False,False,False,False
2024-04-23,6.0,6.0,5.84914204043842,56057.09878122,2500.94928206,3228.05624364,,,,,,,False,False,False,False,False
2024-04-24,6.0,6.0,5.82890845,56067.43561,2104.031108,2500.94928206,,,,,,,False,False,False,False,False
2024-04-25,6.0,6.0,5.82890844990316,55638.45239111,2586.32042596,2104.031108,,,,,,,False,False,False,False,False
2024-04-26,6.0,6.0,5.82890844990316,55222.95617776,2587.8390851,2586.32042596,,,,,,,False,False,False,False,False
2024-04-29,6.0,6.0,5.82890844990316,54863.96100691,1214.14401531,2587.8390851,,,,,,,False,False,False,False,False
2024-04-30,6.0,6.0,5.82890844990316,54541.73596873,1455.62667852,1214.14401531,,,,,,,False,False,False,False,False
2024-05-01,6.0,6.0,5.82890844990316,54541.73596873,1455.62667852,1455.62667852,,interpolacion_lineal,interpolacion_lineal,interpolacion_lineal,forward_fill_max5,forward_fill_max5,False,False,False,False,False
2024-05-02,6.0,6.0,5.82890844990316,54277.39551688,13412.64633661,1455.62667852,,,,,,,False,False,False,False,False
2024-05-03,6.0,6.0,5.81717152447411,54128.62749155,11409.46459546,13412.64633661,,,,,,,False,False,False,False,False
2024-05-06,6.0,6.0,5.81717152447411,53703.24054361,11588.06650989,11409.46459546,,,,,,,False,False,False,False,False
2024-05-07,6.0,6.0,5.81717152447411,53521.31975475,10767.54138977,11588.06650989,,,,,,,False,False,False,False,False
2024-05-08,6.0,6.0,5.81717152447411,52263.32521974,9784.56758748,10767.54138977,,,,,,,False,False,False,False,False
2024-05-09,6.0,6.0,5.81717152447411,52336.82616305,7247.90590749,9784.56758748,,,,,,,False,False,False,False,False
2024-05-10,5.75,5.75,5.80606555730233,51951.7299344,5116.57378535,7247.90590749,,,,,,,False,False,False,False,False
2024-05-13,5.75,5.75,5.79495277880337,51495.45853528,4323.84507682,5116.57378535,,,,,,,False,False,False,False,False
2024-05-14,5.75,5.75,5.78416368532715,50967.49320147,3338.25841899,4323.84507682,,,,,,,False,False,False,False,False
2024-05-15,5.75,5.75,5.7361529084028,50491.22891511,3730.69683661,3338.25841899,,,,,,,False,False,False,False,False
2024-05-16,5.75,5.75,5.73015710531373,50414.17519692,3109.0123186,3730.69683661,,,,,,,False,False,False,False,False
2024-05-17,5.75,5.75,5.7267873360922,50152.33878953,3000.04295193,3109.0123186,,,,,,,False,False,False,False,False
2024-05-20,5.75,5.75,5.72071450276167,50700.11138091,3591.96143469,3000.04295193,,,,,,,False,False,False,False,False
2024-05-21,5.75,5.75,5.68239760692593,51626.61596768,3431.09817713,3591.96143469,,,,,,,False,False,False,False,False
2024-05-22,5.75,5.75,5.67986082580231,51992.15714484,2782.1512248,3431.09817713,,,,,,,False,False,False,False,False
2024-05-23,5.75,5.75,5.65528470562566,52090.10394934,3393.7226676,2782.1512248,,,,,,,False,False,False,False,False
2024-05-24,5.75,5.75,5.65528470562566,52211.98052141,3441.53517024,3393.7226676,,,,,,,False,False,False,False,False
2024-05-27,5.75,5.75,5.65528470562566,52169.39720819,2604.90101973,3441.53517024,,,,,,,False,False,False,False,False
2024-05-28,5.75,5.75,5.62668527320139,51636.11800731,1733.87216417,2604.90101973,,,,,,,False,False,False,False,False
2024-05-29,5.75,5.75,5.62543620046461,51627.96465939,1590.89194368,1733.87216417,,,,,,,False,False,False,False,False
2024-05-30,5.75,5.75,5.62543620046461,51886.83798319,1033.21931352,1590.89194368,,,,,,,False,False,False,False,False
2024-05-31,5.75,5.75,5.62543620046461,52080.75397227,1468.99970863,1033.21931352,,,,,,,False,False,False,False,False
2024-06-03,5.75,5.75,5.62543620046461,52209.1929487,13585.98224411,1468.99970863,,,,,,,False,False,False,False,False
2024-06-04,5.75,5.75,5.62543620046461,51990.10745989,12839.87387999,13585.98224411,,,,,,,False,False,False,False,False
2024-06-05,5.75,5.75,5.62543620046461,51530.83571831,12070.9715678,12839.87387999,,,,,,,False,False,False,False,False
2024-06-06,5.74,5.75,5.62543620046461,51076.20752902,9804.52513753,12070.9715678,,,,,,,False,False,False,False,False
2024-06-07,5.745,5.75,5.62543620046461,51076.20752902,9804.52513753,9804.52513753,,interpolacion_lineal,interpolacion_lineal,interpolacion_lineal,forward_fill_max5,forward_fill_max5,False,False,False,False,False
2024-06-10,5.75,5.75,5.62543620046461,51274.15605891,8582.37765086,9804.52513753,,,,,,,False,False,False,False,False
2024-06-11,5.75,5.75,5.62543620046461,51338.97488433,7261.22460559,8582.37765086,,,,,,,False,False,False,False,False
2024-06-12,5.75,5.75,5.62543620046461,51278.56805133,7517.47905149,7261.22460559,,,,,,,False,False,False,False,False
2024-06-13,5.72,5.75,5.62543620046461,51278.33613108,4941.73252795,7517.47905149,,,,,,,False,False,False,False,False
2024-06-14,5.75,5.75,5.60316758556453,50513.34382208,4424.02635454,4941.73252795,,,,,,,False,False,False,False,False
2024-06-17,5.75,5.75,5.59618315631078,50552.28969625,4699.25052391,4424.02635454,,,,,,,False,False,False,False,False
2024-06-18,5.75,5.75,5.59136026328306,50446.77156322,3394.64624062,4699.25052391,,,,,,,False,False,False,False,False
2024-06-19,5.75,5.75,5.56609466384401,50299.7942736,3402.26087253,3394.64624062,,,,,,,False,False,False,False,False
2024-06-20,5.75,5.75,5.56282930101669,50831.5703313,3704.24394823,3402.26087253,,,,,,,False,False,False,False,False
2024-06-21,5.75,5.75,5.55990355599557,51542.78678928,2078.40658102,3704.24394823,,,,,,,False,False,False,False,False
2024-06-24,5.75,5.75,5.54662148092314,51907.84070572,2972.033002,2078.40658102,,,,,,,False,False,False,False,False
2024-06-25,5.75,5.75,5.54510605752625,52344.73056235,3261.18236734,2972.033002,,,,,,,False,False,False,False,False
2024-06-26,5.75,5.75,5.54510605752625,52411.24290954,3596.58025466,3261.18236734,,,,,,,False,False,False,False,False
2024-06-27,5.75,5.75,5.54510605752625,50901.59823509,2658.81540868,3596.58025466,,,,,,,False,False,False,False,False
2024-06-28,5.75,5.75,5.54510605752625,50330.04875986,1860.57177711,2658.81540868,,,,,,,False,False,False,False,False
2024-07-01,5.75,5.75,5.54510605752625,46083.83971118,15342.22404911,1860.57177711,,,,,,,False,False,False,False,False
2024-07-02,5.75,5.75,5.54510605752625,45747.07547869,14323.73163056,15342.22404911,,,,,,,False,False,False,False,False
2024-07-03,5.75,5.75,5.54420702082011,45159.70545479,13708.39094387,14323.73163056,,,,,,,False,False,False,False,False
2024-07-04,5.75,5.75,5.54308806563436,44240.6727821,11044.57039635,13708.39094387,,,,,,,False,False,False,False,False
2024-07-05,5.75,5.75,5.54056240164225,44416.61522122,9386.02132404,11044.57039635,,,,,,,False,False,False,False,False
2024-07-08,5.75,5.75,5.53472169502962,44550.26695166,8178.8146074,9386.02132404,,,,,,,False,False,False,False,False
2024-07-09,5.75,5.75,5.53113595041859,44164.36645654,8104.1571798,8178.8146074,,,,,,,False,False,False,False,False
2024-07-10,5.75,5.75,5.51937252399949,43411.79479843,8085.06736116,8104.1571798,,,,,,,False,False,False,False,False
2024-07-11,5.75,5.75,5.51624588811576,42892.54652056,6519.05670466,8085.06736116,,,,,,,False,False,False,False,False
2024-07-12,5.75,5.75,5.51370912131968,42482.997488,4555.44440155,6519.05670466,,,,,,,False,False,False,False,False
2024-07-15,5.75,5.75,5.51135522215429,42482.13646259,4467.40652273,4555.44440155,,,,,,,False,False,False,False,False
2024-07-16,5.75,5.75,5.50166469330151,42830.32330555,4700.94982852,4467.40652273,,,,,,,False,False,False,False,False
2024-07-17,5.75,5.75,5.50002116864739,43229.60440957,3419.17165872,4700.94982852,,,,,,,False,False,False,False,False
2024-07-18,5.7,5.75,5.49916390482654,43758.38279951,4639.12687831,3419.17165872,,,,,,,False,False,False,False,False
2024-07-19,5.75,5.75,5.49776426338141,44455.02201026,2963.99898489,4639.12687831,,,,,,,False,False,False,False,False
2024-07-22,5.74,5.75,5.49635671571972,45187.49242159,2997.32658507,2963.99898489,,,,,,,False,False,False,False,False
2024-07-23,5.665,5.75,5.49504931274962,45187.49242159,2997.32658507,2997.32658507,,interpolacion_lineal,interpolacion_lineal,interpolacion_lineal,forward_fill_max5,forward_fill_max5,False,False,False,False,False
2024-07-24,5.59,5.75,5.49374190977952,45390.02870081,3078.53560731,2997.32658507,,,,,,,False,False,False,False,False
2024-07-25,5.75,5.75,5.49374190977952,43308.00902394,1572.10170466,3078.53560731,,,,,,,False,False,False,False,False
2024-07-26,5.75,5.75,5.49374190977952,43308.00902394,1572.10170466,1572.10170466,,interpolacion_lineal,interpolacion_lineal,interpolacion_lineal,forward_fill_max5,forward_fill_max5,False,False,False,False,False
2024-07-29,5.75,5.75,5.49374190977952,43308.00902394,1572.10170466,1572.10170466,,interpolacion_lineal,interpolacion_lineal,interpolacion_lineal,forward_fill_max5,forward_fill_max5,False,False,False,False,False
2024-07-30,5.75,5.75,5.49374190977952,44775.66300583,6965.80599668,1572.10170466,,,,,,,False,False,False,False,False
2024-07-31,5.75,5.75,5.49374190977952,44716.14516606,1971.97086267,6965.80599668,,,,,,,False,False,False,False,False
2024-08-01,5.75,5.75,5.49374190977952,45073.79144991,12943.00526705,1971.97086267,,,,,,,False,False,False,False,False
2024-08-02,5.75,5.75,5.49374190977952,44038.21675022,11724.26341239,12943.00526705,,,,,,,False,False,False,False,False
2024-08-05,5.75,5.75,5.49374190977952,43253.63598691,10705.43483052,11724.26341239,,,,,,,False,False,False,False,False
2024-08-06,5.75,5.75,5.49307653123829,43253.63598691,10705.43483052,10705.43483052,,interpolacion_lineal,interpolacion_lineal,interpolacion_lineal,forward_fill_max5,forward_fill_max5,False,False,False,False,False
2024-08-07,5.75,5.75,5.49241115269706,43486.68131406,8674.20685244,10705.43483052,,,,,,,False,False,False,False,False
2024-08-08,5.75,5.75,5.48935272857555,43315.03601963,5856.99609086,8674.20685244,,,,,,,False,False,False,False,False
2024-08-09,5.5,5.5,5.48308832306713,37946.8093467,4674.0085543,5856.99609086,,,,,,,False,False,False,False,False
2024-08-12,5.5,5.5,5.47683378999561,44656.26497135,5551.0487978,4674.0085543,,,,,,,False,False,False,False,False
2024-08-13,5.5,5.5,5.46468168660272,44652.42716973,4544.27435173,5551.0487978,,,,,,,False,False,False,False,False
2024-08-14,5.5,5.5,5.44938849791519,44290.05447524,4673.90692748,4544.27435173,,,,,,,False,False,False,False,False
2024-08-15,5.5,5.5,5.44168250565537,44501.48343477,4088.94901225,4673.90692748,,,,,,,False,False,False,False,False
2024-08-16,5.5,5.5,5.43777359196711,44211.67346271,4266.37659468,4088.94901225,,,,,,,False,False,False,False,False
2024-08-19,5.5,5.5,5.42953354813607,45164.17794896,3671.8671954,4266.37659468,,,,,,,False,False,False,False,False
2024-08-20,5.5,5.5,5.41812995246392,46249.39263448,3123.19468587,3671.8671954,,,,,,,False,False,False,False,False
2024-08-21,5.5,5.5,5.4103905295359,46512.37973344,2723.38954901,3123.19468587,,,,,,,False,False,False,False,False
2024-08-22,5.37,5.5,5.40252143883147,46808.94148893,2039.5739851,2723.38954901,,,,,,,False,False,False,False,False
2024-08-23,5.5,5.5,5.38733503758306,47209.09580814,1840.67840195,2039.5739851,,,,,,,False,False,False,False,False
2024-08-26,5.5,5.5,5.38235416294481,48197.81979444,2337.54251879,1840.67840195,,,,,,,False,False,False,False,False
2024-08-27,5.5,5.5,5.38235416294481,48159.19158607,2264.60700909,2337.54251879,,,,,,,False,False,False,False,False
2024-08-28,5.44,5.5,5.36995860520239,47684.63561269,2523.61695891,2264.60700909,,,,,,,False,False,False,False,False
2024-08-29,5.5,5.5,5.36995860520239,47498.93312554,2116.7366983,2523.61695891,,,,,,,False,False,False,False,False
2024-08-30,5.5,5.5,5.36995860520239,47498.93312554,2116.7366983,2116.7366983,,interpolacion_lineal,interpolacion_lineal,interpolacion_lineal,forward_fill_max5,forward_fill_max5,False,False,False,False,False
2024-09-02,5.5,5.5,5.36995860520239,47822.94709895,13038.39648173,2116.7366983,,,,,,,False,False,False,False,False
2024-09-03,5.5,5.5,5.36591741332996,47700.2941372,12561.46251943,13038.39648173,,,,,,,False,False,False,False,False
2024-09-04,5.5,5.5,5.36181200183334,47400.46564824,12052.54847017,12561.46251943,,,,,,,False,False,False,False,False
2024-09-05,5.5,5.5,5.35579998178129,47150.23402015,10796.59183949,12052.54847017,,,,,,,False,False,False,False,False
2024-09-06,5.49,5.5,5.35425753874564,47374.38974987,9682.20419253,10796.59183949,,,,,,,False,False,False,False,False
2024-09-09,5.48,5.5,5.3499058683671,47795.5134484,7979.13534326,9682.20419253,,,,,,,False,False,False,False,False
2024-09-10,5.4,5.5,5.34414226207429,47471.59293145,6247.67066861,7979.13534326,,,,,,,False,False,False,False,False
2024-09-11,5.5,5.5,5.32257770312649,47251.3536825,5902.41811248,6247.67066861,,,,,,,False,False,False,False,False
2024-09-12,5.35,5.5,5.31628427167977,47003.56967103,4826.849644,5902.41811248,,,,,,,False,False,False,False,False
2024-09-13,5.25,5.25,5.27338743832391,46499.23191764,4438.9947655,4826.849644,,,,,,,False,False,False,False,False
2024-09-16,5.25,5.25,5.24775384901032,47022.72321056,4333.89551916,4438.9947655,,,,,,,False,False,False,False,False
2024-09-17,5.25,5.25,5.24051189001079,46881.54400407,3754.90454627,4333.89551916,,,,,,,False,False,False,False,False
2024-09-18,5.25,5.25,5.19645744198844,47191.24009585,3835.35377517,3754.90454627,,,,,,,False,False,False,False,False
2024-09-19,5.25,5.25,5.1742893958407,47109.97632558,3711.83416409,3835.35377517,,,,,,,False,False,False,False,False
2024-09-20,5.25,5.25,5.16109983994006,47224.49522975,3955.90137533,3711.83416409,,,,,,,False,False,False,False,False
2024-09-23,5.25,5.25,5.15684870896306,48317.19515248,3371.85186552,3955.90137533,,,,,,,False,False,False,False,False
2024-09-24,5.25,5.25,5.14549100731175,48902.19242208,2155.92156665,3371.85186552,,,,,,,False,False,False,False,False
2024-09-25,5.25,5.25,5.13995794948404,48380.78450791,3534.59887318,2155.92156665,,,,,,,False,False,False,False,False
2024-09-26,5.25,5.25,5.12745799932763,48380.12590272,3229.89371588,3534.59887318,,,,,,,False,False,False,False,False
2024-09-27,5.25,5.25,5.12745799932763,47239.82542642,3353.3239577,3229.89371588,,,,,,,False,False,False,False,False
2024-09-30,5.25,5.25,5.12745799932763,49112.24554109,1934.05235896,3353.3239577,,,,,,,False,False,False,False,False
2024-10-01,5.25,5.25,5.12659042429446,48956.25039831,12604.34606593,1934.05235896,,,,,,,False,False,False,False,False
2024-10-02,5.25,5.25,5.12554526574993,48484.96466005,11210.82046928,12604.34606593,,,,,,,False,False,False,False,False
2024-10-03,5.25,5.25,5.12554526574993,47959.94696422,11089.79360338,11210.82046928,,,,,,,False,False,False,False,False
2024-10-04,5.25,5.25,5.12283024516046,48198.69449787,8323.84965415,11089.79360338,,,,,,,False,False,False,False,False
2024-10-07,5.25,5.25,5.12283024516046,47389.31898477,10606.84977558,8323.84965415,,,,,,,False,False,False,False,False
2024-10-08,5.25,5.25,5.12042482836389,47389.31898477,10606.84977558,10606.84977558,,interpolacion_lineal,interpolacion_lineal,interpolacion_lineal,forward_fill_max5,forward_fill_max5,False,False,False,False,False
2024-10-09,5.25,5.25,5.11801941156732,47957.66860052,6766.70165437,10606.84977558,,,,,,,False,False,False,False,False
2024-10-10,5.25,5.25,5.11179604710648,48312.38181448,6792.49345119,6766.70165437,,,,,,,False,False,False,False,False
2024-10-11,5.25,5.25,5.09224743735886,45756.86991721,6195.03642932,6792.49345119,,,,,,,False,False,False,False,False
2024-10-14,5.25,5.25,5.08725823140137,45397.19779618,6674.08803896,6195.03642932,,,,,,,False,False,False,False,False
2024-10-15,5.25,5.25,5.06511279407013,47311.99066079,5923.21031037,6674.08803896,,,,,,,False,False,False,False,False
2024-10-16,5.25,5.25,5.05637858092467,47237.03051323,4605.74749769,5923.21031037,,,,,,,False,False,False,False,False
2024-10-17,5.25,5.25,5.03904601953294,47540.34687357,4492.18656973,4605.74749769,,,,,,,False,False,False,False,False
2024-10-18,5.25,5.25,5.03502211028691,47126.27149063,3412.64531496,4492.18656973,,,,,,,False,False,False,False,False
2024-10-21,5.25,5.25,5.01558285753098,48621.72657449,3616.43313974,3412.64531496,,,,,,,False,False,False,False,False
2024-10-22,5.25,5.25,5.01351778764287,49091.24113985,3759.47017683,3616.43313974,,,,,,,False,False,False,False,False
2024-10-23,5.25,5.25,5.01283431248498,48919.67855693,3887.12765201,3759.47017683,,,,,,,False,False,False,False,False
2024-10-24,5.25,5.25,4.99691237234877,49178.45629638,4019.6528505,3887.12765201,,,,,,,False,False,False,False,False
2024-10-25,5.25,5.25,4.99691237234877,48196.272504,4587.3237019,4019.6528505,,,,,,,False,False,False,False,False
2024-10-28,5.2,5.25,4.99518372443143,47473.97617966,2891.57014861,4587.3237019,,,,,,,False,False,False,False,False
2024-10-29,5.25,5.25,4.99100004132894,46511.3948315,1674.98313682,2891.57014861,,,,,,,False,False,False,False,False
2024-10-30,5.25,5.25,4.98639798830408,46119.75526592,1935.22850833,1674.98313682,,,,,,,False,False,False,False,False
2024-10-31,5.25,5.25,4.98639798830408,44949.49357777,1946.79761275,1935.22850833,,,,,,,False,False,False,False,False
2024-11-01,5.25,5.25,4.985924685172375,44949.49357777,1946.79761275,1946.79761275,,interpolacion_lineal,interpolacion_lineal,interpolacion_lineal,forward_fill_max5,forward_fill_max5,False,False,False,False,False
2024-11-04,5.25,5.25,4.98545138204067,45209.57199579,14373.68418856,1946.79761275,,,,,,,False,False,False,False,False
2024-11-05,5.25,5.25,4.9834997618824,45110.40519373,13420.22383789,14373.68418856,,,,,,,False,False,False,False,False
2024-11-06,5.25,5.25,4.98307847185436,44771.36828415,12284.67698827,13420.22383789,,,,,,,False,False,False,False,False
2024-11-07,5.25,5.25,4.98242710102746,43791.7724654,11477.16338638,12284.67698827,,,,,,,False,False,False,False,False
2024-11-08,5.0,5.0,4.97317799498903,42920.06433903,10001.0832316,11477.16338638,,,,,,,False,False,False,False,False
2024-11-11,5.0,5.0,4.94845105765538,43327.86548929,9912.4838457,10001.0832316,,,,,,,False,False,False,False,False
2024-11-12,5.0,5.0,4.94233261378251,42433.54347402,8359.73550801,9912.4838457,,,,,,,False,False,False,False,False
2024-11-13,5.0,5.0,4.93818196508554,41570.57271343,7317.40426505,8359.73550801,,,,,,,False,False,False,False,False
2024-11-14,5.0,5.0,4.91739737936128,41628.08898605,7416.62536097,7317.40426505,,,,,,,False,False,False,False,False
2024-11-15,5.0,5.0,4.89688963593283,41383.55848456,7285.05172312,7416.62536097,,,,,,,False,False,False,False,False
2024-11-18,5.0,5.0,4.89106273866063,41695.17707602,5142.01829936,7285.05172312,,,,,,,False,False,False,False,False
2024-11-19,5.0,5.0,4.87050073219115,42407.5615355,3835.50764245,5142.01829936,,,,,,,False,False,False,False,False
2024-11-20,5.0,5.0,4.86601421283204,42561.30827731,3041.10824027,3835.50764245,,,,,,,False,False,False,False,False
2024-11-21,5.0,5.0,4.8636745740926,43560.9386692,3580.01438596,3041.10824027,,,,,,,False,False,False,False,False
2024-11-22,5.0,5.0,4.85689747316213,43594.41207568,2878.73057572,3580.01438596,,,,,,,False,False,False,False,False
2024-11-25,5.0,5.0,4.85689747316213,44061.89962909,3864.81889437,2878.73057572,,,,,,,False,False,False,False,False
2024-11-26,5.0,5.0,4.8558634654121,44592.04388172,3703.11458472,3864.81889437,,,,,,,False,False,False,False,False
2024-11-27,5.0,5.0,4.85514480784265,44456.90341551,3242.44989341,3703.11458472,,,,,,,False,False,False,False,False
2024-11-28,5.0,5.0,4.85514480784265,44262.34329768,2944.00121768,3242.44989341,,,,,,,False,False,False,False,False
2024-11-29,5.0,5.0,4.85022836081099,43757.453205,1816.01466125,2944.00121768,,,,,,,False,False,False,False,False
2024-12-02,5.0,5.0,4.85022836081099,44198.91648339,14547.34164924,1816.01466125,,,,,,,False,False,False,False,False
2024-12-03,5.0,5.0,4.84960352859456,43615.05180104,12840.57174792,14547.34164924,,,,,,,False,False,False,False,False
2024-12-04,5.0,5.0,4.84912380099711,43138.86968483,12223.95626551,12840.57174792,,,,,,,False,False,False,False,False
2024-12-05,5.0,5.0,4.84912380099711,42775.53505359,11245.02457251,12223.95626551,,,,,,,False,False,False,False,False
2024-12-06,5.0,5.0,4.84912380099711,42078.26809078,9693.05728678,11245.02457251,,,,,,,False,False,False,False,False
2024-12-09,5.0,5.0,4.84759193207217,42078.26809078,9693.05728678,9693.05728678,,interpolacion_lineal,interpolacion_lineal,interpolacion_lineal,forward_fill_max5,forward_fill_max5,False,False,False,False,False
2024-12-10,5.0,5.0,4.84606006314723,42262.6056845,9225.62905263,9693.05728678,,,,,,,False,False,False,False,False
2024-12-11,5.0,5.0,4.84532625528947,41713.46619547,8708.12705524,9225.62905263,,,,,,,False,False,False,False,False
2024-12-12,5.0,5.0,4.84532625528947,41211.48489897,8442.0997953,8708.12705524,,,,,,,False,False,False,False,False
2024-12-13,5.0,5.0,4.84532625528947,40315.11838296,7953.82765428,8442.0997953,,,,,,,False,False,False,False,False
2024-12-16,5.0,5.0,4.81271534148787,39023.97846569,6518.98736218,7953.82765428,,,,,,,False,False,False,False,False
2024-12-17,5.0,5.0,4.80516235756411,38106.9368082,5805.68205681,6518.98736218,,,,,,,False,False,False,False,False
2024-12-18,4.29,5.0,4.77900394059392,38680.53253047,4189.12055888,5805.68205681,,,,,,,False,False,False,False,False
2024-12-19,5.0,5.0,4.777594555489,38702.07196108,2105.03503355,4189.12055888,,,,,,,False,False,False,False,False
2024-12-20,5.0,5.0,4.77554285394117,39030.52667952,1768.32654971,2105.03503355,,,,,,,False,False,False,False,False
2024-12-23,5.0,5.0,4.76921288908405,40094.84767369,2480.73888772,1768.32654971,,,,,,,False,False,False,False,False
2024-12-24,5.0,5.0,4.76724621485461,39922.9754502,3530.48298379,2480.73888772,,,,,,,False,False,False,False,False
2024-12-25,5.0,5.0,4.766399050860199,39922.9754502,3530.48298379,3530.48298379,,interpolacion_lineal,interpolacion_lineal,interpolacion_lineal,forward_fill_max5,forward_fill_max5,False,False,False,False,False
2024-12-26,5.0,5.0,4.76555188686579,39888.80926121,2453.61384352,3530.48298379,,,,,,,False,False,False,False,False
2024-12-27,5.0,5.0,4.75984609671527,39364.0699186,1514.59682394,2453.61384352,,,,,,,False,False,False,False,False
2024-12-30,4.94,5.0,4.75984609671527,38782.90825394,1453.99327815,1514.59682394,,,,,,,False,False,False,False,False
2024-12-31,4.96,5.0,4.75984609671527,38782.90825394,1453.99327815,1453.99327815,,interpolacion_lineal,interpolacion_lineal,interpolacion_lineal,forward_fill_max5,forward_fill_max5,False,False,False,False,False
2025-01-01,4.98,5.0,4.75984609671527,38782.90825394,1453.99327815,1453.99327815,,interpolacion_lineal,interpolacion_lineal,interpolacion_lineal,forward_fill_max5,forward_fill_max5,False,False,False,False,False
2025-01-02,5.0,5.0,4.75984609671527,37985.14458313,15980.40336268,1453.99327815,,,,,,,False,False,False,False,True
2025-01-03,5.0,5.0,4.7553972792312,37331.88762364,12929.83732781,15980.40336268,,,,,,,False,False,False,False,False
2025-01-06,5.0,5.0,4.7553972792312,36941.53906744,11444.57436854,12929.83732781,,,,,,,False,False,False,False,False
2025-01-07,5.0,5.0,4.75376167584762,36670.35331188,9771.57632903,11444.57436854,,,,,,,False,False,False,False,False
2025-01-08,5.0,5.0,4.7517889613147,36241.04093601,8762.32963811,9771.57632903,,,,,,,False,False,False,False,False
2025-01-09,5.0,5.0,4.75045276374215,36751.10979008,7561.11245732,8762.32963811,,,,,,,False,False,False,False,False
2025-01-10,4.75,4.75,4.74855713171527,36231.54886169,6338.8274035,7561.11245732,,,,,,,False,False,False,False,False
2025-01-13,4.75,4.75,4.74609680376855,35954.63454009,6590.52435507,6338.8274035,,,,,,,False,False,False,False,False
2025-01-14,4.75,4.75,4.7387408613587,35409.32418619,4952.16522319,6590.52435507,,,,,,,False,False,False,False,False
2025-01-15,4.75,4.75,4.71690636566249,35392.4070688,4541.08925094,4952.16522319,,,,,,,False,False,False,False,False
2025-01-16,4.74,4.75,4.71670921364036,35315.43907588,3500.58433659,4541.08925094,,,,,,,False,False,False,False,False
2025-01-17,4.74,4.75,4.71670921364036,35571.99581796,3455.27097197,3500.58433659,,,,,,,False,False,False,False,False
2025-01-20,4.75,4.75,4.71246154025269,34904.11043411,5824.50180762,3455.27097197,,,,,,,False,False,False,False,False
2025-01-21,4.75,4.75,4.711292510873,37250.83659218,4043.76470372,5824.50180762,,,,,,,False,False,False,False,False
2025-01-22,4.75,4.75,4.71003758785183,38328.87032586,3515.02131274,4043.76470372,,,,,,,False,False,False,False,False
2025-01-23,4.75,4.75,4.70890742689808,38524.15989892,3062.31539756,3515.02131274,,,,,,,False,False,False,False,False
2025-01-24,4.75,4.75,4.70890742689808,38232.1206926,2881.67751641,3062.31539756,,,,,,,False,False,False,False,False
2025-01-27,4.75,4.75,4.70890742689808,38314.06382641,2718.46910855,2881.67751641,,,,,,,False,False,False,False,False
2025-01-28,4.75,4.75,4.702008962526,38722.54004344,2418.17343154,2718.46910855,,,,,,,False,False,False,False,False
2025-01-29,4.75,4.75,4.70142388311132,38484.10150326,2797.88855888,2418.17343154,,,,,,,False,False,False,False,False
2025-01-30,4.54,4.75,4.70086869199553,38384.07900267,981.8039649,2797.88855888,,,,,,,False,False,False,False,False
2025-01-31,4.75,4.75,4.70086869199553,38132.37003311,1260.1123597,981.8039649,,,,,,,False,False,False,False,False
2025-02-03,4.75,4.75,4.70086869199553,38319.53625682,13551.1302824,1260.1123597,,,,,,,False,False,False,False,False
2025-02-04,4.75,4.75,4.70021636874608,38015.63274816,11210.68964833,13551.1302824,,,,,,,False,False,False,False,False
2025-02-05,4.75,4.75,4.69865659561105,38153.15108783,10678.48576619,11210.68964833,,,,,,,False,False,False,False,False
2025-02-06,4.75,4.75,4.69750811882134,38014.00628773,9362.0468809,10678.48576619,,,,,,,False,False,False,False,False
2025-02-07,4.75,4.75,4.69603184118791,38073.88485703,7370.13128419,9362.0468809,,,,,,,False,False,False,False,False
2025-02-10,4.75,4.75,4.68894753468668,39757.39336371,7256.63721093,7370.13128419,,,,,,,False,False,False,False,False
2025-02-11,4.75,4.75,4.68573250188597,33886.34991292,6579.24524215,7256.63721093,,,,,,,False,False,False,False,False
2025-02-12,4.75,4.75,4.68147369005777,33567.71759266,7991.16982969,6579.24524215,,,,,,,False,False,False,False,False
2025-02-13,4.75,4.75,4.67224202910595,34384.14339501,6895.03477558,7991.16982969,,,,,,,False,False,False,False,False
2025-02-14,4.75,4.75,4.65669241020341,33862.21687191,6696.03048426,6895.03477558,,,,,,,False,False,False,False,False
2025-02-17,4.75,4.75,4.6482630770095,34715.52944068,6782.02528815,6696.03048426,,,,,,,False,False,False,False,False
2025-02-18,4.75,4.75,4.64596725945807,34745.81172329,5693.05420412,6782.02528815,,,,,,,False,False,False,False,False
2025-02-19,4.75,4.75,4.64468356794437,34963.44996801,4826.08900942,5693.05420412,,,,,,,False,False,False,False,False
2025-02-20,4.75,4.75,4.63651639762347,35174.71862306,4441.42826949,4826.08900942,,,,,,,False,False,False,False,False
2025-02-21,4.75,4.75,4.63116949985464,36144.49055163,3148.3752573,4441.42826949,,,,,,,False,False,False,False,False
2025-02-24,4.75,4.75,4.63016953478191,36840.86529381,4433.02395767,3148.3752573,,,,,,,False,False,False,False,False
2025-02-25,4.75,4.75,4.62975068429374,37112.14522468,2851.25778954,4433.02395767,,,,,,,False,False,False,False,False
2025-02-26,4.75,4.75,4.62853573565603,37222.31099078,2750.21239602,2851.25778954,,,,,,,False,False,False,False,False
2025-02-27,4.75,4.75,4.62853573565603,37064.57736542,2272.21968832,2750.21239602,,,,,,,False,False,False,False,False
2025-02-28,4.82,4.75,4.62853573565603,37286.53777863,3410.78035543,2272.21968832,,,,,,,False,False,False,False,False
2025-03-03,4.75,4.75,4.62853573565603,38217.81006604,13158.8078691,3410.78035543,,,,,,,False,False,False,False,False
2025-03-04,4.75,4.75,4.62800213327435,37988.93347779,12307.53441353,13158.8078691,,,,,,,False,False,False,False,False
2025-03-05,4.75,4.75,4.62704605285387,37944.75837675,12203.3866654,12307.53441353,,,,,,,False,False,False,False,False
2025-03-06,4.75,4.75,4.62704605285387,37991.30642651,11573.90931304,12203.3866654,,,,,,,False,False,False,False,False
2025-03-07,4.75,4.75,4.62704605285387,37638.08171725,10993.75998506,11573.90931304,,,,,,,False,False,False,False,False
2025-03-10,4.75,4.75,4.62704605285387,37893.30878882,10173.04553235,10993.75998506,,,,,,,False,False,False,False,False
2025-03-11,4.75,4.75,4.62668125018425,37652.35347273,9948.62538647,10173.04553235,,,,,,,False,False,False,False,False
2025-03-12,4.75,4.75,4.62648891622534,37304.08239634,9674.96250963,9948.62538647,,,,,,,False,False,False,False,False
2025-03-13,4.75,4.75,4.62648891622534,36666.28678553,9109.47854632,9674.96250963,,,,,,,False,False,False,False,False
2025-03-14,4.75,4.75,4.61910252029694,36366.24660403,6594.97978157,9109.47854632,,,,,,,False,False,False,False,False
2025-03-17,4.75,4.75,4.61817710100075,35780.12903761,4958.81106949,6594.97978157,,,,,,,False,False,False,False,False
2025-03-18,4.75,4.75,4.615992496808,35156.56410694,3714.07082393,4958.81106949,,,,,,,False,False,False,False,False
2025-03-19,4.75,4.75,4.60819912569434,35552.76143157,3097.4197391,3714.07082393,,,,,,,False,False,False,False,False
2025-03-20,4.75,4.75,4.60697512549098,35970.43066652,3334.06281428,3097.4197391,,,,,,,False,False,False,False,False
2025-03-21,4.75,4.75,4.60620053074775,36292.19457547,2065.10001092,3334.06281428,,,,,,,False,False,False,False,False
2025-03-24,4.75,4.75,4.60552017953031,37407.62986075,3481.99471449,2065.10001092,,,,,,,False,False,False,False,False
2025-03-25,4.75,4.75,4.60526896833877,38046.85138016,2626.18000395,3481.99471449,,,,,,,False,False,False,False,False
2025-03-26,4.75,4.75,4.60121195267554,38292.58579738,2324.59103103,2626.18000395,,,,,,,False,False,False,False,False
2025-03-27,4.75,4.75,4.60121195267554,38466.11530095,1541.19122485,2324.59103103,,,,,,,False,False,False,False,False
2025-03-28,4.75,4.75,4.60121195267554,38440.65125318,2192.67936592,1541.19122485,,,,,,,False,False,False,False,False
2025-03-31,4.75,4.75,4.60121195267554,39036.62751148,1817.62586616,2192.67936592,,,,,,,False,False,False,False,False
2025-04-01,4.75,4.75,4.60057960008676,39640.03058501,13717.31475502,1817.62586616,,,,,,,False,False,False,False,False
2025-04-02,4.75,4.75,4.60032733461928,39680.10063627,13470.60577537,13717.31475502,,,,,,,False,False,False,False,False
2025-04-03,4.75,4.75,4.60032733461928,40138.20640071,13088.32528529,13470.60577537,,,,,,,False,False,False,False,False
2025-04-04,4.75,4.75,4.59457552071847,40367.02422692,12861.87273751,13088.32528529,,,,,,,False,False,False,False,False
2025-04-07,4.75,4.75,4.59206240305725,41574.18246197,9194.4242708,12861.87273751,,,,,,,False,False,False,False,False
2025-04-08,4.75,4.75,4.58764136366764,42083.40948422,8660.45403044,9194.4242708,,,,,,,False,False,False,False,False
2025-04-09,4.8,4.75,4.5806352734073,44273.40097446,9206.06883812,8660.45403044,,,,,,,False,False,False,False,False
2025-04-10,4.75,4.75,4.57789317595592,44125.34575842,7701.36235011,9206.06883812,,,,,,,False,False,False,False,False
2025-04-11,4.75,4.75,4.57789317595592,43599.1597116,7498.74297806,7701.36235011,,,,,,,False,False,False,False,False
2025-04-14,4.7,4.75,4.57359988093198,43501.7485392,4945.98970939,7498.74297806,,,,,,,False,False,False,False,False
2025-04-15,4.75,4.75,4.57317757122468,43141.44625378,2967.97853726,4945.98970939,,,,,,,False,False,False,False,False
2025-04-16,4.75,4.75,4.57309324151982,42475.7530509,2887.80163748,2967.97853726,,,,,,,False,False,False,False,False
2025-04-17,4.75,4.75,4.572696864114797,42475.7530509,2887.80163748,2887.80163748,,interpolacion_lineal,interpolacion_lineal,interpolacion_lineal,forward_fill_max5,forward_fill_max5,False,False,False,False,False
2025-04-18,4.75,4.75,4.572300486709773,42475.7530509,2887.80163748,2887.80163748,,interpolacion_lineal,interpolacion_lineal,interpolacion_lineal,forward_fill_max5,forward_fill_max5,False,False,False,False,False
2025-04-21,4.75,4.75,4.57190410930475,42296.93003493,4701.76005793,2887.80163748,,,,,,,False,False,False,False,False
2025-04-22,4.75,4.75,4.57182337436261,43648.65660194,2412.65180855,4701.76005793,,,,,,,False,False,False,False,False
2025-04-23,4.75,4.75,4.56365570468723,44464.72445198,2304.97931995,2412.65180855,,,,,,,False,False,False,False,False
2025-04-24,4.75,4.75,4.56245081705804,45314.86731012,2239.94764512,2304.97931995,,,,,,,False,False,False,False,False
2025-04-25,4.75,4.75,4.56245081705804,45309.6577644,2682.74560911,2239.94764512,,,,,,,False,False,False,False,False
2025-04-28,4.75,4.75,4.56245081705804,45792.1914837,3206.39425777,2682.74560911,,,,,,,False,False,False,False,False
2025-04-29,4.75,4.75,4.56229278893384,45407.77184861,1767.30016546,3206.39425777,,,,,,,False,False,False,False,False
2025-04-30,4.75,4.75,4.5591717206402,44689.17116917,3140.84334367,1767.30016546,,,,,,,False,False,False,False,False
2025-05-01,4.75,4.75,4.5591717206402,44689.17116917,3140.84334367,3140.84334367,,interpolacion_lineal,interpolacion_lineal,interpolacion_lineal,forward_fill_max5,forward_fill_max5,False,False,False,False,False
2025-05-02,4.75,4.75,4.5591717206402,44337.32813629,13804.48991352,3140.84334367,,,,,,,False,False,False,False,False
2025-05-05,4.75,4.75,4.5591717206402,44367.79002483,12835.29570153,13804.48991352,,,,,,,False,False,False,False,False
2025-05-06,4.76,4.75,4.55903160519885,44234.78492523,13072.5015856,12835.29570153,,,,,,,False,False,False,False,False
2025-05-07,4.75,4.75,4.5589045950781,43967.22525766,11986.74146398,13072.5015856,,,,,,,False,False,False,False,False
2025-05-08,4.75,4.75,4.54949865310415,44069.44697816,11447.00199746,11986.74146398,,,,,,,False,False,False,False,False
2025-05-09,4.5,4.5,4.54489796449642,43894.43610144,9320.55333591,11447.00199746,,,,,,,False,False,False,False,False
2025-05-12,4.5,4.5,4.54057293178681,43863.26619287,8646.82046819,9320.55333591,,,,,,,False,False,False,False,False
2025-05-13,4.5,4.5,4.53318274123575,43462.23883308,6612.33790611,8646.82046819,,,,,,,False,False,False,False,False
2025-05-14,4.5,4.5,4.52570668646989,42882.95642313,5446.48701627,6612.33790611,,,,,,,False,False,False,False,False
2025-05-15,4.5,4.5,4.52052859060754,42679.67670752,4799.62197152,5446.48701627,,,,,,,False,False,False,False,False
2025-05-16,4.5,4.5,4.51340435144026,42657.67611613,4468.44604972,4799.62197152,,,,,,,False,False,False,False,False
2025-05-19,4.5,4.5,4.50419571625596,43775.01324247,3500.90048293,4468.44604972,,,,,,,False,False,False,False,False
2025-05-20,4.5,4.5,4.49597036818947,43960.36769141,3410.14200874,3500.90048293,,,,,,,False,False,False,False,False
2025-05-21,4.5,4.5,4.47798659484926,44205.98734783,3853.68249815,3410.14200874,,,,,,,False,False,False,False,False
2025-05-22,4.5,4.5,4.4732771224026,44678.11375598,3629.74611106,3853.68249815,,,,,,,False,False,False,False,False
2025-05-23,4.5,4.5,4.4732771224026,44198.85923512,2365.04216115,3629.74611106,,,,,,,False,False,False,False,False
2025-05-26,4.5,4.5,4.47045245105469,45022.25615159,3072.81661283,2365.04216115,,,,,,,False,False,False,False,False
2025-05-27,4.5,4.5,4.46742855425607,45132.81814541,2160.09689179,3072.81661283,,,,,,,False,False,False,False,False
2025-05-28,4.5,4.5,4.46553680324557,45021.48545176,3408.78542875,2160.09689179,,,,,,,False,False,False,False,False
2025-05-29,4.5,4.5,4.46553680324557,44964.27935765,2664.65570619,3408.78542875,,,,,,,False,False,False,False,False
2025-05-30,4.5,4.5,4.46553680324557,44711.71247134,1461.62851223,2664.65570619,,,,,,,False,False,False,False,False
2025-06-02,4.5,4.5,4.46553680324557,44862.51208917,14085.14265367,1461.62851223,,,,,,,False,False,False,False,False
2025-06-03,4.5,4.5,4.45242578649149,44706.06038121,13212.82382222,14085.14265367,,,,,,,False,False,False,False,False
2025-06-04,4.5,4.5,4.45219436346536,44406.46174652,12566.23629811,13212.82382222,,,,,,,False,False,False,False,False
2025-06-05,4.5,4.5,4.45219436346536,44162.39836624,11865.03447371,12566.23629811,,,,,,,False,False,False,False,False
2025-06-06,4.5,4.5,4.45219436346536,43749.85344499,11044.35232648,11865.03447371,,,,,,,False,False,False,False,False
2025-06-09,4.5,4.5,4.44864945034813,44114.22962355,9891.35961188,11044.35232648,,,,,,,False,False,False,False,False
2025-06-10,4.5,4.5,4.44314770440329,43706.46552148,8972.5372199,9891.35961188,,,,,,,False,False,False,False,False
2025-06-11,4.5,4.5,4.44281355878811,47991.24292263,7922.97220136,8972.5372199,,,,,,,False,False,False,False,False
2025-06-12,4.5,4.5,4.44086958739,47995.3084577,7171.99520824,7922.97220136,,,,,,,False,False,False,False,False
2025-06-13,4.5,4.5,4.44086958739,47242.72731359,5819.26819497,7171.99520824,,,,,,,False,False,False,False,False
2025-06-16,4.5,4.5,4.44086958739,47179.03436411,6051.30551603,5819.26819497,,,,,,,False,False,False,False,False
2025-06-17,4.5,4.5,4.42370504317415,45101.44069337,5983.19015323,6051.30551603,,,,,,,False,False,False,False,False
2025-06-18,4.5,4.5,4.4197511857243,45116.10031672,5690.40695363,5983.19015323,,,,,,,False,False,False,False,False
2025-06-19,4.5,4.5,4.40344160765124,44987.2134847,4693.98833094,5690.40695363,,,,,,,False,False,False,False,False
2025-06-20,4.5,4.5,4.39941641791614,45088.45363961,4035.8837454,4693.98833094,,,,,,,False,False,False,False,False
2025-06-23,4.5,4.5,4.39058805386776,45454.20951895,3014.68612383,4035.8837454,,,,,,,False,False,False,False,False
2025-06-24,4.5,4.5,4.38710753342956,45383.6919568,2282.97396853,3014.68612383,,,,,,,False,False,False,False,False
2025-06-25,4.5,4.5,4.37668550583771,46020.53693015,2621.41654424,2282.97396853,,,,,,,False,False,False,False,False
2025-06-26,4.5,4.5,4.37456444977741,45520.4797977,2511.29367874,2621.41654424,,,,,,,False,False,False,False,False
2025-06-27,4.5,4.5,4.37456444977741,45040.95718578,1912.58917467,2511.29367874,,,,,,,False,False,False,False,False
2025-06-30,4.63,4.5,4.37456444977741,44651.04909151,2132.65986402,1912.58917467,,,,,,,False,False,False,False,False
2025-07-01,4.5,4.5,4.37422031168958,44367.48362216,14178.48620714,2132.65986402,,,,,,,False,False,False,False,False
2025-07-02,4.5,4.5,4.3738636023547,44039.03173068,12973.5310739,14178.48620714,,,,,,,False,False,False,False,False
2025-07-03,4.5,4.5,4.3738636023547,43416.59069585,12013.26637377,12973.5310739,,,,,,,False,False,False,False,False
2025-07-04,4.5,4.5,4.3738636023547,43033.3382002,9594.20629032,12013.26637377,,,,,,,False,False,False,False,False
2025-07-07,4.5,4.5,4.36151229689192,43790.47199634,9806.25835917,9594.20629032,,,,,,,False,False,False,False,False
2025-07-08,4.5,4.5,4.35716826100259,43797.70350853,8772.85540181,9806.25835917,,,,,,,False,False,False,False,False
2025-07-09,4.5,4.5,4.35067718295903,43337.91367228,8780.4141289,8772.85540181,,,,,,,False,False,False,False,False
2025-07-10,4.5,4.5,4.33546135168735,43000.68015583,8424.20393808,8780.4141289,,,,,,,False,False,False,False,False
2025-07-11,4.5,4.5,4.33143298048043,42752.20777163,6978.13010817,8424.20393808,,,,,,,False,False,False,False,False
2025-07-14,4.5,4.5,4.32623983399226,42530.07127626,6534.33059974,6978.13010817,,,,,,,False,False,False,False,False
2025-07-15,4.5,4.5,4.30819403440337,42440.70198885,6477.05123903,6534.33059974,,,,,,,False,False,False,False,False
2025-07-16,4.5,4.5,4.30588889891941,42364.14800403,6156.90609736,6477.05123903,,,,,,,False,False,False,False,False
2025-07-17,4.5,4.5,4.29950564223857,42184.25912134,5489.6283945,6156.90609736,,,,,,,False,False,False,False,False
2025-07-18,4.5,4.5,4.29950564223857,42134.7002487,5457.67814308,5489.6283945,,,,,,,False,False,False,False,False
2025-07-21,4.5,4.5,4.28109211952729,42401.42595186,3745.79130823,5457.67814308,,,,,,,False,False,False,False,False
2025-07-22,4.49,4.5,4.27666055468599,42353.32702379,2984.62664089,3745.79130823,,,,,,,False,False,False,False,False
2025-07-23,4.495,4.5,4.2754855178181,42353.32702379,2984.62664089,2984.62664089,,interpolacion_lineal,interpolacion_lineal,interpolacion_lineal,forward_fill_max5,forward_fill_max5,False,False,False,False,False
2025-07-24,4.5,4.5,4.27431048095021,42607.59515129,2289.49269321,2984.62664089,,,,,,,False,False,False,False,False
2025-07-25,4.5,4.5,4.26973955664035,42030.39842699,2359.10145792,2289.49269321,,,,,,,False,False,False,False,False
2025-07-28,4.5,4.5,4.269709224942827,42030.39842699,2359.10145792,2359.10145792,,interpolacion_lineal,interpolacion_lineal,interpolacion_lineal,forward_fill_max5,forward_fill_max5,False,False,False,False,False
2025-07-29,4.5,4.5,4.269678893245303,42030.39842699,2359.10145792,2359.10145792,,interpolacion_lineal,interpolacion_lineal,interpolacion_lineal,forward_fill_max5,forward_fill_max5,False,False,False,False,False
2025-07-30,4.5,4.5,4.26964856154778,41696.90906979,2536.44999099,2359.10145792,,,,,,,False,False,False,False,False
2025-07-31,4.5,4.5,4.26964856154778,41881.82944766,1193.90617484,2536.44999099,,,,,,,False,False,False,False,False
2025-08-01,4.5,4.5,4.26964856154778,41544.00380469,12461.29403998,1193.90617484,,,,,,,False,False,False,False,False
2025-08-04,4.5,4.5,4.26964856154778,41286.12835111,11460.34155254,12461.29403998,,,,,,,False,False,False,False,False
2025-08-05,4.5,4.5,4.26910464376384,41066.20308228,10355.14229357,11460.34155254,,,,,,,False,False,False,False,False
2025-08-06,4.5,4.5,4.268049001743365,41066.20308228,10355.14229357,10355.14229357,,interpolacion_lineal,interpolacion_lineal,interpolacion_lineal,forward_fill_max5,forward_fill_max5,False,False,False,False,False
2025-08-07,4.5,4.5,4.26699335972289,40804.68327968,9509.50631793,10355.14229357,,,,,,,False,False,False,False,False
2025-08-08,4.5,4.5,4.24262782110858,40489.31929797,9062.45067504,9509.50631793,,,,,,,False,False,False,False,False
2025-08-11,4.5,4.5,4.2412568755235,35675.05856522,7671.11265724,9062.45067504,,,,,,,False,False,False,False,False
2025-08-12,4.5,4.5,4.23268886427552,35583.70250112,9593.42350582,7671.11265724,,,,,,,False,False,False,False,False
2025-08-13,4.5,4.5,4.2295438515008,35115.39070058,8346.55797703,9593.42350582,,,,,,,False,False,False,False,False
2025-08-14,4.5,4.5,4.2202917112233,36131.7074997,6222.5643496,8346.55797703,,,,,,,False,False,False,False,False
2025-08-15,4.5,4.5,4.2182547326011,35546.8873004,4363.63984496,6222.5643496,,,,,,,False,False,False,False,False
2025-08-18,4.5,4.5,4.21411848754447,36071.51669979,4792.01818331,4363.63984496,,,,,,,False,False,False,False,False
2025-08-19,4.5,4.5,4.20644671597401,36032.05356768,4496.83763646,4792.01818331,,,,,,,False,False,False,False,False
2025-08-20,4.5,4.5,4.20425304149784,36122.44989832,3903.57339028,4496.83763646,,,,,,,False,False,False,False,False
2025-08-21,4.5,4.5,4.20274436796383,36761.52883075,3273.81969707,3903.57339028,,,,,,,False,False,False,False,False
2025-08-22,4.5,4.5,4.18611267147724,37360.81490204,3162.58685515,3273.81969707,,,,,,,False,False,False,False,False
2025-08-25,4.5,4.5,4.18129528503107,37722.00135363,2963.08120161,3162.58685515,,,,,,,False,False,False,False,False
2025-08-26,4.5,4.5,4.17876054343285,38457.18008339,2203.18788073,2963.08120161,,,,,,,False,False,False,False,False
2025-08-27,4.5,4.5,4.17670107220492,38544.84273622,2434.71077621,2203.18788073,,,,,,,False,False,False,False,False
2025-08-28,4.5,4.5,4.17265152590416,38176.53280744,1495.42517664,2434.71077621,,,,,,,False,False,False,False,False
2025-08-29,4.5,4.5,4.17265152590416,38591.15362382,2008.66993906,1495.42517664,,,,,,,False,False,False,False,False
2025-09-01,4.5,4.5,4.17265152590416,38963.66893728,13878.40064503,2008.66993906,,,,,,,False,False,False,False,False
2025-09-02,4.5,4.5,4.17221135466214,38535.35582589,13629.40308833,13878.40064503,,,,,,,False,False,False,False,False
2025-09-03,4.5,4.5,4.17193623866149,38286.47519138,12128.56932868,13629.40308833,,,,,,,False,False,False,False,False
2025-09-04,4.5,4.5,4.17193623866149,37852.22545143,11640.79044929,12128.56932868,,,,,,,False,False,False,False,False
2025-09-05,4.5,4.5,4.15141563672948,38014.62079428,9434.14384836,11640.79044929,,,,,,,False,False,False,False,False
2025-09-08,4.5,4.5,4.15141563672948,38534.56567729,8756.37073946,9434.14384836,,,,,,,False,False,False,False,False
2025-09-09,4.5,4.5,4.14072897119175,37980.51128661,7672.6408659,8756.37073946,,,,,,,False,False,False,False,False
2025-09-10,4.5,4.5,4.1357874590264,37478.80684669,7083.10794674,7672.6408659,,,,,,,False,False,False,False,False
2025-09-11,4.5,4.5,4.12971287359721,36783.15729336,6191.00724277,7083.10794674,,,,,,,False,False,False,False,False
2025-09-12,4.25,4.25,4.12971287359721,36197.85961134,5502.59521685,6191.00724277,,,,,,,False,False,False,False,False
2025-09-15,4.29,4.25,4.12971287359721,36619.33447041,6234.36439504,5502.59521685,,,,,,,False,False,False,False,False
2025-09-16,4.25,4.25,4.10917474767716,36898.62625676,6480.16924827,6234.36439504,,,,,,,False,False,False,False,False
2025-09-17,4.25,4.25,4.10876257785282,36865.2465449,6189.35058524,6480.16924827,,,,,,,False,False,False,False,False
2025-09-18,4.25,4.25,4.10725973272049,37057.34839506,5795.1199437,6189.35058524,,,,,,,False,False,False,False,False
2025-09-19,4.25,4.25,4.10725973272049,37256.39012576,5049.14876656,5795.1199437,,,,,,,False,False,False,False,False
2025-09-22,4.25,4.25,4.10041135264364,38380.02800661,4025.76872018,5049.14876656,,,,,,,False,False,False,False,False
2025-09-23,4.25,4.25,4.09764579292041,38669.51109414,3156.40546209,4025.76872018,,,,,,,False,False,False,False,False
2025-09-24,4.25,4.25,4.08230347346205,38741.03111783,2678.03806541,3156.40546209,,,,,,,False,False,False,False,False
2025-09-25,4.25,4.25,4.07949942162229,38404.6851507,1995.48785084,2678.03806541,,,,,,,False,False,False,False,False
2025-09-26,4.25,4.25,4.07806960983265,37011.4793279,1264.26714732,1995.48785084,,,,,,,False,False,False,False,False
2025-09-29,4.25,4.25,4.07674736794804,37414.88993272,3202.98922891,1264.26714732,,,,,,,False,False,False,False,False
2025-09-30,4.25,4.25,4.071658417588,37353.08524951,1098.06841378,3202.98922891,,,,,,,False,False,False,False,False
2025-10-01,4.25,4.25,4.07123335452661,36682.6415091,13707.73319513,1098.06841378,,,,,,,False,False,False,False,False
2025-10-02,4.25,4.25,4.07123335452661,36700.18517924,13173.50113175,13707.73319513,,,,,,,False,False,False,False,False
2025-10-03,4.25,4.25,4.07123335452661,36422.65346133,11616.96306023,13173.50113175,,,,,,,False,False,False,False,False
2025-10-06,4.25,4.25,4.07123335452661,36602.43459748,11194.71919511,11616.96306023,,,,,,,False,False,False,False,False
2025-10-07,4.25,4.25,4.07085214768944,35949.09961309,11001.23554642,11194.71919511,,,,,,,False,False,False,False,False
2025-10-08,4.25,4.25,4.06760952009716,35949.09961309,11001.23554642,11001.23554642,,interpolacion_lineal,interpolacion_lineal,interpolacion_lineal,forward_fill_max5,forward_fill_max5,False,False,False,False,False
2025-10-09,4.25,4.25,4.06436689250488,36636.47899386,9787.32863555,11001.23554642,,,,,,,False,False,False,False,False
2025-10-10,4.25,4.25,4.059463796625,35974.66993479,8293.48083411,9787.32863555,,,,,,,False,False,False,False,False
2025-10-13,4.25,4.25,4.05311878446138,35986.03199122,6505.40463988,8293.48083411,,,,,,,False,False,False,False,False
2025-10-14,4.25,4.25,4.04929011850067,35821.27774162,5008.12905227,6505.40463988,,,,,,,False,False,False,False,False
2025-10-15,4.25,4.25,4.04377093046468,35975.9162968,4653.03539582,5008.12905227,,,,,,,False,False,False,False,False
2025-10-16,4.25,4.25,4.04147995401499,35718.07274155,4906.52804767,4653.03539582,,,,,,,False,False,False,False,False
2025-10-17,4.25,4.25,4.04147995401499,35326.96693413,4399.80995916,4906.52804767,,,,,,,False,False,False,False,False
2025-10-20,4.25,4.25,4.03912226526231,36515.41492042,4364.4609999,4399.80995916,,,,,,,False,False,False,False,False
2025-10-21,4.25,4.25,4.0364026942856,36970.62243698,3669.0603672,4364.4609999,,,,,,,False,False,False,False,False
2025-10-22,4.25,4.25,4.03255281485378,37508.32616544,3119.72135066,3669.0603672,,,,,,,False,False,False,False,False
2025-10-23,4.25,4.25,4.03255281485378,37794.97378155,3007.84697854,3119.72135066,,,,,,,False,False,False,False,False
2025-10-24,4.25,4.25,4.03255281485378,38443.58406811,3145.01255319,3007.84697854,,,,,,,False,False,False,False,False
2025-10-27,4.25,4.25,4.03255281485378,38790.11391205,3742.90700185,3145.01255319,,,,,,,False,False,False,False,False
2025-10-28,4.25,4.25,4.03249721047991,38384.82869998,3081.02651529,3742.90700185,,,,,,,False,False,False,False,False
2025-10-29,4.25,4.25,4.03181208869303,37950.29717426,2345.6016567,3081.02651529,,,,,,,False,False,False,False,False
2025-10-30,4.25,4.25,4.03181208869303,37793.34649536,1967.71716002,2345.6016567,,,,,,,False,False,False,False,False
2025-10-31,4.25,4.25,4.03181208869303,37652.93896008,1468.46887449,1967.71716002,,,,,,,False,False,False,False,False
2025-11-03,4.25,4.25,4.03181208869303,37790.24620138,13908.62663201,1468.46887449,,,,,,,False,False,False,False,False
2025-11-04,4.25,4.25,4.0203721104597,37523.81914041,13967.541632,13908.62663201,,,,,,,False,False,False,False,False
2025-11-05,4.25,4.25,4.02032119220563,36975.59508088,14065.71784355,13967.541632,,,,,,,False,False,False,False,False
2025-11-06,4.26,4.25,4.02032119220563,37002.6795867,13104.24450575,14065.71784355,,,,,,,False,False,False,False,False
2025-11-07,4.25,4.25,4.02032119220563,36436.3783205,13122.65736092,13104.24450575,,,,,,,False,False,False,False,False
2025-11-10,4.25,4.25,4.02032119220563,36531.09469805,10028.83277978,13122.65736092,,,,,,,False,False,False,False,False
2025-11-11,4.25,4.25,4.01801102877501,36065.83122867,7875.60495063,10028.83277978,,,,,,,False,False,False,False,False
2025-11-12,4.25,4.25,4.01633950055069,35758.3822742,7149.05215809,7875.60495063,,,,,,,False,False,False,False,False
2025-11-13,4.25,4.25,4.01613802981138,35404.83389619,6742.47120053,7149.05215809,,,,,,,False,False,False,False,False
2025-11-14,4.25,4.25,4.01613802981138,34598.23674394,5422.92000146,6742.47120053,,,,,,,False,False,False,False,False
2025-11-17,4.25,4.25,4.01559832962929,34235.00375601,5456.44094517,5422.92000146,,,,,,,False,False,False,False,False
2025-11-18,4.25,4.25,4.01584558600067,34337.54125108,4965.94634049,5456.44094517,,,,,,,False,False,False,False,False
2025-11-19,4.25,4.25,4.00427185411554,34808.50020288,4828.99101374,4965.94634049,,,,,,,False,False,False,False,False
2025-11-20,4.25,4.25,4.00427185411554,35008.6766137,4481.12652574,4828.99101374,,,,,,,False,False,False,False,False
2025-11-21,4.25,4.25,4.00464806263783,35657.05113876,3321.14337217,4481.12652574,,,,,,,False,False,False,False,False
2025-11-24,4.25,4.25,4.00501843229886,36990.01688464,3253.05487053,3321.14337217,,,,,,,False,False,False,False,False
2025-11-25,4.25,4.25,4.00535579413459,37226.76875074,4324.0390608,3253.05487053,,,,,,,False,False,False,False,False
2025-11-26,4.25,4.25,4.00535357386805,37035.9214821,3852.82685356,4324.0390608,,,,,,,False,False,False,False,False
2025-11-27,4.25,4.25,4.00535357386805,37048.21493021,2907.90529526,3852.82685356,,,,,,,False,False,False,False,False
2025-11-28,4.25,4.25,4.00535357386805,37477.02561214,2072.37472973,2907.90529526,,,,,,,False,False,False,False,False
2025-12-01,4.25,4.25,4.00535357386805,37765.85911565,13582.87177148,2072.37472973,,,,,,,False,False,False,False,False
2025-12-02,4.25,4.25,3.99637106010471,37640.8345431,13718.9827235,13582.87177148,,,,,,,False,False,False,False,False
2025-12-03,4.25,4.25,3.9963656181496,37394.38167049,13074.84424709,13718.9827235,,,,,,,False,False,False,False,False
2025-12-04,4.25,4.25,3.9963656181496,37223.67690529,13048.7091335,13074.84424709,,,,,,,False,False,False,False,False
2025-12-05,4.25,4.25,3.9963656181496,36298.53375147,11881.98060851,13048.7091335,,,,,,,False,False,False,False,False
2025-12-08,4.25,4.25,3.996669468299903,36298.53375147,11881.98060851,11881.98060851,,interpolacion_lineal,interpolacion_lineal,interpolacion_lineal,forward_fill_max5,forward_fill_max5,False,False,False,False,False
2025-12-09,4.25,4.25,3.9969733184502068,36298.53375147,11881.98060851,11881.98060851,,interpolacion_lineal,interpolacion_lineal,interpolacion_lineal,forward_fill_max5,forward_fill_max5,False,False,False,False,False
2025-12-10,4.25,4.25,3.99727716860051,36680.35675474,10296.11963133,11881.98060851,,,,,,,False,False,False,False,False
2025-12-11,4.25,4.25,3.99729982619747,35943.43213457,9690.44213252,10296.11963133,,,,,,,False,False,False,False,False
2025-12-12,4.25,4.25,3.99733311427867,35137.83695501,8292.31156967,9690.44213252,,,,,,,False,False,False,False,False
2025-12-15,4.25,4.25,3.99727128172074,34442.95294807,7472.04291613,8292.31156967,,,,,,,False,False,False,False,False
2025-12-16,4.25,4.25,4.00173441971543,33738.70794457,6664.08440599,7472.04291613,,,,,,,False,False,False,False,False
2025-12-17,4.25,4.25,4.00137149601538,33031.46270022,5998.6935673,6664.08440599,,,,,,,False,False,False,False,False
2025-12-18,4.25,4.25,4.00125712064201,33182.00621587,6813.04986843,5998.6935673,,,,,,,False,False,False,False,False
2025-12-19,4.21,4.25,4.00168889913455,33177.42622422,4743.89307683,6813.04986843,,,,,,,False,False,False,False,False
2025-12-22,4.25,4.25,4.00168889913455,33751.20711238,6214.43350977,4743.89307683,,,,,,,False,False,False,False,False
2025-12-23,4.25,4.25,3.99874026671678,34240.20092499,3851.27159626,6214.43350977,,,,,,,False,False,False,False,False
2025-12-24,4.25,4.25,3.99874026671678,33898.70328092,2829.59167804,3851.27159626,,,,,,,False,False,False,False,False
2025-12-25,4.25,4.25,3.99870515198786,33898.70328092,2829.59167804,2829.59167804,,interpolacion_lineal,interpolacion_lineal,interpolacion_lineal,forward_fill_max5,forward_fill_max5,False,False,False,False,False
2025-12-26,4.25,4.25,3.99867003725894,33898.70328092,2829.59167804,2829.59167804,,interpolacion_lineal,interpolacion_lineal,interpolacion_lineal,forward_fill_max5,forward_fill_max5,False,False,False,False,False
2025-12-29,4.25,4.25,3.99863492253002,34230.31666862,3402.61515277,2829.59167804,,,,,,,False,False,False,False,False
2025-12-30,4.25,4.25,4.00128975568217,33991.45588673,2470.93754967,3402.61515277,,,,,,,False,False,False,False,False
2025-12-31,3.85,4.25,4.00166391397694,32959.27649707,3474.59613062,2470.93754967,,,,,,,False,False,False,False,False
