fecha,tasa_interbancaria_on_end,tasa_referencia_escalon,tasa_cdbcrp_saldo_exo,ln_depositos,ln_ctacte_L1
2015-01-02,3.55,3.5,3.64347005779166,10.49407443441749,8.68552792656148
2015-01-05,3.5,3.5,3.64347005779166,10.49407443441749,8.68552792656148
2015-01-06,3.5,3.5,3.64347005779166,10.483803415030236,8.68552792656148
2015-01-07,3.5,3.5,3.64314001186598,10.481724974448841,8.61596682873579
2015-01-08,3.5,3.5,3.64594283296831,10.486376839820851,8.57407251755217
2015-01-09,3.5,3.5,3.64138273255855,10.504817941121837,8.591172425161526
2015-01-12,3.5,3.5,3.63742004250947,10.501662637878589,8.475208356027279
2015-01-13,3.5,3.5,3.63505388324577,10.503722203886195,8.494782112258005
2015-01-14,3.5,3.5,3.63428457180122,10.512630613104065,8.438785119369287
2015-01-15,3.5,3.5,3.63295631194815,10.526653272801282,8.224451389004454
2015-01-16,3.25,3.25,3.6275319451159,10.537640804388031,8.186520452287635
2015-01-19,3.23,3.25,3.62570740360601,10.53552953182783,7.7460425781480735
2015-01-20,3.24,3.25,3.6221225073731,10.539312813613893,7.8517052771736875
2015-01-21,3.25,3.25,3.62053627741866,10.563271123626121,7.626264789051275
2015-01-22,3.24,3.25,3.61879457326157,10.565149352555487,7.724541474601557
2015-01-23,3.2,3.25,3.61514187667931,10.567723918623185,7.543313810939724
2015-01-26,3.2,3.25,3.61340370144631,10.566774586646714,6.997642549411404
2015-01-27,3.25,3.25,3.61340370144631,10.560628802011317,7.026230969204618
2015-01-28,3.25,3.25,3.61174185655301,10.551977859778491,7.427437217439233
2015-01-29,3.25,3.25,3.60998608866087,10.5459105683117,7.26281398291337
2015-01-30,3.25,3.25,3.60998608866087,10.533760048034992,7.409912393738068
2015-02-02,3.25,3.25,3.60824998739872,10.529521294326168,7.560872485660451
2015-02-03,3.25,3.25,3.60824998739872,10.527020044596524,8.428998524098297
2015-02-04,3.25,3.25,3.60670030575933,10.524423340885951,8.289464005085527
2015-02-05,3.25,3.25,3.6050016338693,10.519228135302308,8.229141262826774
2015-02-06,3.25,3.25,3.6050016338693,10.515794681007218,8.301737872980796
2015-02-09,3.25,3.25,3.60315643365851,10.513022338547094,8.266360755574597
2015-02-10,3.25,3.25,3.60116711311238,10.517340685531607,7.98349411450276
2015-02-11,3.26,3.25,3.5995808295152,10.49170475221818,7.65589739318308
2015-02-12,3.25,3.25,3.59137950447251,10.49773634511357,7.57672764566544
2015-02-13,3.25,3.25,3.59137950447251,10.501000294096892,7.960533122837012
2015-02-16,3.33,3.25,3.58894030635615,10.52943141093629,7.72524578691558
2015-02-17,3.57,3.25,3.58894030635615,10.537399145381617,7.337908726624389
2015-02-18,3.79,3.25,3.58720325212397,10.544829401216804,7.604952170845725
2015-02-19,3.83,3.25,3.5845351210212,10.543977266487778,7.5948293728058704
2015-02-20,3.81,3.25,3.5845351210212,10.55332113209012,7.710505037305734
2015-02-23,3.67,3.25,3.58234146775425,10.555939217362196,7.676416628569884
2015-02-24,3.28,3.25,3.58234146775425,10.549663603782943,7.607814094434487
2015-02-25,3.27,3.25,3.58078030223443,10.54323667259971,7.644417248302631
2015-02-26,3.26,3.25,3.57912632730834,10.53634980777194,7.419799554118815
2015-02-27,3.31,3.25,3.57912632730834,10.53566331088749,7.370352971345929
2015-03-02,3.33,3.25,3.57727168818671,10.536871537443794,7.07756812032125
2015-03-03,3.35,3.25,3.57727168818671,10.533815231542947,8.350115175182895
2015-03-04,3.32,3.25,3.57663377879961,10.530587045391831,8.389952271481345
2015-03-05,3.26,3.25,3.57529739424449,10.525045502128803,8.249588188516869
2015-03-06,3.4,3.25,3.57529739424449,10.522415183715076,7.994084035101862
2015-03-09,3.3,3.25,3.57365205628583,10.522877625952717,8.128723230582402
2015-03-10,3.3,3.25,3.57365205628583,10.524263420014687,7.994532889255203
2015-03-11,3.35,3.25,3.57306707843423,10.5242506175745,7.932766010259228
2015-03-12,3.36,3.25,3.56598495368436,10.535831497657284,7.911442941910067
2015-03-13,3.35,3.25,3.56598495368436,10.536234617000531,7.633220957183002
2015-03-16,3.35,3.25,3.56401069251803,10.550507681212572,7.918796086453355
2015-03-17,3.4,3.25,3.56401069251803,10.55225730709623,7.8588250273249844
2015-03-18,3.32,3.25,3.56358574721032,10.554806281633267,7.967321472574874
2015-03-19,3.33,3.25,3.56283178914533,10.561098736225103,7.792811438585942
2015-03-20,3.25,3.25,3.56283178914533,10.56814321346464,7.664337669641749
2015-03-23,3.25,3.25,3.56194456200911,10.568965204267394,7.600315207688461
2015-03-24,3.25,3.25,3.56194456200911,10.56944404308726,7.259759577970561
2015-03-25,3.25,3.25,3.56196663980751,10.573428969594282,6.9401929946194425
2015-03-26,3.4,3.25,3.56146928110294,10.572344553101486,7.378552029817527
2015-03-27,3.41,3.25,3.56146928110294,10.565960783006853,7.068299937987324
2015-03-30,3.58,3.25,3.56064753888343,10.564224529027573,6.450255079939171
2015-03-31,3.7,3.25,3.56064753888343,10.565775721266236,7.014197667193749
2015-04-01,3.6125,3.25,3.56045549194546,10.568229102170909,7.373466924786256
2015-04-02,3.5250000000000004,3.25,3.5601749424668365,10.568229102170909,8.286661419080971
2015-04-03,3.4375,3.25,3.5598943929882134,10.568229102170909,8.286661419080971
2015-04-06,3.35,3.25,3.55961384350959,10.573988278352253,8.286661419080971
2015-04-07,3.38,3.25,3.55961384350959,10.571536357288371,8.180016766725194
2015-04-08,3.3,3.25,3.55942562982271,10.579766963086177,7.788585228960311
2015-04-09,3.25,3.25,3.53817225038574,10.602116123939972,7.79621335729087
2015-04-10,3.29,3.25,3.53817225038574,10.603883379354386,7.642420262094973
2015-04-13,3.27,3.25,3.53717069925292,10.605884826529095,7.696431511605763
2015-04-14,3.35,3.25,3.53717069925292,10.610735742090418,7.456292652954634
2015-04-15,3.33,3.25,3.53675334079792,10.620009021133498,7.6506529765441265
2015-04-16,3.33,3.25,3.54416993863438,10.631400578012032,6.9247564959704855
2015-04-17,3.4,3.25,3.54416993863438,10.641142120577422,7.149190792791254
2015-04-20,3.36,3.25,3.54289291916132,10.653099659639102,7.155963326400691
2015-04-21,3.36,3.25,3.54289291916132,10.658518649735607,7.23672015789524
2015-04-22,3.63,3.25,3.54227000878374,10.660733798018546,7.123306313912326
2015-04-23,3.93,3.25,3.5441835363786,10.663260460645839,6.912889852767979
2015-04-24,4.0,3.25,3.5441835363786,10.65728322784143,6.905009064053404
2015-04-27,4.0,3.25,3.54286981902338,10.65541703780522,6.721783797859006
2015-04-28,3.97,3.25,3.54286981902338,10.647936876138138,6.848686001862931
2015-04-29,3.29,3.25,3.54279572609701,10.641018445538897,6.9282092941771865
2015-04-30,3.44,3.25,3.54258414970303,10.634550714351223,6.601326948470073
2015-05-01,3.72,3.25,3.542144628287285,10.634550714351223,7.60671410603705
2015-05-04,4.0,3.25,3.54170510687154,10.620333865752057,7.60671410603705
2015-05-05,4.03,3.25,3.54170510687154,10.615591632304266,8.124035080811941
2015-05-06,4.0,3.25,3.54157104650717,10.609216433425757,8.084843364014574
2015-05-07,3.64,3.25,3.50788606913388,10.615972520889002,8.309028863409214
2015-05-08,3.65,3.25,3.50788606913388,10.611056642943941,8.021003968344559
2015-05-11,3.55,3.25,3.50660603025862,10.608111464822564,7.95216613569875
2015-05-12,3.5,3.25,3.50660603025862,10.608878259728867,7.583775405448318
2015-05-13,3.5,3.25,3.50611917744755,10.603479908621981,7.25468019669315
2015-05-14,3.5,3.25,3.50919982455502,10.611513196346941,7.438634954011124
2015-05-15,3.5,3.25,3.50919982455502,10.606684409594003,7.526454835593989
2015-05-18,3.28,3.25,3.50792811100189,10.615191910403794,7.88260246985242
2015-05-19,3.25,3.25,3.50792811100189,10.623607987415884,7.484969820408115
2015-05-20,3.23,3.25,3.50750019957186,10.622991151157093,6.904452787595581
2015-05-21,3.25,3.25,3.50624382660258,10.626056880650548,6.772491598447204
2015-05-22,3.25,3.25,3.50624382660258,10.629244081011786,6.561874099653683
2015-05-25,3.25,3.25,3.50499650563784,10.626381817843635,6.926937801906277
2015-05-26,3.25,3.25,3.50499650563784,10.624253439355517,6.726385589171032
2015-05-27,3.25,3.25,3.50461962023048,10.612947279278433,6.54731701814103
2015-05-28,3.3366666666666664,3.25,3.50360163095965,10.607840363060243,7.4863963616985
2015-05-29,3.4233333333333333,3.25,3.50360163095965,10.603183789487524,6.887080051912088
2015-06-01,3.51,3.25,3.50237706261808,10.604558568449008,7.115014529120339
2015-06-02,3.5,3.25,3.50237706261808,10.600578517933577,8.44230248856506
2015-06-03,3.5,3.25,3.50208452004691,10.584690594309583,8.487573849877327
2015-06-04,3.44,3.25,3.5008739870484,10.57867134661355,8.519430955056505
2015-06-05,3.33,3.25,3.5008739870484,10.573632467879388,8.406071110688544
2015-06-08,3.25,3.25,3.49522577280159,10.574323557713534,8.027821353572662
2015-06-09,3.25,3.25,3.49158743441136,10.576865253046048,7.805987375442383
2015-06-10,3.25,3.25,3.47777059240031,10.571369394537804,7.891253274031837
2015-06-11,3.25,3.25,3.45986099650907,10.583373567762594,8.030369875596158
2015-06-12,3.25,3.25,3.4451197190445,10.57785406040456,7.553311495112382
2015-06-15,3.25,3.25,3.4441317439967,10.593984631912837,7.6575081254953385
2015-06-16,3.25,3.25,3.43682962507265,10.60222571398353,7.571856494279572
2015-06-17,3.25,3.25,3.42953042550251,10.607015258763814,7.310071495357117
2015-06-18,3.25,3.25,3.42525723462385,10.609425241071342,7.467694844181758
2015-06-19,3.25,3.25,3.42604928264572,10.611298862802592,7.156874773680016
2015-06-22,3.26,3.25,3.42925024714797,10.613223407278243,6.460352698611561
2015-06-23,3.6,3.25,3.42925024714797,10.613120309198864,6.420258264513423
2015-06-24,3.68,3.25,3.43015048599479,10.595848231222796,6.790877628498376
2015-06-25,3.75,3.25,3.43099426524597,10.58980963623643,6.921065626345317
2015-06-26,3.86,3.25,3.43099426524597,10.582752822968999,6.983499110804672
2015-06-29,3.83,3.25,3.43099426524597,10.582752822968999,6.922360776939695
2015-06-30,3.8,3.25,3.43099426524597,10.577271534754251,6.922360776939695
2015-07-01,3.84,3.25,3.43213357702415,10.581182098465074,6.910393987257311
2015-07-02,3.5,3.25,3.43299632562296,10.578309029847107,7.961547534436558
2015-07-03,3.25,3.25,3.43299632562296,10.569265052129728,8.125810502984672
2015-07-06,3.25,3.25,3.43367463291323,10.567148936539837,8.141255089024696
2015-07-07,3.25,3.25,3.43367463291323,10.56987408816478,7.873474891639023
2015-07-08,3.25,3.25,3.43446806609032,10.5528411726302,7.551788723516923
2015-07-09,3.25,3.25,3.4197911784207,10.562929502714743,7.7800001244934744
2015-07-10,3.25,3.25,3.43446667666685,10.564107633430655,7.6606899197188305
2015-07-13,3.25,3.25,3.44930612165301,10.572959819726963,7.468473454088337
2015-07-14,3.19,3.25,3.45122447427948,10.55782244128388,7.276694986587168
2015-07-15,3.2,3.25,3.45207325160584,10.565882543361463,7.4344858127981
2015-07-16,3.25,3.25,3.45241856788334,10.56880731020353,7.054237376569989
2015-07-17,3.25,3.25,3.45241856788334,10.574270549267291,7.238033517685937
2015-07-20,3.25,3.25,3.45218470461344,10.574749892003622,6.967289258188788
2015-07-21,3.25,3.25,3.45218470461344,10.583444062108766,7.082149514101025
2015-07-22,3.25,3.25,3.45323991991299,10.571928929436362,7.070923947528773
2015-07-23,3.36,3.25,3.45355100364498,10.566144307020977,6.999754348515133
2015-07-24,3.82,3.25,3.45355100364498,10.556840152294347,6.857998160902921
2015-07-27,3.8575,3.25,3.4536121307625525,10.556840152294347,6.59284817397463
2015-07-28,3.895,3.25,3.453673257880125,10.556840152294347,6.59284817397463
2015-07-29,3.9325,3.25,3.4537343849976976,10.556840152294347,6.59284817397463
2015-07-30,3.97,3.25,3.45379551211527,10.548302434538833,6.59284817397463
2015-07-31,3.65,3.25,3.45379551211527,10.533911918839841,6.2961420521523355
2015-08-03,3.77,3.25,3.45333707406654,10.527186370275926,7.736700018523374
2015-08-04,3.26,3.25,3.45333707406654,10.521955066399432,8.050836329280944
2015-08-05,3.36,3.25,3.45450232629093,10.522407373506839,8.177229226407357
2015-08-06,3.73,3.25,3.45458310101883,10.503068931503366,7.840147164696983
2015-08-07,3.99,3.25,3.45458310101883,10.50159258712942,7.778243419856506
2015-08-10,4.0,3.25,3.4538423060405,10.499389535380677,7.709701961386481
2015-08-11,4.0,3.25,3.4538423060405,10.460424223817922,7.994193543251225
2015-08-12,3.8,3.25,3.45508940263929,10.464422148306367,8.083373890859892
2015-08-13,3.25,3.25,3.45805379359162,10.466718836936233,7.811652193594007
2015-08-14,3.25,3.25,3.45590379363494,10.46390409488186,7.607076565751986
2015-08-17,3.26,3.25,3.45507545542743,10.47964757143254,7.372462505730252
2015-08-18,3.31,3.25,3.45507545542743,10.496068822432484,6.80349866936244
2015-08-19,3.36,3.25,3.45646493885037,10.492214459151048,6.629585122812051
2015-08-20,3.99,3.25,3.45627596270343,10.49112298980059,6.621244143595894
2015-08-21,5.07,3.25,3.45627596270343,10.498365357725321,6.706943327503825
2015-08-24,3.92,3.25,3.45542112250415,10.486425238837732,6.697136316556043
2015-08-25,3.26,3.25,3.45542112250415,10.480032670397623,6.83721119079829
2015-08-26,3.26,3.25,3.45704844994749,10.476015195433526,6.442971941727105
2015-08-27,3.27,3.25,3.45725706180992,10.468516060667035,6.143022909152489
2015-08-28,3.29,3.25,3.45725706180992,10.460329229886717,6.369070722264142
2015-08-31,3.3,3.25,3.45647342484578,10.455087073927753,6.6410176153406395
2015-09-01,3.83,3.25,3.45647342484578,10.457545417839778,6.692422673909045
2015-09-02,4.43,3.25,3.45846025203779,10.455863963479327,8.271089730143883
2015-09-03,4.75,3.25,3.45895748841729,10.44783606176899,8.429214086531159
2015-09-04,4.5,3.25,3.45895748841729,10.430024161408985,8.490439139057882
2015-09-07,3.25,3.25,3.45827409374553,10.42506763205177,8.45017748957983
2015-09-08,3.16,3.25,3.45597203031988,10.424044006626511,8.475484701996299
2015-09-09,3.15,3.25,3.45365327674069,10.425555924769174,8.065087751355462
2015-09-10,3.1,3.25,3.45285158560148,10.435594750008299,7.810059082359175
2015-09-11,3.5,3.5,3.4561872332698,10.438215571854402,7.348467739788957
2015-09-14,3.5,3.5,3.4631845105973,10.44433627564904,6.995318000760792
2015-09-15,3.43,3.5,3.47246026312844,10.45780039633487,6.954204473714744
2015-09-16,3.15,3.5,3.47272046382007,10.460667149576569,7.131832192362423
2015-09-17,3.3,3.5,3.50113829031651,10.466454597171465,6.965271610850119
2015-09-18,3.3,3.5,3.51089488518348,10.471073087604461,6.852502117226802
2015-09-21,3.5,3.5,3.5124528722598,10.474034003635712,6.647746131415416
2015-09-22,3.5,3.5,3.5124528722598,10.477604287727,6.845194690504108
2015-09-23,3.5,3.5,3.51565210488549,10.472054989890703,7.014187891478716
2015-09-24,3.5,3.5,3.51807143264102,10.460675008424687,6.995864224618707
2015-09-25,3.5,3.5,3.5272396826679,10.454366163660755,6.865220422799462
2015-09-28,3.5,3.5,3.52916812723345,10.446383123020535,6.834287338073945
2015-09-29,3.5,3.5,3.53505105005906,10.43539937798089,6.686625197825748
2015-09-30,3.5,3.5,3.54434429736034,10.425033816660724,6.571969304926894
2015-10-01,3.5,3.5,3.5465539115861,10.429078972355619,6.858463781156986
2015-10-02,3.6,3.5,3.55288685617957,10.413704313618949,8.16450657750517
2015-10-05,3.65,3.5,3.55524563968114,10.406161878297603,8.277153067170294
2015-10-06,3.5,3.5,3.55524563968114,10.394246359579116,7.918648119142591
2015-10-07,3.4,3.5,3.55658313139077,10.38668444937138,8.064862497999716
2015-10-08,3.413333333333333,3.5,3.55966726009468,10.38668444937138,7.725548558300302
2015-10-09,3.4266666666666667,3.5,3.5627513887985898,10.38668444937138,7.725548558300302
2015-10-12,3.44,3.5,3.5658355175025,10.386501692244648,7.725548558300302
2015-10-13,3.5,3.5,3.57621100234704,10.391825847888402,7.1844824957241284
2015-10-14,3.53,3.5,3.58390143156229,10.398908941063286,7.26359604044139
2015-10-15,3.5,3.5,3.60054025298501,10.410669104331108,7.086910968870373
2015-10-16,3.5,3.5,3.60824512209373,10.428646936405176,7.185455099444476
2015-10-19,3.5,3.5,3.60996854613236,10.422909740372836,7.025303406578671
2015-10-20,3.5,3.5,3.60996854613236,10.432656234731288,7.07532724640472
2015-10-21,3.52,3.5,3.61995866345162,10.442795897257465,6.866289098487393
2015-10-22,3.5,3.5,3.6305433552185,10.436610424124096,6.789660314881134
2015-10-23,3.58,3.5,3.6305433552185,10.42036200295051,7.092195175110192
2015-10-26,3.56,3.5,3.63206569590249,10.411217150156542,6.540036152515282
2015-10-27,3.6,3.5,3.63206569590249,10.402515539258122,6.3964602768253425
2015-10-28,3.5,3.5,3.63370182555783,10.390547618875184,6.293556901631114
2015-10-29,3.5,3.5,3.63585459040344,10.379633075199537,6.301947918401851
2015-10-30,3.5,3.5,3.63585459040344,10.357040821996602,6.469208925427534
2015-11-02,3.5,3.5,3.63735096369343,10.3499896024678,6.537784125362538
2015-11-03,3.5,3.5,3.63735096369343,10.34321601507324,8.218177966768273
2015-11-04,3.5,3.5,3.63856455313674,10.339042461555197,8.327544291238079
2015-11-05,3.5,3.5,3.63689853914634,10.337769198663597,8.25309302643769
2015-11-06,3.5,3.5,3.63689853914634,10.332393818613186,8.384733537013368
2015-11-09,3.5,3.5,3.63689853914634,10.325716786831642,7.706818802308898
2015-11-10,3.5,3.5,3.63690736315013,10.324414446362095,7.786095882644147
2015-11-11,3.5,3.5,3.63702492034595,10.32600756048899,7.716225245495663
2015-11-12,3.5,3.5,3.65016266414293,10.342707756070137,7.651660341441694
2015-11-13,3.5,3.5,3.65016266414293,10.326939110761565,7.601303441538056
2015-11-16,3.5,3.5,3.65087092583847,10.354755051070754,7.326352876400169
2015-11-17,3.5,3.5,3.65087092583847,10.36889543320729,6.870447255114322
2015-11-18,3.5,3.5,3.6528144524343,10.37745506539583,6.619528765962817
2015-11-19,3.5,3.5,3.65411567427632,10.372750852597703,6.795887768768274
2015-11-20,3.5,3.5,3.65411567427632,10.373589171657574,6.842376086680897
2015-11-23,3.5,3.5,3.67223202093767,10.377142020999596,6.969063176442006
2015-11-24,3.5,3.5,3.67223202093767,10.370095561880703,6.28342757026296
2015-11-25,3.5,3.5,3.68512839201617,10.35104945626567,6.340434028484289
2015-11-26,3.5,3.5,3.6877660465896,10.324165204940362,6.632617928299832
2015-11-27,3.5,3.5,3.6877660465896,10.322920449727015,6.554204725362996
2015-11-30,3.5,3.5,3.69045048085037,10.30896177898972,6.3474924595269595
2015-12-01,3.68,3.5,3.69045048085037,10.32660371738508,6.969343591885
2015-12-02,3.85,3.5,3.6925214754927,10.32142585059137,8.117567205619741
2015-12-03,3.9,3.5,3.69387926685726,10.306239159084637,8.25941561298687
2015-12-04,3.84,3.5,3.69387926685726,10.296719137260474,8.399626536782042
2015-12-07,3.7,3.5,3.71120735372108,10.293950435998465,8.219775006071757
2015-12-08,3.65,3.5,3.71225622671056,10.293950435998465,7.715332137329012
2015-12-09,3.6,3.5,3.71330509970004,10.285304126230228,7.715332137329012
2015-12-10,3.5,3.5,3.74873882041294,10.309860448466551,7.774519542955385
2015-12-11,3.71,3.75,3.74987811822215,10.299524801284146,7.698718531995881
2015-12-14,3.75,3.75,3.75457483829239,10.298721722578142,7.257589401166418
2015-12-15,3.75,3.75,3.76514580200504,10.29440960169964,7.173260724869529
2015-12-16,3.75,3.75,3.77026342758368,10.290503754845663,7.094483138342455
2015-12-17,3.75,3.75,3.78157203498845,10.277376971936622,7.037057808413218
2015-12-18,3.75,3.75,3.78902168643962,10.297517147405706,7.105339341482932
2015-12-21,3.75,3.75,3.79164011388804,10.303572706712414,6.9716365440523775
2015-12-22,3.75,3.75,3.79260322071364,10.424004436511662,7.285680441627314
2015-12-23,3.75,3.75,3.79084306262479,10.411634278998774,6.8202054673062005
2015-12-24,3.75,3.75,3.79547702054164,10.413706392622231,6.592052020955916
2015-12-25,3.8,3.75,3.79576759405529,10.413706392622231,6.566696333019666
2015-12-28,3.85,3.75,3.79605816756894,10.394301850790342,6.566696333019666
2015-12-29,4.0,3.75,3.79605816756894,10.362311883037238,6.428746159389149
2015-12-30,4.0,3.75,3.79196969400854,10.350599733895379,6.802942178143253
2015-12-31,4.21,3.75,3.79372136722131,10.331829139347613,6.637904117768092
2016-01-01,4.154999999999999,3.75,3.79241738606496,10.331829139347613,7.245748966274362
2016-01-04,4.1,3.75,3.79111340490861,10.3063524335811,7.245748966274362
2016-01-05,4.06,3.75,3.79111340490861,10.279561276616636,8.135092009345282
2016-01-06,3.76,3.75,3.79765765765769,10.262102682006326,8.433375242775298
2016-01-07,3.75,3.75,3.82295279782329,10.259282972926094,8.500291917540581
2016-01-08,3.75,3.75,3.83546583977092,10.249920144924898,8.296474816862155
2016-01-11,3.75,3.75,3.84363110178081,10.248798584591688,8.116577969315177
2016-01-12,3.75,3.75,3.84862526866712,10.241999526785639,7.782311019985847
2016-01-13,3.75,3.75,3.85657056941781,10.243074656696574,7.497173935727498
2016-01-14,3.75,3.75,3.86970346702926,10.249975663567575,7.233972835878834
2016-01-15,4.0,4.0,3.89062461945734,10.249035311027253,7.5085487979275145
2016-01-18,4.0,4.0,3.9061201244007,10.26889036541104,7.447662754649464
2016-01-19,4.0,4.0,3.91883446334914,10.27565491164515,6.996373924442674
2016-01-20,4.0,4.0,3.92771872621165,10.28119366108582,6.704206853241035
2016-01-21,4.0,4.0,3.92104377671289,10.264140916641644,6.5693848198860625
2016-01-22,4.0,4.0,3.92104377671289,10.281904285992422,6.6529623997965865
2016-01-25,4.0,4.0,3.92215064535521,10.296632155673738,7.538887883682555
2016-01-26,4.0,4.0,3.92215064535521,10.302667540748201,6.507811166908664
2016-01-27,4.0,4.0,3.92452680604566,10.294182385486325,6.450120973321536
2016-01-28,4.0,4.0,3.93008386535487,10.280261365805417,6.82534652596961
2016-01-29,4.0,4.0,3.93258840088658,10.262180906085497,6.585795794227918
2016-02-01,4.0,4.0,3.93367047650532,10.259882856735313,6.373079513716493
2016-02-02,4.0,4.0,3.9397744327657,10.247828627335613,8.033746229331523
2016-02-03,4.01,4.0,3.93977607792112,10.236415627570917,7.979927362916885
2016-02-04,4.0,4.0,3.94159223019408,10.21959970500703,8.058500350876917
2016-02-05,4.0,4.0,3.94760273157287,10.239160154798201,8.118611438362779
2016-02-08,4.0,4.0,3.95051182301218,10.231798009402617,7.785909459341576
2016-02-09,4.0,4.0,3.95492502225089,10.200792336547435,7.7568081396179585
2016-02-10,4.0,4.0,3.96316899747876,10.185265485876817,7.5905050517943815
2016-02-11,4.0,4.0,4.00665757338732,10.134769569296775,7.771525383907328
2016-02-12,4.25,4.25,4.02608088276275,10.134561487279672,7.966698455673504
2016-02-15,4.25,4.25,4.03856870101771,10.148457699314516,7.3830028698890615
2016-02-16,4.25,4.25,4.04815398504155,10.152908192812431,7.273822707425504
2016-02-17,4.31,4.25,4.05689901809156,10.16666557125849,7.112001282642391
2016-02-18,4.67,4.25,4.06893150716992,10.172019498155228,7.11076388504211
2016-02-19,5.2,4.25,4.0746379483839,10.21340564039705,6.907420913808332
2016-02-22,5.03,4.25,4.08179769947265,10.210584774031071,6.633342444176323
2016-02-23,5.23,4.25,4.08804348319454,10.208414511143154,6.729394847825076
2016-02-24,5.33,4.25,4.09254952364848,10.19933739392862,6.571759609176918
2016-02-25,5.11,4.25,4.09288976555458,10.192206073911237,7.048088758346736
2016-02-26,5.16,4.25,4.09288976555458,10.203177024881592,6.84642990204605
2016-02-29,5.09,4.25,4.09302620161156,10.189778620869598,6.460616043985786
2016-03-01,5.5,4.25,4.08692465552627,10.191683600908028,6.398992118625532
2016-03-02,5.5,4.25,4.08515461417198,10.178791549938653,8.04581159207284
2016-03-03,5.15,4.25,4.08550527354915,10.177148281496372,8.249562378562135
2016-03-04,4.26,4.25,4.08550527354915,10.162547441588183,8.365384061222652
2016-03-07,4.25,4.25,4.08635075517727,10.148191753651142,8.155295817173782
2016-03-08,4.26,4.25,4.08635075517727,10.163425694362466,8.221398942058796
2016-03-09,4.26,4.25,4.08882679055632,10.159507024482547,7.823585572122646
2016-03-10,4.29,4.25,4.12973352869913,10.17866138915943,7.783556560953612
2016-03-11,4.25,4.25,4.12973352869913,10.173696618837637,7.900268032810928
2016-03-14,4.25,4.25,4.13091160028619,10.160846964193807,7.723835651551119
2016-03-15,4.29,4.25,4.13091160028619,10.181147606792171,7.625399785992186
2016-03-16,4.32,4.25,4.13333636645122,10.190206795315648,7.430490769134126
2016-03-17,5.0,4.25,4.1351275598696,10.232064068586546,7.278195538380255
2016-03-18,5.27,4.25,4.1351275598696,10.258846361056436,7.079519347360986
2016-03-21,5.17,4.25,4.13626988473623,10.274945637352193,6.718018900181701
2016-03-22,5.41,4.25,4.13626988473623,10.278888695434192,6.997374031780368
2016-03-23,5.49,4.25,4.13875448890904,10.276120504122765,7.017633275863108
2016-03-24,5.493333333333333,4.25,4.139138188846324,10.276120504122765,6.96933831013053
2016-03-25,5.496666666666667,4.25,4.139521888783607,10.276120504122765,6.96933831013053
2016-03-28,5.5,4.25,4.13990558872089,10.277428407164688,6.96933831013053
2016-03-29,5.25,4.25,4.13990558872089,10.261203655198614,6.839467447203413
2016-03-30,4.95,4.25,4.14218015952084,10.26607369141944,6.260727589287747
2016-03-31,4.25,4.25,4.14377078603906,10.25114825058312,6.356933903551429
2016-04-01,5.12,4.25,4.14377078603906,10.273364701476302,6.316715767694953
2016-04-04,5.1,4.25,4.14481239427479,10.28143057692402,7.349818787838401
2016-04-05,4.9,4.25,4.14481239427479,10.27511065790416,8.137328544281319
2016-04-06,4.5,4.25,4.14685943564921,10.278164037022822,8.238492089697633
2016-04-07,4.5,4.25,4.19127447363658,10.291887224460282,8.166452525542066
2016-04-08,4.25,4.25,4.19127447363658,10.308552331449919,8.215825510872682
2016-04-11,4.25,4.25,4.19918079674488,10.3046230963857,8.072460920603868
2016-04-12,4.25,4.25,4.22133102288498,10.285674945581075,7.990126502902091
2016-04-13,4.25,4.25,4.24894189547824,10.283916423190343,7.952956869727644
2016-04-14,4.25,4.25,4.2911419394784,10.292884621597802,7.984176350669465
2016-04-15,4.25,4.25,4.30629578294044,10.326375628342863,7.957494181416455
2016-04-18,4.25,4.25,4.3102178383086,10.33929931977776,7.522369433335801
2016-04-19,4.25,4.25,4.32095953989327,10.360483042229202,7.164553701997291
2016-04-20,4.25,4.25,4.32210725485113,10.37284347715619,6.885711616176065
2016-04-21,4.25,4.25,4.32295083317645,10.391204954513444,6.738970590539552
2016-04-22,4.52,4.25,4.32295083317645,10.399792831815933,6.975728599530286
2016-04-25,4.62,4.25,4.32324518948385,10.398828809149068,7.011849140845644
2016-04-26,4.91,4.25,4.32324518948385,10.391614564900568,6.654952030721433
2016-04-27,4.96,4.25,4.32390789905721,10.380247454249321,6.647459516858825
2016-04-28,4.62,4.25,4.32472631283219,10.366915906075167,6.190705771064668
2016-04-29,4.5,4.25,4.32472631283219,10.36801952278996,7.432907992494332
2016-05-02,4.8,4.25,4.32515623539313,10.367557166295974,7.154607649501148
2016-05-03,4.8,4.25,4.32515623539313,10.352431984027916,8.027328799266593
2016-05-04,4.8,4.25,4.32616207451651,10.345070657621829,7.91282457493394
2016-05-05,4.8,4.25,4.32688492710422,10.323671657448697,7.943693751051362
2016-05-06,4.8,4.25,4.32688492710422,10.322896397013867,8.177709746258202
2016-05-09,4.4,4.25,4.32720421732967,10.313942302090771,8.117057222244187
2016-05-10,4.26,4.25,4.33340474574687,10.313538577288659,8.083056241895411
2016-05-11,4.26,4.25,4.34196987983118,10.30245358849925,7.860291033496169
2016-05-12,4.53,4.25,4.38585982481258,10.319899189743674,7.862323125814636
2016-05-13,4.65,4.25,4.38585982481258,10.332291179094403,7.945176647662266
2016-05-16,4.76,4.25,4.38607535578736,10.34822294428304,8.02852915333981
2016-05-17,4.5,4.25,4.38607535578736,10.353259155546985,7.784714559586812
2016-05-18,4.25,4.25,4.38723244520116,10.373189172324723,7.836675544092797
2016-05-19,4.25,4.25,4.38808418980018,10.373353453232722,7.515766091647372
2016-05-20,4.25,4.25,4.38808418980018,10.3876004318052,6.927571676977617
2016-05-23,4.25,4.25,4.38827555344147,10.398276164680052,7.094406284191032
2016-05-24,4.25,4.25,4.39905268493509,10.394827148557207,6.696059960412635
2016-05-25,4.26,4.25,4.40114141107528,10.38734119983336,6.719283606722772
2016-05-26,4.25,4.25,4.40210390606163,10.382007134794193,6.637991178730922
2016-05-27,4.25,4.25,4.40210390606163,10.389741214854675,6.498500886425257
2016-05-30,4.25,4.25,4.40254439184563,10.381937847681526,6.437526123203204
2016-05-31,4.46,4.25,4.40254439184563,10.372745710843688,6.365834597064541
2016-06-01,4.8,4.25,4.40409214960298,10.37762976445779,6.720978189720693
2016-06-02,4.88,4.25,4.40508076963286,10.373782104811843,7.872642227552462
2016-06-03,4.83,4.25,4.40508076963286,10.392268747592464,8.160578072296536
2016-06-06,4.8,4.25,4.40542127262575,10.37064711241833,8.184190896575297
2016-06-07,4.3,4.25,4.40542127262575,10.362500760150178,8.241174138347443
2016-06-08,4.25,4.25,4.40680817041719,10.3635674566086,8.208430240829015
2016-06-09,4.25,4.25,4.47443098893629,10.368847513678292,8.025979701467094
2016-06-10,4.25,4.25,4.4869201998274,10.378328304030555,8.155688584281686
2016-06-13,4.25,4.25,4.49764248041377,10.37267030666543,7.881650067377677
2016-06-14,4.25,4.25,4.4995682289297,10.370759323014507,7.759069613145832
2016-06-15,4.25,4.25,4.50686891087138,10.381256521134874,7.728766532131885
2016-06-16,4.25,4.25,4.51195514395208,10.37958238223098,7.496468042555804
2016-06-17,4.25,4.25,4.52010054409149,10.413801093664482,7.4619629455562135
2016-06-20,4.25,4.25,4.52006281595678,10.399701285893554,7.086475769479432
2016-06-21,4.25,4.25,4.52006281595678,10.418541421629413,7.046982866510823
2016-06-22,4.25,4.25,4.52118677091402,10.418241251074333,6.920086140073972
2016-06-23,4.25,4.25,4.52168943851603,10.42170800168457,7.1004525401880025
2016-06-24,4.25,4.25,4.52259997995392,10.420323957691792,6.629022255475983
2016-06-27,4.25,4.25,4.52252007103021,10.40628488364975,6.3389998839094455
2016-06-28,4.25,4.25,4.52424599056753,10.398878047371623,6.122100798411757
2016-06-29,4.25,4.25,4.52449322966508,10.398878047371623,6.5578339435029305
2016-06-30,4.25,4.25,4.52474046876263,10.391780131873718,6.5578339435029305
2016-07-01,4.64,4.25,4.52474046876263,10.411340802836982,6.482104368760498
2016-07-04,4.7,4.25,4.52450880005946,10.407800743578958,8.236055760475947
2016-07-05,4.61,4.25,4.52450880005946,10.396369557628269,8.318821885660634
2016-07-06,4.41,4.25,4.52535317271511,10.389096361169878,8.313233408878594
2016-07-07,4.25,4.25,4.52567740264229,10.379529446728329,8.554866043257732
2016-07-08,4.25,4.25,4.52567740264229,10.3790516522901,8.21892670064629
2016-07-11,4.25,4.25,4.52930160429111,10.366092956017194,8.084326983889117
2016-07-12,4.25,4.25,4.53372672119415,10.351462459167298,7.936864586647413
2016-07-13,4.25,4.25,4.45911757462995,10.34625179384192,7.740512306790494
2016-07-14,4.25,4.25,4.52064702226771,10.331539634969332,7.616037039522267
2016-07-15,4.25,4.25,4.47015194494721,10.348419440843351,7.639816668833623
2016-07-18,4.25,4.25,4.48033128612538,10.350312529519078,7.278022664534174
2016-07-19,4.25,4.25,4.49456020960225,10.370290859199729,7.325662013678343
2016-07-20,4.25,4.25,4.56183960862089,10.37637768655665,6.945568303922497
2016-07-21,4.25,4.25,4.56547164593299,10.387367448368733,6.971666758495193
2016-07-22,4.25,4.25,4.56547164593299,10.380754803225788,6.973087922861386
2016-07-25,4.25,4.25,4.56601079236411,10.371238432812236,6.656710803502123
2016-07-26,4.25,4.25,4.56601079236411,10.343763655159087,6.598118369251687
2016-07-27,4.26,4.25,4.56792255465836,10.323546395765163,7.054993129777801
2016-07-28,4.26,4.25,4.56804294605202,10.323546395765163,6.7172341158656526
2016-07-29,4.26,4.25,4.5681633374456805,10.323546395765163,6.7172341158656526
2016-08-01,4.26,4.25,4.56828372883934,10.326609538444817,6.7172341158656526
2016-08-02,4.26,4.25,4.56828372883934,10.315936879540647,8.316150859768802
2016-08-03,4.25,4.25,4.57135512936864,10.30388370575251,8.374739680871048
2016-08-04,4.25,4.25,4.58062315920715,10.302026318253045,8.431826286541574
2016-08-05,4.25,4.25,4.58187109395987,10.30906938616827,8.172727803227595
2016-08-08,4.25,4.25,4.58078783558832,10.297490538400648,8.059033265864699
2016-08-09,4.25,4.25,4.578941814893,10.286598394628705,8.144096888530429
2016-08-10,4.25,4.25,4.58259484047326,10.277793653014301,8.214276717509474
2016-08-11,4.07,4.25,4.61480384652188,10.22133783484696,7.951741335725218
2016-08-12,4.02,4.25,4.61444144391687,10.226371510545682,8.158705183014714
2016-08-15,3.9,4.25,4.66558896734107,10.23905199133391,7.8518049603653
2016-08-16,3.98,4.25,4.66540905267989,10.238777981361455,7.892314698795759
2016-08-17,4.11,4.25,4.66793709703182,10.271834852336129,7.584408199278822
2016-08-18,4.2,4.25,4.67160542360019,10.282886168565483,7.43708690699184
2016-08-19,4.1,4.25,4.66897595969331,10.292790362446048,7.358681900363726
2016-08-22,4.1,4.25,4.66942788966851,10.31086774737519,7.175102621628854
2016-08-23,4.1,4.25,4.67120368245842,10.308564857326305,6.99893651060879
2016-08-24,4.26,4.25,4.67178377878927,10.294599874240632,6.874440034491354
2016-08-25,4.25,4.25,4.67190048151521,10.283950547362673,6.895234191941259
2016-08-26,4.25,4.25,4.67190048151521,10.273491899002625,6.865559057717616
2016-08-29,4.25,4.25,4.67253711495715,10.26222357037425,6.760705294879546
2016-08-30,4.25,4.25,4.672802013623105,10.26222357037425,6.194693924005663
2016-08-31,4.25,4.25,4.67306691228906,10.249728784184024,6.194693924005663
2016-09-01,4.25,4.25,4.673219002056,10.251503440147598,6.2375785471637055
2016-09-02,4.25,4.25,4.673219002056,10.250571852046559,8.289385564891111
2016-09-05,4.25,4.25,4.67178622665762,10.239581018442413,8.320671641687252
2016-09-06,4.25,4.25,4.67126531185288,10.234194134500358,8.308496917327606
2016-09-07,4.25,4.25,4.66955586561045,10.230887997321128,8.176439849069178
2016-09-08,4.24,4.25,4.68821936373303,10.231343114568645,8.134667964560924
2016-09-09,4.25,4.25,4.68780805243085,10.22910307647721,7.8018857309104765
2016-09-12,4.25,4.25,4.68773156993153,10.231617029342388,8.00946603215746
2016-09-13,4.25,4.25,4.68699474892473,10.22037303741255,7.852662473534373
2016-09-14,4.25,4.25,4.68676799898045,10.221482851691514,7.812171295304426
2016-09-15,4.25,4.25,4.68620831298762,10.233790216535047,7.6965665637623175
2016-09-16,4.25,4.25,4.68620831298762,10.237358359394769,7.462283967563774
2016-09-19,4.25,4.25,4.68591772422698,10.269099918365688,7.3969042602215955
2016-09-20,4.25,4.25,4.68485790220886,10.270976598071192,7.169874663799823
2016-09-21,4.25,4.25,4.68527440163684,10.289720795472297,7.171443018231926
2016-09-22,4.25,4.25,4.684215042369,10.294265283353369,6.933979137290337
2016-09-23,4.25,4.25,4.684215042369,10.297059329020977,6.883840263352621
2016-09-26,4.26,4.25,4.68409992981839,10.29023799977269,6.986635540060969
2016-09-27,4.25,4.25,4.68409992981839,10.282687474131297,6.8661947644064
2016-09-28,4.25,4.25,4.68428260494549,10.266202772660979,6.698519372335056
2016-09-29,4.25,4.25,4.68428889353295,10.263033363999199,6.374805555092874
2016-09-30,4.25,4.25,4.68428889353295,10.254957647327126,6.313816403943492
2016-10-03,4.25,4.25,4.68420727263407,10.258863080622886,7.202966044758175
2016-10-04,4.25,4.25,4.68420727263407,10.237459215715402,8.090135234426047
2016-10-05,4.25,4.25,4.6843782536007,10.241599110611094,8.104655348699781
2016-10-06,4.25,4.25,4.69829439582947,10.224971910667321,8.451531915367593
2016-10-07,4.26,4.25,4.69829439582947,10.18544021624488,8.360520571098043
2016-10-10,4.25,4.25,4.69806196763996,10.19099365782597,8.239096447914845
2016-10-11,4.25,4.25,4.69840266814899,10.18088391851722,8.100993853467532
2016-10-12,4.25,4.25,4.69808179312881,10.169144750472965,8.033382100742784
2016-10-13,4.25,4.25,4.70800824899754,10.166955746560642,8.037521166020058
2016-10-14,4.25,4.25,4.70650733371235,10.184567596915455,7.937222205019254
2016-10-17,4.25,4.25,4.70380742121948,10.206538434779318,7.766816273711956
2016-10-18,4.25,4.25,4.70029748300571,10.212459956080282,7.724645497359234
2016-10-19,4.25,4.25,4.69949153410131,10.24225725030227,7.599767962823977
2016-10-20,4.25,4.25,4.69929483105024,10.25133668841694,7.447254679291298
2016-10-21,4.3,4.25,4.69929483105024,10.278522401646415,7.347865017661131
2016-10-24,4.26,4.25,4.69895624885971,10.27883547039801,7.065782170314049
2016-10-25,4.25,4.25,4.69895624885971,10.269216790163139,7.293005439956379
2016-10-26,4.25,4.25,4.69888084563515,10.260367713180372,6.960200744200884
2016-10-27,4.25,4.25,4.69870730020027,10.253110393968324,7.051412284254255
2016-10-28,4.25,4.25,4.69870730020027,10.265046011570762,6.956627852251084
2016-10-31,4.25,4.25,4.69835955628298,10.237352916914094,6.419944804333962
2016-11-01,4.25,4.25,4.698333202301354,10.237352916914094,6.854914734409602
2016-11-02,4.25,4.25,4.69830684831973,10.240181880713543,6.854914734409602
2016-11-03,4.25,4.25,4.69809094538198,10.23722420956907,8.180211224118013
2016-11-04,4.35,4.25,4.69809094538198,10.244331892540176,8.212969267574236
2016-11-07,4.35,4.25,4.69903299344503,10.231128844339764,8.21103804564211
2016-11-08,4.35,4.25,4.69903299344503,10.229364383768521,8.23233932218738
2016-11-09,4.25,4.25,4.69899039650784,10.231628188743564,8.23789163371469
2016-11-10,4.26,4.25,4.71762600578351,10.229642885707507,8.180801253496597
2016-11-11,4.25,4.25,4.71762600578351,10.213177735835403,7.9552183975394515
2016-11-14,4.25,4.25,4.71718053033613,10.203376738784513,7.8589684203081145
2016-11-15,4.25,4.25,4.71718053033613,10.194210050070255,7.8498073924217735
2016-11-16,2.25,4.25,4.72093133519602,10.212204743266346,7.780663737450713
2016-11-17,2.92,4.25,4.721966485937107,10.212204743266346,7.614764540386648
2016-11-18,3.59,4.25,4.723001636678193,10.212204743266346,7.614764540386648
2016-11-21,4.26,4.25,4.72403678741928,10.276579824674688,7.614764540386648
2016-11-22,4.25,4.25,4.72403678741928,10.284514047114412,7.410325675958184
2016-11-23,4.26,4.25,4.72915067094285,10.314811629365924,7.390463028166037
2016-11-24,4.35,4.25,4.72875725122715,10.309811731695735,7.086296605843419
2016-11-25,4.35,4.25,4.72875725122715,10.310279640331844,7.148780913861833
2016-11-28,4.35,4.25,4.72824538783568,10.297875577638004,7.021103362583135
2016-11-29,4.35,4.25,4.72824538783568,10.28668038515533,6.7360603366704135
2016-11-30,4.35,4.25,4.7279732264937,10.286672310273456,6.9641654192708025
2016-12-01,4.54,4.25,4.72758131428822,10.299526300958647,6.86213357028206
2016-12-02,4.58,4.25,4.72758131428822,10.310288615827304,8.295097396181374
2016-12-05,4.59,4.25,4.72706078281318,10.302847067884636,8.310992070013965
2016-12-06,4.25,4.25,4.72706078281318,10.273455033490288,8.388635226037975
2016-12-07,4.25,4.25,4.72679100014655,10.281484210833183,8.35752161516977
2016-12-08,4.25,4.25,4.72679100014655,10.281484210833183,8.239335866531714
2016-12-09,4.25,4.25,4.72679100014655,10.279669655448643,8.239335866531714
2016-12-12,4.25,4.25,4.72617354910937,10.267847768991237,7.988561422411592
2016-12-13,4.25,4.25,4.73579316964324,10.255685817789056,7.788184146758295
2016-12-14,4.25,4.25,4.73555499111,10.24646471783442,7.599302493298443
2016-12-15,4.25,4.25,4.75218598002129,10.256106825772031,7.577364685198507
2016-12-16,4.25,4.25,4.75218598002129,10.281481280820417,7.4397060726344755
2016-12-19,4.26,4.25,4.75154328295844,10.266208091840054,7.4896059267713255
2016-12-20,4.25,4.25,4.75154328295844,10.301125148720194,7.212278651443098
2016-12-21,4.25,4.25,4.75167168020033,10.321534744811892,7.204676298385331
2016-12-22,4.37,4.25,4.75114854304868,10.311979688414839,7.253643069443516
2016-12-23,4.62,4.25,4.75114854304868,10.331742842473775,7.400870484278638
2016-12-26,4.8,4.25,4.75069180208461,10.322573262671343,7.4681084374959
2016-12-27,4.84,4.25,4.75086899723051,10.31506467383799,7.441803188523949
2016-12-28,4.25,4.25,4.75086899723051,10.296787320463308,7.505303057563056
2016-12-29,4.25,4.25,4.75086899723051,10.275883741274795,7.515639937435703
2016-12-30,4.25,4.25,4.75086899723051,10.256492664724766,7.035942337998821
2017-01-02,4.25,4.25,4.75047646383469,10.248137959830157,7.1547126675460175
2017-01-03,4.25,4.25,4.75047646383469,10.194847288551195,8.352433029347319
2017-01-04,4.25,4.25,4.75029281851942,10.187899775938194,8.451500278684744
2017-01-05,4.25,4.25,4.74897216033227,10.17900159434095,8.127944916215096
2017-01-06,4.26,4.25,4.74756287966914,10.193776269773615,8.065413500378437
2017-01-09,4.25,4.25,4.74704969665679,10.18916272360158,7.928910969763352
2017-01-10,4.25,4.25,4.74704969665679,10.177689573237616,8.034619718844196
2017-01-11,4.25,4.25,4.74537597877713,10.163488215640063,8.09603498919082
2017-01-12,4.25,4.25,4.75218024002482,10.16128728006061,8.032147767214822
2017-01-13,4.25,4.25,4.74535407510554,10.164932187660687,7.909974359939531
2017-01-16,4.25,4.25,4.74123726995841,10.185408070959166,7.675892185148016
2017-01-17,4.25,4.25,4.73717627204457,10.19325329241164,7.552885858998644
2017-01-18,4.25,4.25,4.73257825991072,10.233611471045142,7.4381809259508955
2017-01-19,4.25,4.25,4.72904216864989,10.240538235299038,7.515592265931841
2017-01-20,4.25,4.25,4.7258613937479,10.227059218646191,7.162992989232285
2017-01-23,4.25,4.25,4.72395582321154,10.248412616642096,7.445666426005686
2017-01-24,4.25,4.25,4.72288683425065,10.256001423897615,7.348926980045674
2017-01-25,4.25,4.25,4.72068140325255,10.246525279995462,7.024900007764026
2017-01-26,4.25,4.25,4.71939653761563,10.238543441524335,6.9083549283864905
2017-01-27,4.25,4.25,4.71849050178007,10.229662447275109,6.815596867828791
2017-01-30,4.25,4.25,4.71453271119729,10.216666198163882,6.800347396465046
2017-01-31,4.25,4.25,4.71279504028209,10.196951070536038,7.088920993831412
2017-02-01,4.25,4.25,4.71286204567374,10.206788507808772,7.141520781368096
2017-02-02,4.25,4.25,4.7127417021227,10.19446214391471,8.230544996366316
2017-02-03,4.25,4.25,4.7127417021227,10.201118762201132,8.332534396238541
2017-02-06,4.25,4.25,4.71248140977951,10.19660472973355,8.236611910801559
2017-02-07,4.25,4.25,4.7106481039574,10.201780574183235,8.275134043826084
2017-02-08,4.25,4.25,4.7072387999431,10.200958865635807,8.413188206742134
2017-02-09,4.25,4.25,4.6965218486436,10.217270374538645,8.229257150429177
2017-02-10,4.25,4.25,4.68975827505202,10.14265918629584,7.945562414580484
2017-02-13,4.25,4.25,4.68560085374024,10.140447246148243,8.029379178871121
2017-02-14,4.18,4.25,4.68344255731548,10.128351249517923,7.3769969686693875
2017-02-15,4.22,4.25,4.68140462540983,10.140631183616069,7.603534178385192
2017-02-16,4.25,4.25,4.6833686828717,10.157726640034305,7.147122653084696
2017-02-17,4.25,4.25,4.68131872554502,10.178010134759488,6.98578856885962
2017-02-20,4.25,4.25,4.67861769813414,10.202230316705421,6.684401331036108
2017-02-21,4.25,4.25,4.67609712085093,10.217780446220633,6.707763051876047
2017-02-22,4.25,4.25,4.67369296235681,10.223067159392466,6.542635900108319
2017-02-23,4.25,4.25,4.6711375293057,10.213592737828037,6.703278712265481
2017-02-24,4.25,4.25,4.66869428827218,10.209464898669285,6.394809247723607
2017-02-27,4.25,4.25,4.66484473544507,10.197262857840204,6.486029153527479
2017-02-28,4.25,4.25,4.66290784072971,10.179980866166963,6.354092346991821
2017-03-01,4.25,4.25,4.66305197126338,10.187665440997653,6.567990301169816
2017-03-02,4.25,4.25,4.66731958252257,10.187595221068486,8.160750308577816
2017-03-03,4.25,4.25,4.66731958252257,10.192544333182457,8.193169380265044
2017-03-06,4.25,4.25,4.66708916769749,10.182763167549082,8.233289913694065
2017-03-07,4.25,4.25,4.66860393686826,10.18109927845503,8.13703175311032
2017-03-08,4.25,4.25,4.67057735111113,10.186217615545058,8.132466694896024
2017-03-09,4.25,4.25,4.67464184549514,10.183308934571894,8.170734768533995
2017-03-10,4.25,4.25,4.67649870020172,10.181568900602734,8.122920801487309
2017-03-13,4.19,4.25,4.67678936693879,10.170815713193013,7.890229720991731
2017-03-14,4.22,4.25,4.6761316096855,10.168058992365157,7.873122915561251
2017-03-15,4.25,4.25,4.67615667729444,10.18424109367268,7.643977220739364
2017-03-16,4.25,4.25,4.67527837028078,10.203881021556871,7.596639965267059
2017-03-17,4.25,4.25,4.67423755459133,10.235994934922608,7.491187785753191
2017-03-20,4.25,4.25,4.67493026383898,10.25852270483202,7.181163482378757
2017-03-21,4.25,4.25,4.67632578206992,10.278427409247461,7.190452238711579
2017-03-22,4.25,4.25,4.67776548978213,10.28493994866391,6.857658263956489
2017-03-23,4.25,4.25,4.67905965575164,10.291078845063874,7.3760300047414304
2017-03-24,4.25,4.25,4.6781091515156,10.278304966155787,7.201290258139811
2017-03-27,4.25,4.25,4.67727723120418,10.273574024321169,6.93341064438701
2017-03-28,4.23,4.25,4.67036216934699,10.27223448430953,6.635798629667392
2017-03-29,4.25,4.25,4.66497482929626,10.265531762872321,6.766576937779584
2017-03-30,4.25,4.25,4.65772823190808,10.263176686229972,6.568423699611918
2017-03-31,4.25,4.25,4.65772823190808,10.282286193467899,6.590117633107936
2017-04-03,4.25,4.25,4.65733023569205,10.293711193891884,6.986549302789752
2017-04-04,4.25,4.25,4.65733023569205,10.285765163845051,8.074836517395502
2017-04-05,4.25,4.25,4.65707298949012,10.287069400302546,7.9169619473571196
2017-04-06,4.25,4.25,4.65367145639684,10.304343881094105,8.033193850340265
2017-04-07,4.25,4.25,4.65367145639684,10.321855993106109,7.998395711647396
2017-04-10,4.32,4.25,4.65451419915648,10.303081896208496,7.925633189639868
2017-04-11,4.3,4.25,4.67504522918219,10.299354544121858,8.108777305397894
2017-04-12,4.35,4.25,4.67466236883668,10.284888809445416,8.322549702586088
2017-04-13,4.316666666666666,4.25,4.673446883569313,10.284888809445416,8.283146853609134
2017-04-14,4.283333333333333,4.25,4.672231398301947,10.284888809445416,8.283146853609134
2017-04-17,4.25,4.25,4.67101591303458,10.299513367092676,8.283146853609134
2017-04-18,4.25,4.25,4.66670614530204,10.292890089503521,7.386063674923544
2017-04-19,4.25,4.25,4.65547606842967,10.31001923264677,7.189771758069381
2017-04-20,4.25,4.25,4.64779626745661,10.320838948085003,7.336331915524785
2017-04-21,4.25,4.25,4.64504616040064,10.36045909793003,7.497336260268692
2017-04-24,4.25,4.25,4.6459876931987,10.375067326874532,6.797534458934953
2017-04-25,4.25,4.25,4.64220728069862,10.378183229643618,6.727030965839126
2017-04-26,4.25,4.25,4.63801197562108,10.390370262059957,6.995311732364802
2017-04-27,4.25,4.25,4.63368338812884,10.383177974265806,6.590526359391882
2017-04-28,4.25,4.25,4.63642186444897,10.384434421199337,6.517013101357503
2017-05-01,4.25,4.25,4.639460562682005,10.384434421199337,6.884534091480463
2017-05-02,4.25,4.25,4.64249926091504,10.389742993048493,6.884534091480463
2017-05-03,4.26,4.25,4.64196715525626,10.37057957813448,8.058696775157644
2017-05-04,4.25,4.25,4.64506340110233,10.36380239283639,8.460449253584299
2017-05-05,4.25,4.25,4.64506340110233,10.390072024597854,8.353574419977521
2017-05-08,4.25,4.25,4.64441251321692,10.386191854944094,7.934957917401172
2017-05-09,4.25,4.25,4.64441251321692,10.383253426635159,8.02061557667628
2017-05-10,4.25,4.25,4.63931019271796,10.373529947192038,7.9562915464183535
2017-05-11,4.25,4.25,4.62015523270169,10.367314174115167,7.936249858255986
2017-05-12,4.0,4.0,4.61195379720773,10.375976638871878,7.975582688573291
2017-05-15,4.0,4.0,4.60589850342793,10.378656867009568,7.617625171401506
2017-05-16,4.0,4.0,4.60469935241728,10.378249970260587,7.56084304499109
2017-05-17,4.0,4.0,4.59765985936622,10.388865330040142,7.761135116632699
2017-05-18,4.0,4.0,4.59186370331674,10.387662479112779,7.734147304535129
2017-05-19,4.0,4.0,4.59186370331674,10.41629483056978,7.686211744644409
2017-05-22,4.0,4.0,4.59108975334683,10.426955188743484,7.4826740036952275
2017-05-23,4.0,4.0,4.59108975334683,10.438287039745317,7.493055288027789
2017-05-24,4.0,4.0,4.5903609258817,10.434337956262628,6.921395809793158
2017-05-25,4.0,4.0,4.58957943688662,10.424101985883112,7.162752050835289
2017-05-26,4.0,4.0,4.58957943688662,10.416440682568359,6.922359566359825
2017-05-29,4.0,4.0,4.588767131205,10.40371577934252,6.3964607310884105
2017-05-30,4.0,4.0,4.588767131205,10.389756112831252,6.217379539449196
2017-05-31,4.0,4.0,4.58799988453241,10.378852783613418,5.763524922750226
2017-06-01,4.0,4.0,4.58720185701826,10.3870024343654,6.341268834212276
2017-06-02,4.0,4.0,4.58720185701826,10.388040306153886,8.022199944188955
2017-06-05,4.0,4.0,4.58636234670586,10.384155202484157,8.181774918965205
2017-06-06,4.01,4.0,4.59350233934174,10.378548563680187,8.121093862616549
2017-06-07,4.0,4.0,4.5926763296474,10.375308987739153,8.002459840503526
2017-06-08,4.0,4.0,4.58729272823067,10.383739384887974,7.940694540484014
2017-06-09,4.0,4.0,4.58729272823067,10.382116074905463,7.929305028915011
2017-06-12,4.01,4.0,4.58034059763737,10.377136455570923,7.977933248251926
2017-06-13,4.0,4.0,4.57128848922492,10.375781112768689,7.853200819491757
2017-06-14,3.82,4.0,4.56189186774573,10.38221406251673,7.675577462989598
2017-06-15,3.81,4.0,4.5615585799787,10.387505484378204,7.263612709007413
2017-06-16,4.0,4.0,4.56433248296141,10.409212742707362,7.002623944369678
2017-06-19,4.01,4.0,4.56616952890304,10.421347048722605,7.127836748754189
2017-06-20,4.02,4.0,4.56616952890304,10.42164342289158,7.152570953466209
2017-06-21,4.0,4.0,4.56531968696267,10.422482089280171,6.854267956073301
2017-06-22,4.01,4.0,4.56444930079745,10.436829205721786,7.0351172659205705
2017-06-23,4.02,4.0,4.56444930079745,10.439608905009981,7.1835887376322525
2017-06-26,4.02,4.0,4.56356965308955,10.42955236717195,6.947888410101672
2017-06-27,4.02,4.0,4.56356965308955,10.40836837525231,7.108146183379145
2017-06-28,4.0,4.0,4.56271437798929,10.38966673603116,6.843324987336876
2017-06-29,4.0,4.0,4.562415006267797,10.38966673603116,7.24855966551945
2017-06-30,4.0,4.0,4.562115634546304,10.38966673603116,7.24855966551945
2017-07-03,4.0,4.0,4.56181626282481,10.389214323092867,7.24855966551945
2017-07-04,4.0,4.0,4.56181626282481,10.3946934934374,8.176603910811767
2017-07-05,4.0,4.0,4.56095368304197,10.405584813529149,8.152915708178364
2017-07-06,4.0,4.0,4.56408783797095,10.419269276475601,8.03859579546957
2017-07-07,4.0,4.0,4.56408783797095,10.411242036605877,8.099943463152554
2017-07-10,4.0,4.0,4.56310320267895,10.403079990862944,7.938717397771622
2017-07-11,4.0,4.0,4.56626089766899,10.398373641420266,7.9124328612322055
2017-07-12,4.0,4.0,4.56527280797323,10.394982604175038,7.695704391405756
2017-07-13,4.0,4.0,4.56087249289745,10.388432069526543,7.79646478072824
2017-07-14,3.75,3.75,4.56087249289745,10.381494677035382,7.869230922205783
2017-07-17,3.75,3.75,4.55975335620211,10.376323292210952,7.771034425253683
2017-07-18,3.75,3.75,4.55975335620211,10.37735049760393,7.521334177074025
2017-07-19,3.75,3.75,4.55868781457516,10.3906073085039,7.578438754400429
2017-07-20,3.75,3.75,4.55752359227815,10.404782848357126,7.622205624174679
2017-07-21,3.75,3.75,4.55752359227815,10.509053343818394,7.4314823559805925
2017-07-24,3.75,3.75,4.55634966038057,10.50213175805728,7.142674064924007
2017-07-25,3.8,3.75,4.55634966038057,10.483248179896115,6.891458840131543
2017-07-26,3.79,3.75,4.55526718071885,10.458403591813862,6.853048135880554
2017-07-27,3.776666666666667,3.75,4.554865182999407,10.458403591813862,6.708271592242968
2017-07-28,3.763333333333333,3.75,4.554463185279963,10.458403591813862,6.708271592242968
2017-07-31,3.75,3.75,4.55406118756052,10.445754420100306,6.708271592242968
2017-08-01,3.75,3.75,4.55406118756052,10.438190678834578,6.573103297223401
2017-08-02,3.75,3.75,4.55294649686885,10.437362027605904,8.354245187147283
2017-08-03,3.75,3.75,4.55219861647501,10.425749769042087,8.269315142771815
2017-08-04,3.75,3.75,4.55219861647501,10.426971090628516,8.259190977011137
2017-08-07,3.75,3.75,4.55093697283095,10.422571642987522,8.027731106919305
2017-08-08,3.75,3.75,4.54442387229923,10.42121982354611,8.066457576359106
2017-08-09,3.75,3.75,4.52601067306501,10.416265945848377,8.03440266292773
2017-08-10,3.7,3.75,4.48633263584093,10.42423626936949,7.808470726024465
2017-08-11,3.72,3.75,4.45572875193316,10.32630376027776,7.484003406280609
2017-08-14,3.75,3.75,4.43694921667447,10.333682076249133,7.31368569151274
2017-08-15,3.75,3.75,4.42708218655044,10.341871066908142,7.486607350291459
2017-08-16,3.75,3.75,4.41951388888891,10.351665736308364,7.9821851155243095
2017-08-17,3.75,3.75,4.4056351429011,10.382919149609336,7.636523646879792
2017-08-18,3.75,3.75,4.39633101953668,10.39094568519132,7.35195909951656
2017-08-21,3.75,3.75,4.38633120752664,10.410235588449348,7.285614854096867
2017-08-22,3.75,3.75,4.38025172870156,10.410216501395155,7.289992691022582
2017-08-23,3.75,3.75,4.37069282627353,10.405691457600822,7.40260399963788
2017-08-24,3.75,3.75,4.36411951998899,10.393682812955856,7.168645684221752
2017-08-25,3.75,3.75,4.35573918346631,10.381855664622533,6.946574363022089
2017-08-28,3.74,3.75,4.34670169662734,10.361182284709063,6.663633798132072
2017-08-29,3.46,3.75,4.33113866476391,10.348856876013116,6.678586413251251
2017-08-30,3.575,3.75,4.321277872427014,10.348856876013116,6.00407619522069
2017-08-31,3.69,3.75,4.31141708009012,10.339052905367424,6.00407619522069
2017-09-01,3.75,3.75,4.30431424198828,10.334942522822613,6.530289075335495
2017-09-04,3.76,3.75,4.30356994406168,10.325976158188938,8.211114620218
2017-09-05,3.76,3.75,4.30356994406168,10.314142236430605,8.301871566138981
2017-09-06,3.75,3.75,4.30291166990402,10.306293605437421,8.262359669562292
2017-09-07,3.75,3.75,4.28413958896821,10.289654647483221,8.276474466697515
2017-09-08,3.46,3.75,4.28413958896821,10.295365052944069,8.26741362857935
2017-09-11,3.7,3.75,4.28335948935676,10.285487061811514,7.812533269607067
2017-09-12,3.75,3.75,4.27410921543406,10.276649141821274,7.776954661230165
2017-09-13,3.7,3.75,4.24898229812374,10.265949783903963,7.331660887112195
2017-09-14,3.7,3.75,4.22159905576098,10.265684906053941,7.373825908815311
2017-09-15,3.6,3.5,4.18477756727764,10.294006555301758,7.239010482995029
2017-09-18,3.5,3.5,4.17650536196918,10.298871062737154,7.135905381051585
2017-09-19,3.5,3.5,4.16403510214149,10.298934177445107,7.072175139229164
2017-09-20,3.5,3.5,4.14787334182534,10.325083205164292,7.266704389884795
2017-09-21,3.5,3.5,4.1453444107555,10.3486805829049,6.728996371230896
2017-09-22,3.51,3.5,4.1453444107555,10.368822705537351,7.1355043935973255
2017-09-25,3.5,3.5,4.1447502202089,10.369825473058736,7.008130762990775
2017-09-26,3.5,3.5,4.14050413583467,10.359001828008873,7.150338378965889
2017-09-27,3.5,3.5,4.13718613340128,10.349303321389353,6.736653255955538
2017-09-28,3.5,3.5,4.1337962639244,10.33862795369437,6.76260788594097
2017-09-29,3.5,3.5,4.12917931649084,10.319444595190166,6.499006590183598
2017-10-02,3.5,3.5,4.1317487877131,10.322161975020196,6.951746756210097
2017-10-03,3.5,3.5,4.1317487877131,10.311461668284222,8.14378510123965
2017-10-04,3.51,3.5,4.13103083782391,10.304542836585744,8.274190081415037
2017-10-05,3.51,3.5,4.10388649423085,10.303724108774334,8.246209963602166
2017-10-06,3.5,3.5,4.09934827547365,10.30218618535017,8.269988676537276
2017-10-09,3.5,3.5,4.09200522508765,10.302402835987996,8.268940359756389
2017-10-10,3.5,3.5,4.08828583463284,10.290319962354088,8.004344780578542
2017-10-11,3.5,3.5,4.07957012935828,10.278832318595594,7.941494464811349
2017-10-12,3.5,3.5,4.05141426772085,10.277793663709412,7.735949940898069
2017-10-13,3.5,3.5,4.04604452656723,10.284527061934533,7.804610304767093
2017-10-16,3.5,3.5,4.04315380385736,10.28976913626091,7.892418667479628
2017-10-17,3.5,3.5,4.04116965976351,10.296415666331901,7.562446992101998
2017-10-18,3.5,3.5,4.03848762269204,10.311009088857313,7.456714293653844
2017-10-19,3.5,3.5,4.0328352159911,10.323993836803393,6.97006008362525
2017-10-20,3.5,3.5,4.03125748376507,10.332926983502935,6.8044019659113975
2017-10-23,3.51,3.5,4.02986370093054,10.349324797816623,7.113612154643267
2017-10-24,3.5,3.5,4.02986370093054,10.34863711048394,7.145291122591385
2017-10-25,3.5,3.5,4.02946693166239,10.329707461913236,6.873040078842923
2017-10-26,3.51,3.5,4.02659089821936,10.312953488580563,6.8276859146841495
2017-10-27,3.5,3.5,4.02585367236868,10.301370368568003,6.46615755443525
2017-10-30,3.5,3.5,4.02336833259595,10.29902499396965,6.158783509630219
2017-10-31,3.5,3.5,4.02336833259595,10.273905638547447,6.529999711260062
2017-11-01,3.505,3.5,4.02315767765619,10.273905638547447,7.05087546634372
2017-11-02,3.51,3.5,4.02294702271643,10.269354271355397,7.05087546634372
2017-11-03,3.51,3.5,4.02294702271643,10.26507301657306,8.123089309417892
2017-11-06,3.51,3.5,4.02135621944404,10.26920264716297,8.090780077891237
2017-11-07,3.51,3.5,4.02743004814119,10.254586602730628,8.048914374303273
2017-11-08,3.51,3.5,4.02062635398856,10.258247564170919,8.218793663143648
2017-11-09,3.5,3.5,4.00459432573077,10.26026232427045,8.114751834581975
2017-11-10,3.25,3.25,3.99835023867244,10.255047432654155,8.102970217527897
2017-11-13,3.25,3.25,3.99246894691342,10.250171487138982,7.890175633361725
2017-11-14,3.25,3.25,3.98855597000601,10.243064354212457,7.685522565681161
2017-11-15,3.25,3.25,3.98799956329431,10.2461764031406,7.71742578355259
2017-11-16,3.24,3.25,3.99451470110832,10.2673612690522,7.6706907176652015
2017-11-17,3.21,3.25,3.9913381113316,10.268446108225278,7.4232825184668805
2017-11-20,3.25,3.25,3.98612068319389,10.286664302207221,7.264221267918293
2017-11-21,3.22,3.25,3.98329647887115,10.294111281280562,7.403468819566313
2017-11-22,3.25,3.25,3.98267451328966,10.30692965419125,7.114962179695026
2017-11-23,3.25,3.25,3.98213570706967,10.315148780300936,7.221962323737146
2017-11-24,3.25,3.25,3.98213570706967,10.322946164838589,7.1685736421443185
2017-11-27,3.25,3.25,3.98153380315658,10.311014016124153,7.057724627893769
2017-11-28,3.25,3.25,3.98153380315658,10.304163204141062,6.723502560262753
2017-11-29,3.25,3.25,3.98098806857226,10.291267822493005,6.625906832505163
2017-11-30,3.25,3.25,3.98045222322282,10.297792877878733,6.821130544509383
2017-12-01,3.25,3.25,3.98045222322282,10.323055257559622,6.727318596488011
2017-12-04,3.25,3.25,3.98209714358895,10.343566809947454,8.075047664623016
2017-12-05,3.25,3.25,3.99623884898317,10.385441016298287,8.24189968986856
2017-12-06,3.25,3.25,3.99566773040554,10.399181212620295,8.17510765615444
2017-12-07,3.25,3.25,3.96980875078941,10.41421073591268,8.274409781146463
2017-12-08,3.25,3.25,3.969320216725325,10.41421073591268,8.302424804970489
2017-12-11,3.25,3.25,3.96883168266124,10.43632166214922,8.302424804970489
2017-12-12,3.25,3.25,3.98170861098319,10.462596068966542,7.5161921196330646
2017-12-13,3.25,3.25,3.97814878693046,10.46236873056404,7.6476511590684115
2017-12-14,3.21,3.25,3.97164823919527,10.465399482884612,7.60835446724764
2017-12-15,3.25,3.25,3.96603286530311,10.459669887554803,7.427927303688174
2017-12-18,3.25,3.25,3.96633677764773,10.460579043782092,7.160806437966166
2017-12-19,3.25,3.25,3.96633677764773,10.465842719540792,7.706784284875405
2017-12-20,3.25,3.25,3.9650674775916,10.471644068782322,7.310727795550151
2017-12-21,3.32,3.25,3.96413339794649,10.486329232630275,7.18957525965151
2017-12-22,3.32,3.25,3.96413339794649,10.49478968965341,7.663288627503503
2017-12-25,3.285,3.25,3.964567586968535,10.49478968965341,7.5571814821118215
2017-12-26,3.25,3.25,3.96500177599058,10.50449231972117,7.5571814821118215
2017-12-27,3.25,3.25,3.96422533377176,10.510372572229574,7.151921709472476
2017-12-28,3.25,3.25,3.96336259354542,10.501251643364384,6.747630008947335
2017-12-29,3.25,3.25,3.96336259354542,10.649442539164903,6.575909744799265
2018-01-01,3.25,3.25,3.96308207244579,10.649442539164903,7.076695625583408
2018-01-02,3.25,3.25,3.96280155134616,10.649442539164903,7.076695625583408
2018-01-03,3.25,3.25,3.96252103024653,10.646724618856348,7.076695625583408
2018-01-04,3.25,3.25,3.96199343737705,10.632095042491244,8.4615561966382
2018-01-05,3.25,3.25,3.96199343737705,10.608545321882675,8.256128863686554
2018-01-08,3.25,3.25,3.96100708579302,10.601078339677446,8.273174714033857
2018-01-09,3.25,3.25,3.91982154492269,10.58248098563141,8.180469101412223
2018-01-10,3.15,3.25,3.9183655982121,10.580653372604022,8.248879811144018
2018-01-11,3.0,3.25,3.86086532451018,10.58453068695611,7.989474827929475
2018-01-12,3.0,3.0,3.83552687105692,10.575177450548209,7.984771973392825
2018-01-15,3.0,3.0,3.80079067244011,10.562819551844928,7.847229796588473
2018-01-16,3.0,3.0,3.76797312861161,10.571460085271315,7.673478252219514
2018-01-17,3.0,3.0,3.73671160573771,10.5795166404499,7.564753269021064
2018-01-18,3.0,3.0,3.72229732030702,10.583545302488483,7.4582517619300965
2018-01-19,3.0,3.0,3.72229732030702,10.60567384261786,7.51830543358512
2018-01-22,3.0,3.0,3.72135149101158,10.62037031074139,7.366345161312629
2018-01-23,3.0,3.0,3.72135149101158,10.627973971821696,7.302887303098962
2018-01-24,3.0,3.0,3.7203978619091,10.631009968171615,7.245761949856745
2018-01-25,3.0,3.0,3.72099048824023,10.618974061123112,7.012960404334515
2018-01-26,3.0,3.0,3.71089947022324,10.61530821601454,7.211942756612718
2018-01-29,3.0,3.0,3.69300007531256,10.60119549878659,6.983220091557853
2018-01-30,3.01,3.0,3.67847283788046,10.58201846356497,6.787909352661665
2018-01-31,3.01,3.0,3.67759408527435,10.56464664364043,6.925656997253845
2018-02-01,3.0,3.0,3.67667067774961,10.55662406231759,6.947875836922864
2018-02-02,3.0,3.0,3.67667067774961,10.558090590400155,8.16857254035958
2018-02-05,3.0,3.0,3.67575822590491,10.551147842846152,8.171753298170165
2018-02-06,3.01,3.0,3.66130954568206,10.543067258227968,8.204327491852382
2018-02-07,3.01,3.0,3.64335862557741,10.544196929799838,8.002656284962386
2018-02-08,3.01,3.0,3.57877860504978,10.547069706671133,7.800483922249197
2018-02-09,3.0,3.0,3.56306633077726,10.443195701800962,7.985297967380063
2018-02-12,3.01,3.0,3.54946619228171,10.444687329928247,7.952660989705163
2018-02-13,3.0,3.0,3.51641654570005,10.440723263817771,7.590529103482767
2018-02-14,3.0,3.0,3.49694242434555,10.44492415046941,7.5283907878740655
2018-02-15,3.01,3.0,3.48349104077793,10.453941281773533,7.505381565237516
2018-02-16,3.01,3.0,3.47423680580807,10.459110707078967,7.351802007657158
2018-02-19,3.0,3.0,3.47303025393141,10.468992279681192,7.420785678540746
2018-02-20,3.0,3.0,3.47303025393141,10.47102050369974,7.265667946512902
2018-02-21,3.01,3.0,3.4718685891291,10.505594255881325,7.010093962656183
2018-02-22,3.1,3.0,3.47154856553423,10.518432380038714,6.884518433625767
2018-02-23,3.02,3.0,3.47154856553423,10.529029984262532,7.2791198305937845
2018-02-26,3.01,3.0,3.47034160312242,10.514623444844329,7.304531415466266
2018-02-27,3.0,3.0,3.45554181605544,10.507462459612507,6.814792036342986
2018-02-28,3.0,3.0,3.45111834583205,10.502863154894614,6.325707441609506
2018-03-01,3.0,3.0,3.45000430325351,10.510052220157473,6.228595806740857
2018-03-02,3.0,3.0,3.45000430325351,10.50709714160138,8.061742561267057
2018-03-05,3.0,3.0,3.44886428609013,10.494876565911625,8.214477440399545
2018-03-06,3.0,3.0,3.43523313630254,10.490128600551964,8.132873296244439
2018-03-07,3.0,3.0,3.42330335155893,10.479811205203601,8.125742192604307
2018-03-08,2.97,3.0,3.36951249701419,10.495146141142499,7.94280302695525
2018-03-09,2.75,2.75,3.35678472827446,10.491591581757863,7.934780272601554
2018-03-12,2.75,2.75,3.33756764369283,10.49727279959138,7.713620163286965
2018-03-13,2.75,2.75,3.31550657449075,10.492987711695339,7.822215331220413
2018-03-14,2.75,2.75,3.29761741058399,10.491505026803882,7.983263163476022
2018-03-15,2.56,2.75,3.26444975904805,10.5000092238106,7.669336686709682
2018-03-16,2.73,2.75,3.25595353617087,10.511898703460123,7.532391154774334
2018-03-19,2.75,2.75,3.25497167744429,10.534042716699837,7.428575643092407
2018-03-20,2.75,2.75,3.24973207159617,10.541867417420237,7.332436119288744
2018-03-21,2.75,2.75,3.2488002249428,10.565553856012794,7.633820990075429
2018-03-22,2.75,2.75,3.22490124958262,10.574264396691671,7.413504118999809
2018-03-23,2.75,2.75,3.22490124958262,10.573870930342558,7.655258766277338
2018-03-26,2.75,2.75,3.22389765393205,10.572432883349466,7.50406229524066
2018-03-27,2.75,2.75,3.2267530237282,10.5717550974477,7.272311087988279
2018-03-28,2.76,2.75,3.22797470859229,10.579747676886948,6.608558332447593
2018-03-29,2.76,2.75,3.2276310259506733,10.579747676886948,6.6656248536550455
2018-03-30,2.76,2.75,3.2272873433090568,10.579747676886948,6.6656248536550455
2018-04-02,2.76,2.75,3.22694366066744,10.590728070791547,6.6656248536550455
2018-04-03,2.75,2.75,3.22694366066744,10.589106370899207,8.469161041310441
2018-04-04,2.75,2.75,3.2260236722868,10.58090488404428,8.327289230245176
2018-04-05,2.75,2.75,3.21705040846053,10.583885593026226,8.269898748370162
2018-04-06,2.75,2.75,3.21705040846053,10.612738364818222,8.110332849945525
2018-04-09,2.75,2.75,3.21599601669197,10.616794092515587,7.982759406890206
2018-04-10,2.75,2.75,3.20012478888161,10.62576411943457,7.963010918675084
2018-04-11,2.75,2.75,3.19872883693266,10.623705298868966,7.61192273470658
2018-04-12,2.75,2.75,3.14147154247615,10.626396143712368,7.665576763923192
2018-04-13,2.75,2.75,3.1391250684368748,10.626396143712368,8.023742842701353
2018-04-16,2.75,2.75,3.1367785943976,10.637808498394293,8.023742842701353
2018-04-17,2.75,2.75,3.1192960431824,10.655612361008934,7.326716871844754
2018-04-18,2.75,2.75,3.11375780819567,10.66909749482318,7.333397949488224
2018-04-19,2.75,2.75,3.08458502472643,10.686069306999773,7.314773705359928
2018-04-20,2.75,2.75,3.08458502472643,10.70123523840884,6.887363988067523
2018-04-23,2.75,2.75,3.0836706365027,10.734151850378739,6.942958964161562
2018-04-24,2.75,2.75,3.0836706365027,10.71758153696017,7.111245375116334
2018-04-25,2.75,2.75,3.08295853321469,10.70951764935612,6.527214937646184
2018-04-26,2.75,2.75,3.07895523691047,10.704645852341155,6.624854083981382
2018-04-27,2.75,2.75,3.07895523691047,10.68971527550436,6.677754569718826
2018-04-30,2.75,2.75,3.078049409253,10.676062156246827,6.528584565828187
2018-05-01,2.75,2.75,3.0776615624880157,10.676062156246827,6.574952405743359
2018-05-02,2.75,2.75,3.07727371572303,10.667992709334223,6.574952405743359
2018-05-03,2.75,2.75,3.07637420680575,10.649495428829523,8.294376840161249
2018-05-04,2.75,2.75,3.07637420680575,10.643434836461928,8.376501582890388
2018-05-07,2.75,2.75,3.0754418339268,10.641463086313921,8.180714395745914
2018-05-08,2.75,2.75,3.05990628269701,10.639710036370419,8.23366022406567
2018-05-09,2.75,2.75,3.05889683361819,10.638925654120376,8.204056919607492
2018-05-10,2.75,2.75,3.02884072638614,10.62867327666503,8.070418777342756
2018-05-11,2.75,2.75,3.02884072638614,10.620308948711358,8.174161620720788
2018-05-14,2.75,2.75,3.02755392713388,10.61728386760317,7.861634745113835
2018-05-15,2.75,2.75,3.01383829484033,10.606795764807929,7.803876460629887
2018-05-16,2.75,2.75,3.00375015432505,10.62202103543709,7.75795471267112
2018-05-17,2.75,2.75,2.99718284961513,10.627320186613089,7.481389159185708
2018-05-18,2.75,2.75,2.99718284961513,10.64003965678691,7.672922955923154
2018-05-21,2.75,2.75,2.99638271091583,10.657782458930212,7.235391012821256
2018-05-22,2.75,2.75,2.99638271091583,10.663800497243859,7.275124443486791
2018-05-23,2.75,2.75,2.99555233046813,10.671112626483142,6.858816649856329
2018-05-24,2.76,2.75,2.99467071221825,10.669199915959096,7.199817524003928
2018-05-25,2.75,2.75,2.99467071221825,10.661668248014319,6.922641178486986
2018-05-28,2.75,2.75,2.99395555935646,10.657679554551331,7.0453833025799595
2018-05-29,2.76,2.75,2.99395555935646,10.651377184766432,6.554946652325446
2018-05-30,2.79,2.75,2.99350285589162,10.648434621576778,6.780016616055434
2018-05-31,2.87,2.75,2.99302124777476,10.64808840380203,6.792016274487482
2018-06-01,2.9,2.75,2.99302124777476,10.643689593261525,6.216750291666947
2018-06-04,2.75,2.75,2.99251544761118,10.643019205354184,8.578109807768941
2018-06-05,2.75,2.75,2.99251544761118,10.639731264325686,8.396007627342751
2018-06-06,2.75,2.75,2.99225794781686,10.63467860276924,8.299697064474314
2018-06-07,2.75,2.75,2.97523353654121,10.639279877157398,8.308320614053994
2018-06-08,2.78,2.75,2.97523353654121,10.635528998637477,8.23091950964187
2018-06-11,2.75,2.75,2.97467650898408,10.635541798674067,8.430438483175275
2018-06-12,2.75,2.75,2.96792328971047,10.630595424382557,8.06669462515803
2018-06-13,2.75,2.75,2.96758216420971,10.623421393397567,7.861646033434425
2018-06-14,2.75,2.75,2.96546492597109,10.630248513074568,7.434626806315261
2018-06-15,2.78,2.75,2.96546492597109,10.642157315344427,7.411244696099302
2018-06-18,2.75,2.75,2.96509457865373,10.642753051121659,7.375320455523382
2018-06-19,2.75,2.75,2.96509457865373,10.636549225695555,7.41190206146263
2018-06-20,2.77,2.75,2.96464287201859,10.657956296250346,6.929793876749801
2018-06-21,2.76,2.75,2.96409063932897,10.671959725008461,6.9690631625597295
2018-06-22,2.84,2.75,2.96409063932897,10.68722054586481,7.312763576761682
2018-06-25,2.8,2.75,2.96345537429292,10.68438067970801,7.530076040796752
2018-06-26,2.75,2.75,2.96345537429292,10.668202646795345,6.8875253768560665
2018-06-27,2.75,2.75,2.96315745232631,10.667979841905542,6.850086956181885
2018-06-28,2.75,2.75,2.96259329502566,10.663408761988075,6.535119966414173
2018-06-29,2.75,2.75,2.96259329502566,10.663408761988075,6.592289622473792
2018-07-02,2.75,2.75,2.96218442131537,10.673461869701649,6.592289622473792
2018-07-03,2.75,2.75,2.96218442131537,10.666350953588674,8.371594770999515
2018-07-04,2.75,2.75,2.9618891054017,10.662489318978762,8.410244192464367
2018-07-05,2.75,2.75,2.96153819901518,10.670219352271852,8.412648577737627
2018-07-06,2.75,2.75,2.96153819901518,10.661661316814458,8.362596301355666
2018-07-09,2.75,2.75,2.96113188957944,10.658550437509632,8.346394997053881
2018-07-10,2.75,2.75,2.97049355925411,10.652819110680023,8.202437465003237
2018-07-11,2.75,2.75,2.97002520277656,10.652106714358538,8.103651626448784
2018-07-12,2.74,2.75,2.94195872463108,10.646640042899296,8.030088644449268
2018-07-13,2.74,2.75,2.93673828006979,10.650631085523344,8.019381061039008
2018-07-16,2.68,2.75,2.93309602404495,10.658308692094566,7.712409301151895
2018-07-17,2.7,2.75,2.92915119331886,10.657675088000472,7.512011044263826
2018-07-18,2.75,2.75,2.92535633419798,10.667687378263512,7.2125743082501
2018-07-19,2.75,2.75,2.93663782677076,10.68233118388853,6.872209733768626
2018-07-20,2.75,2.75,2.93663782677076,10.696161446572665,6.990016382257123
2018-07-23,2.75,2.75,2.93609778320149,10.71589770620282,7.018095857770801
2018-07-24,2.75,2.75,2.94557994159911,10.72813315026657,7.174140244303305
2018-07-25,2.75,2.75,2.94526490434368,10.71755240636094,7.037665797515712
2018-07-26,2.75,2.75,2.94475849639989,10.702208674921865,7.113078612367134
2018-07-27,2.75,2.75,2.944473951728945,10.702208674921865,7.12225881997519
2018-07-30,2.75,2.75,2.944189407058,10.707164143520563,7.12225881997519
2018-07-31,2.75,2.75,2.944189407058,10.705256658879577,6.701028895069999
2018-08-01,2.75,2.75,2.9436697622554,10.694238296801728,6.196440669641902
2018-08-02,2.75,2.75,2.94287626668028,10.689668979577421,8.396347544772832
2018-08-03,2.75,2.75,2.94287626668028,10.679654477205373,8.377874711254774
2018-08-06,2.75,2.75,2.94156531531533,10.673829104193834,8.294684536170358
2018-08-07,2.75,2.75,2.94156531531533,10.675511874940517,8.249680325543286
2018-08-08,2.75,2.75,2.94105505517348,10.678075941951883,8.081711195082683
2018-08-09,2.75,2.75,2.90519633554558,10.680379631657457,8.105567117484988
2018-08-10,2.75,2.75,2.89083278694184,10.617797412692376,8.023100104020076
2018-08-13,2.75,2.75,2.87344131198623,10.621212131308548,7.956313460174403
2018-08-14,2.75,2.75,2.86331780395717,10.625045702410691,7.8461961649774805
2018-08-15,2.75,2.75,2.8538474371828,10.633071697900807,7.619283291900029
2018-08-16,2.75,2.75,2.84852468020411,10.65015254511704,7.57231446409814
2018-08-17,2.75,2.75,2.84852468020411,10.65294114050884,7.219757803481144
2018-08-20,2.76,2.75,2.84792751792992,10.658492077158606,7.348959052580551
2018-08-21,2.75,2.75,2.84792751792992,10.66700962868116,7.334352912255327
2018-08-22,2.75,2.75,2.84765419279154,10.663746836127817,7.479372950995975
2018-08-23,2.75,2.75,2.84722372969853,10.671917295823492,7.2755456770453195
2018-08-24,2.75,2.75,2.84722372969853,10.672679504022334,7.004830565586669
2018-08-27,2.75,2.75,2.8466776280728,10.66604326798199,6.8776627277450375
2018-08-28,2.75,2.75,2.8466776280728,10.654067498830363,6.99986203409609
2018-08-29,2.75,2.75,2.84640837939745,10.641199645906678,6.657859948563956
2018-08-30,2.75,2.75,2.846207571482664,10.641199645906678,6.9039802548462585
2018-08-31,2.75,2.75,2.8460067635678765,10.641199645906678,6.9039802548462585
2018-09-03,2.75,2.75,2.84580595565309,10.649979043751292,6.9039802548462585
2018-09-04,2.75,2.75,2.85507729466596,10.65356627968719,8.488665709189558
2018-09-05,2.75,2.75,2.85573244725758,10.652100083833,8.39440925608261
2018-09-06,2.75,2.75,2.77594089084665,10.645466217575619,8.234869090214147
2018-09-07,2.74,2.75,2.77123755162539,10.641720751281653,8.322081040833337
2018-09-10,2.75,2.75,2.78097192834583,10.64480051429545,8.131149059643613
2018-09-11,2.75,2.75,2.74919466657212,10.635854568233103,8.058887063745276
2018-09-12,2.75,2.75,2.73932796445434,10.629500388389033,8.050305531557266
2018-09-13,2.75,2.75,2.73628852881,10.62077962424273,7.94021338468974
2018-09-14,2.75,2.75,2.73628852881,10.622018694321115,7.937285313361629
2018-09-17,2.75,2.75,2.7330241381832,10.634295022080423,7.747606540731313
2018-09-18,2.75,2.75,2.77428868249193,10.635278234060793,7.7865923475421255
2018-09-19,2.75,2.75,2.77428868249193,10.649420292827395,7.6012265230928175
2018-09-20,2.75,2.75,2.77428868249193,10.655559080516644,7.486290320591101
2018-09-21,2.75,2.75,2.77428868249193,10.682649902944876,7.2310367521054175
2018-09-24,2.75,2.75,2.77428868249193,10.67912238064,7.116578933780163
2018-09-25,2.75,2.75,2.77428868249193,10.679167671166306,7.170620024503474
2018-09-26,2.75,2.75,2.72592159344839,10.668561140424682,6.781561378248474
2018-09-27,2.75,2.75,2.72594870787449,10.664367163972432,7.149628562952735
2018-09-28,2.75,2.75,2.72594870787449,10.655439636976014,6.654603403198029
2018-10-01,2.75,2.75,2.72582193755744,10.659049073202393,6.470505579817191
2018-10-02,2.75,2.75,2.73485080624205,10.652375272136831,8.402925939612986
2018-10-03,2.75,2.75,2.73518029934841,10.63677334423597,8.357312773667582
2018-10-04,2.75,2.75,2.73522971912821,10.631771905712812,8.375777686183854
2018-10-05,2.75,2.75,2.73439822844525,10.626842110103448,8.258473132053389
2018-10-08,2.75,2.75,2.7368296264711747,10.626842110103448,8.123224047596803
2018-10-09,2.75,2.75,2.7392610244971,10.610971565340545,8.123224047596803
2018-10-10,2.75,2.75,2.73710277858052,10.612934534970139,8.194257804811478
2018-10-11,2.7,2.75,2.67276998038248,10.613183670544835,8.077406528748355
2018-10-12,2.81,2.75,2.67276998038248,10.606893608320274,7.966616557327873
2018-10-15,2.75,2.75,2.67264508786453,10.610118726805114,8.043151265445594
2018-10-16,2.71,2.75,2.66693157927117,10.6103606220355,8.052157810841903
2018-10-17,2.75,2.75,2.66436040291251,10.629970765318902,7.987890598128392
2018-10-18,2.75,2.75,2.65819820508077,10.638662288598697,7.673070975855181
2018-10-19,2.76,2.75,2.65819820508077,10.658222774044635,7.424053461019519
2018-10-22,2.76,2.75,2.65810657211852,10.667655433254424,7.2036244923006
2018-10-23,2.75,2.75,2.65810657211852,10.680410887540159,7.005432832735047
2018-10-24,2.78,2.75,2.65879328733978,10.675015900785624,6.906819527182953
2018-10-25,2.84,2.75,2.65836343813084,10.660503318378051,7.03453218190716
2018-10-26,2.84,2.75,2.65732290029135,10.651314548451166,6.875897541566881
2018-10-29,2.76,2.75,2.65617797079556,10.655165388390044,6.527350500023932
2018-10-30,2.75,2.75,2.65617797079556,10.647080645045678,6.600738243076792
2018-10-31,2.75,2.75,2.65617797079556,10.618600204588944,6.325774714247655
2018-11-01,2.7533333333333334,2.75,2.65641539795569,10.618600204588944,7.185753400059486
2018-11-02,2.7566666666666664,2.75,2.65665282511582,10.618600204588944,7.185753400059486
2018-11-05,2.76,2.75,2.65689025227595,10.623614718830053,7.185753400059486
2018-11-06,2.76,2.75,2.67319804295607,10.615158557298727,8.504928299464726
2018-11-07,2.77,2.75,2.6739533811266,10.613075887119583,8.47450893507483
2018-11-08,2.77,2.75,2.66053500827727,10.612796940143571,8.37499464643782
2018-11-09,2.76,2.75,2.6618566362814,10.615132448491156,8.371913757337527
2018-11-12,2.75,2.75,2.66303869016077,10.611735801321231,8.417491875473043
2018-11-13,2.76,2.75,2.66517865376232,10.595822336094974,8.132716182296114
2018-11-14,2.75,2.75,2.66831927817986,10.587143559920616,8.004414548422483
2018-11-15,2.76,2.75,2.67085810917804,10.593202529759242,7.9639430033709
2018-11-16,2.75,2.75,2.67085810917804,10.616939031457562,7.744439559923944
2018-11-19,2.76,2.75,2.67089408260247,10.623550353691956,7.642921136922899
2018-11-20,2.75,2.75,2.67099561444786,10.62187070912974,7.562202003394053
2018-11-21,2.75,2.75,2.67169863049193,10.654712313047463,7.582176462305411
2018-11-22,2.75,2.75,2.67216560505828,10.656671939587314,7.308977796235707
2018-11-23,2.75,2.75,2.67216560505828,10.688969539409426,7.122347567362278
2018-11-26,2.75,2.75,2.67224262160174,10.68073543093318,7.149751734646466
2018-11-27,2.75,2.75,2.67224262160174,10.64715627439055,6.895296882996919
2018-11-28,2.75,2.75,2.67297498873485,10.636188464349402,6.73005764847683
2018-11-29,2.75,2.75,2.67340747556382,10.634120840955019,6.428045954689455
2018-11-30,2.75,2.75,2.67340747556382,10.62621566610147,6.642308631623741
2018-12-03,2.75,2.75,2.673456214456,10.631806459838758,6.602203077139883
2018-12-04,2.75,2.75,2.673456214456,10.61390865752321,8.383693519296614
2018-12-05,2.75,2.75,2.67419996648768,10.625494355824161,8.375473283055385
2018-12-06,2.75,2.75,2.67570350368723,10.633056826570737,8.217544012388862
2018-12-07,2.75,2.75,2.67570350368723,10.625736693266944,8.402728134298332
2018-12-10,2.77,2.75,2.67572071280153,10.617780743486241,8.383516041122725
2018-12-11,2.76,2.75,2.67339571651118,10.604420922746426,8.366769213387194
2018-12-12,2.76,2.75,2.67658211702574,10.594587240419303,8.203918247039361
2018-12-13,2.75,2.75,2.67857423727378,10.586754844113658,8.181741571022648
2018-12-14,2.75,2.75,2.6805718470773,10.578729309610946,8.003320438661214
2018-12-17,2.75,2.75,2.69018871704893,10.578824557971878,8.135869081426176
2018-12-18,2.75,2.75,2.69108343562555,10.583054493513066,7.854535477483708
2018-12-19,2.75,2.75,2.6918273831474,10.580489082578064,7.746926688531797
2018-12-20,2.75,2.75,2.6923802008528,10.583810680034802,7.644887928795518
2018-12-21,2.79,2.75,2.6923802008528,10.588457416180772,7.36096529590715
2018-12-24,2.776666666666667,2.75,2.69263241772845,10.588457416180772,7.059122877417196
2018-12-25,2.763333333333333,2.75,2.6928846346041,10.588457416180772,7.059122877417196
2018-12-26,2.75,2.75,2.69313685147975,10.637396363992881,7.059122877417196
2018-12-27,2.75,2.75,2.69368420171443,10.609871653775167,6.515878514843008
2018-12-28,2.75,2.75,2.69368420171443,10.590899312715052,6.9853091346652905
2018-12-31,2.75,2.75,2.6938621629025,10.585224852643119,6.65400743477482
2019-01-01,2.75,2.75,2.69424589955187,10.585224852643119,7.052686491386073
2019-01-02,2.75,2.75,2.69462963620124,10.571606085440905,7.052686491386073
2019-01-03,2.75,2.75,2.69827615868795,10.561661656280254,8.59275251804277
2019-01-04,2.76,2.75,2.69827615868795,10.546681468888218,8.338576859422234
2019-01-07,2.75,2.75,2.69734883081319,10.53441956826199,8.422231194562993
2019-01-08,2.75,2.75,2.70131648398709,10.525412139595623,8.364271120509185
2019-01-09,2.75,2.75,2.70396501939433,10.528009196824708,8.258534664720962
2019-01-10,2.75,2.75,2.70871273284963,10.519337487143769,8.214044191018756
2019-01-11,2.75,2.75,2.71097982715621,10.52092560580268,8.146132126297346
2019-01-14,2.76,2.75,2.71374061776777,10.52089239057777,8.035813052497508
2019-01-15,2.75,2.75,2.71451957073616,10.531697775593274,7.939607822069843
2019-01-16,2.75,2.75,2.71608041548716,10.536236257799619,7.868739896549479
2019-01-17,2.75,2.75,2.71776834148814,10.542431204502252,7.798722491922361
2019-01-18,2.76,2.75,2.71776834148814,10.564536012138973,7.704999232279594
2019-01-21,2.76,2.75,2.7178268573505,10.597066229419893,7.476038793429743
2019-01-22,2.76,2.75,2.7178268573505,10.597734421144466,7.209737241832307
2019-01-23,2.76,2.75,2.71837367764214,10.615014474982287,7.354735791571892
2019-01-24,2.76,2.75,2.71871861758416,10.617988778250878,7.314551726937317
2019-01-25,2.75,2.75,2.71871861758416,10.616417102180193,7.015939206044126
2019-01-28,2.75,2.75,2.71874810430217,10.599273832373317,7.252095402921418
2019-01-29,2.75,2.75,2.7189679939605,10.589496031126254,6.375663205692793
2019-01-30,2.75,2.75,2.72037622108408,10.581691988238576,6.392838318918968
2019-01-31,2.75,2.75,2.72057901174759,10.573426344792438,6.304274137680866
2019-02-01,2.75,2.75,2.72057901174759,10.573282890436966,6.4237287538662535
2019-02-04,2.75,2.75,2.73324251012143,10.585976292242785,8.354972612903852
2019-02-05,2.75,2.75,2.73324251012143,10.585842065123664,8.487032591385121
2019-02-06,2.75,2.75,2.7337583185207,10.573006345520477,8.376645724664774
2019-02-07,2.75,2.75,2.73149559482326,10.57814550628532,8.418067730204491
2019-02-08,2.75,2.75,2.72930460395965,10.578688511271377,8.381980276167493
2019-02-11,2.75,2.75,2.73114040072888,10.522522731333156,8.298371045547425
2019-02-12,2.74,2.75,2.7305569317474,10.529737632779296,8.48421705360062
2019-02-13,2.75,2.75,2.72934777374131,10.52836319294113,8.338325212377045
2019-02-14,2.75,2.75,2.7278867165236,10.535747286711585,8.35400920550923
2019-02-15,2.75,2.75,2.72719678048451,10.542405867261033,8.32640036573999
2019-02-18,2.75,2.75,2.72700113889403,10.54944361747021,8.106462942744956
2019-02-19,2.75,2.75,2.72537411536717,10.550212782607922,7.547405938780177
2019-02-20,2.75,2.75,2.72550818737828,10.569629546159852,7.385689982304345
2019-02-21,2.75,2.75,2.72591577327201,10.587147989761135,7.369028402946513
2019-02-22,2.75,2.75,2.72591577327201,10.59115137431416,7.010095718912747
2019-02-25,2.75,2.75,2.72498285238438,10.609682192006291,6.756070484740137
2019-02-26,2.75,2.75,2.72443534772235,10.607609469907826,6.735861257557201
2019-02-27,2.75,2.75,2.72545443984215,10.60002930927271,6.118483854161292
2019-02-28,2.75,2.75,2.72578745430096,10.597820869180453,6.855856989327114
2019-03-01,2.75,2.75,2.72578745430096,10.592508004723923,6.826035080939704
2019-03-04,2.75,2.75,2.73585991778759,10.606637401296698,8.53568629079803
2019-03-05,2.76,2.75,2.73585991778759,10.597490901456322,8.405174564965355
2019-03-06,2.75,2.75,2.73647432719125,10.594683573899882,8.337650606479052
2019-03-07,2.75,2.75,2.73504869304143,10.60025014627093,8.350900265386327
2019-03-08,2.75,2.75,2.73504869304143,10.612582119229325,8.389270730276625
2019-03-11,2.75,2.75,2.73461714690282,10.617758692688069,8.203108686411817
2019-03-12,2.75,2.75,2.73513387659718,10.616118307037643,8.215473553132501
2019-03-13,2.75,2.75,2.73532210097374,10.615980839586554,8.173299236512186
2019-03-14,2.75,2.75,2.74275823376967,10.616581284802775,8.144929722542077
2019-03-15,2.75,2.75,2.74275823376967,10.623955780035372,8.333848590363717
2019-03-18,2.75,2.75,2.74238550724743,10.645895936247795,8.194707994249086
2019-03-19,2.75,2.75,2.74238550724743,10.6544791646143,7.5600409145470095
2019-03-20,2.75,2.75,2.743001672255,10.668513042793693,7.350063485282854
2019-03-21,2.75,2.75,2.74306043753632,10.688458749581278,7.426511114486436
2019-03-22,2.75,2.75,2.74306043753632,10.703315131078547,6.809470821116802
2019-03-25,2.75,2.75,2.74256756417009,10.71044751203272,6.870159098123825
2019-03-26,2.75,2.75,2.74256756417009,10.7158607283378,6.699585316969766
2019-03-27,2.75,2.75,2.74317675751698,10.717165877137678,6.731222100078479
2019-03-28,2.75,2.75,2.74323432050066,10.716827712931265,6.727745275401318
2019-03-29,2.75,2.75,2.74323432050066,10.707442788252699,6.796766191257079
2019-04-01,2.75,2.75,2.74274304749992,10.710447601287713,6.466650217278743
2019-04-02,2.75,2.75,2.75489503390721,10.710505258909118,8.480187520390102
2019-04-03,2.75,2.75,2.75528495709891,10.7134636850373,8.434724822748493
2019-04-04,2.75,2.75,2.75522846185731,10.724316331986497,8.420510255013376
2019-04-05,2.75,2.75,2.75522846185731,10.732553278017845,8.411767270890671
2019-04-08,2.75,2.75,2.75458317912482,10.745589962238954,8.382695123727892
2019-04-09,2.75,2.75,2.75458317912482,10.742055703434158,8.335344761177861
2019-04-10,2.76,2.75,2.75478650405933,10.741508712286487,8.183635030341962
2019-04-11,2.75,2.75,2.75208582469367,10.737951770169008,8.143302887239308
2019-04-12,2.75,2.75,2.75122307347761,10.740757662017602,8.148122590838481
2019-04-15,2.75,2.75,2.75044843472174,10.745139142248778,8.073850799804939
2019-04-16,2.75,2.75,2.75044843472174,10.749413918966095,7.990109880199589
2019-04-17,2.75,2.75,2.75066603589277,10.762618268090838,8.041597129835715
2019-04-18,2.75,2.75,2.7503861078378438,10.762618268090838,7.622527954170335
2019-04-19,2.75,2.75,2.7501061797829167,10.762618268090838,7.622527954170335
2019-04-22,2.75,2.75,2.74982625172799,10.788041925302569,7.622527954170335
2019-04-23,2.75,2.75,2.74982625172799,10.804741372191168,7.717068414436739
2019-04-24,2.75,2.75,2.75000843765056,10.82080245415316,7.292797367791594
2019-04-25,2.75,2.75,2.74984562136747,10.82613287086477,7.067575692504062
2019-04-26,2.75,2.75,2.74984562136747,10.821763964505816,6.851305681091622
2019-04-29,2.75,2.75,2.74898107604563,10.814714778474421,6.503979764995596
2019-04-30,2.75,2.75,2.74898107604563,10.800868728070471,6.176430608116281
2019-05-01,2.75,2.75,2.74887515651993,10.800868728070471,6.832054543595773
2019-05-02,2.75,2.75,2.74876923699423,10.809220573217619,6.832054543595773
2019-05-03,2.75,2.75,2.76104391714978,10.798887361560855,8.354118428375145
2019-05-06,2.75,2.75,2.76029715282114,10.78939965921193,8.364915553727844
2019-05-07,2.75,2.75,2.75746547012683,10.786636122484653,8.325706404287905
2019-05-08,2.75,2.75,2.75669203696526,10.786526786579605,8.255398771715173
2019-05-09,2.75,2.75,2.75731405622771,10.785771865021761,8.232113239087473
2019-05-10,2.75,2.75,2.75394424613844,10.781630793053578,8.33803064488467
2019-05-13,2.76,2.75,2.75130897804071,10.789690909130917,8.133128919012076
2019-05-14,2.75,2.75,2.75085322544883,10.789776135499007,7.985324898833885
2019-05-15,2.75,2.75,2.75096537681282,10.791216759662037,7.958332541848057
2019-05-16,2.75,2.75,2.75079638405459,10.797751853405117,7.829706481290912
2019-05-17,2.75,2.75,2.75079638405459,10.806144655375267,7.7389177029219995
2019-05-20,2.75,2.75,2.75026896866733,10.817690137966416,7.4344514670540836
2019-05-21,2.75,2.75,2.75026896866733,10.833850899019824,7.044850868203696
2019-05-22,2.75,2.75,2.75032336048665,10.838466091654071,6.951675803861647
2019-05-23,2.75,2.75,2.75013003555807,10.843388619291995,7.070502614542261
2019-05-24,2.75,2.75,2.75013003555807,10.848260141809607,6.755223756598363
2019-05-27,2.75,2.75,2.7494715342649,10.839161905279843,6.883625235008863
2019-05-28,2.75,2.75,2.7494715342649,10.835442354564131,7.07194447130203
2019-05-29,2.75,2.75,2.7494466944255,10.826168165213835,7.122245656413908
2019-05-30,2.75,2.75,2.74926590789263,10.824636981286483,6.7537651757551
2019-05-31,2.75,2.75,2.74926590789263,10.82715443262534,6.783657336063747
2019-06-03,2.75,2.75,2.74892246121559,10.831027676631798,6.75546281484721
2019-06-04,2.75,2.75,2.74892246121559,10.828523840849567,8.382914236984432
2019-06-05,2.75,2.75,2.74883384609016,10.82498326723268,8.389596684394926
2019-06-06,2.75,2.75,2.74599207554073,10.825045714803899,8.362302989748096
2019-06-07,2.75,2.75,2.74418722731008,10.812810631138385,8.418160435640027
2019-06-10,2.75,2.75,2.74350638512397,10.809142836611562,8.395549481889418
2019-06-11,2.75,2.75,2.74236007395974,10.8085705317673,8.227400972332875
2019-06-12,2.75,2.75,2.74117070497492,10.805029470073906,7.786582711819075
2019-06-13,2.75,2.75,2.74038359079437,10.802943692904789,7.731703205643176
2019-06-14,2.75,2.75,2.74038359079437,10.802906513455897,7.916453819310931
2019-06-17,2.75,2.75,2.740081848351,10.804599689098664,7.696220600141992
2019-06-18,2.75,2.75,2.740081848351,10.80371199568612,7.93568531921215
2019-06-19,2.75,2.75,2.73993373569263,10.818581117340866,7.846060430472738
2019-06-20,2.75,2.75,2.7396295931657,10.835577167182407,7.947195806464877
2019-06-21,2.75,2.75,2.7396295931657,10.847593104361286,7.554348483957224
2019-06-24,2.75,2.75,2.73932113646142,10.85590452116942,7.305648772787938
2019-06-25,2.75,2.75,2.73932113646142,10.851688232625374,6.949444105662815
2019-06-26,2.75,2.75,2.7391570342967,10.84990865328077,6.718973748391463
2019-06-27,2.75,2.75,2.73893851862228,10.851274607759349,6.880696600705689
2019-06-28,3.26,2.75,2.73893851862228,10.848072889687982,6.885269444332218
2019-07-01,2.75,2.75,2.73842021807119,10.850429860774307,6.941857329161317
2019-07-02,2.79,2.75,2.73640928037558,10.845463784481971,8.476635691784958
2019-07-03,2.77,2.75,2.73602947553718,10.839361686935723,8.491337690109004
2019-07-04,2.75,2.75,2.73549568959571,10.834486061706453,8.764006467346316
2019-07-05,2.75,2.75,2.73549568959571,10.8330527512659,8.643003486681419
2019-07-08,2.75,2.75,2.73209540653103,10.831762035510808,8.18982320091687
2019-07-09,2.75,2.75,2.73002086729874,10.824015466063605,8.055445462094369
2019-07-10,2.75,2.75,2.72960622464425,10.822914096025572,8.006021101341059
2019-07-11,2.76,2.75,2.72767124634937,10.820065424151721,7.950282769958175
2019-07-12,2.75,2.75,2.72617954476984,10.828220308087191,7.945275202539804
2019-07-15,2.75,2.75,2.72426270639634,10.828742019492314,7.745179042227309
2019-07-16,2.75,2.75,2.72426270639634,10.820475633732915,7.477284691399745
2019-07-17,2.76,2.75,2.72348042184222,10.830272576483381,7.590231707482363
2019-07-18,2.76,2.75,2.72284479753381,10.836282043003003,7.402037045008182
2019-07-19,2.75,2.75,2.72284479753381,10.84548975858253,7.422354314122271
2019-07-22,2.75,2.75,2.72209933309465,10.861280187391971,7.42273629792441
2019-07-23,2.75,2.75,2.72209933309465,10.855001721529016,7.368498042352843
2019-07-24,2.75,2.75,2.72130152281304,10.84236470761313,7.3944785092575405
2019-07-25,2.75,2.75,2.72056461526066,10.827110310633566,7.5418218707834885
2019-07-26,2.75,2.75,2.72056461526066,10.820893819170951,7.422822921596343
2019-07-29,2.75,2.75,2.720370350164767,10.820893819170951,7.105484939878852
2019-07-30,2.75,2.75,2.720176085068873,10.820893819170951,7.105484939878852
2019-07-31,2.75,2.75,2.71998181997298,10.8178983530351,7.105484939878852
2019-08-01,2.75,2.75,2.71908364724089,10.816240601912767,6.2425132320683705
2019-08-02,2.75,2.75,2.72142488541488,10.809813453342356,8.32917198148971
2019-08-05,2.76,2.75,2.72038881195406,10.80140906503621,8.422465422718233
2019-08-06,2.75,2.75,2.72038881195406,10.798464872831135,8.368486749473973
2019-08-07,2.75,2.75,2.71941951505582,10.79541635287276,8.292774058553693
2019-08-08,2.75,2.75,2.7114947230254,10.79795446173605,8.301818201063355
2019-08-09,2.5,2.5,2.69697017304692,10.727317996317058,8.26740103105366
2019-08-12,2.5,2.5,2.68248812180656,10.729033789738992,8.180004399773583
2019-08-13,2.5,2.5,2.66660793574159,10.724627877295022,8.29538082232319
2019-08-14,2.5,2.5,2.65437133059676,10.731245847565306,8.16181315205515
2019-08-15,2.5,2.5,2.64820014763401,10.740585406502001,7.868981643748911
2019-08-16,2.5,2.5,2.64591616316945,10.743676792571952,7.550310821683374
2019-08-19,2.5,2.5,2.6448533428335,10.760222055187272,7.028142080039616
2019-08-20,2.5,2.5,2.6448533428335,10.765453674225778,7.287696476535002
2019-08-21,2.5,2.5,2.64403716780736,10.781320933593262,6.991391861685015
2019-08-22,2.5,2.5,2.64296109657377,10.786190036806307,7.068130734153297
2019-08-23,2.5,2.5,2.64296109657377,10.786115931540218,7.341212690326621
2019-08-26,2.5,2.5,2.64188893909445,10.782158441311426,7.2459335132828535
2019-08-27,2.5,2.5,2.64188893909445,10.767809589537903,7.161090567376836
2019-08-28,2.5,2.5,2.64102478809585,10.74638519792742,6.907151722438525
2019-08-29,2.5,2.5,2.64071520748349,10.74638519792742,6.686392808738446
2019-08-30,2.5,2.5,2.64040562687113,10.74638519792742,6.686392808738446
2019-09-02,2.5,2.5,2.64009604625877,10.754548139802623,6.686392808738446
2019-09-03,2.5,2.5,2.64094454471686,10.754617557653123,8.453894989436744
2019-09-04,2.51,2.5,2.63986078284455,10.748106087818822,8.503272264094928
2019-09-05,2.5,2.5,2.63863661884554,10.739840475061541,8.369944778386328
2019-09-06,2.51,2.5,2.63863661884554,10.738600379348822,8.418918227670767
2019-09-09,2.5,2.5,2.63799089503138,10.74841165748223,8.399130075775616
2019-09-10,2.51,2.5,2.63799089503138,10.736962865348314,8.028178105208774
2019-09-11,2.51,2.5,2.63169610626985,10.728554878215594,8.21900889148796
2019-09-12,2.51,2.5,2.63190922397902,10.724510903426715,7.984125565731186
2019-09-13,2.5,2.5,2.62033624491752,10.728707096598166,7.830818673719542
2019-09-16,2.51,2.5,2.61913748530639,10.739540686633754,7.915855659453176
2019-09-17,2.5,2.5,2.61913748530639,10.745191634921797,7.795888705141049
2019-09-18,2.5,2.5,2.61913748530639,10.756823341959459,7.789442330761304
2019-09-19,2.51,2.5,2.61789753373541,10.765234830641965,7.5127709939109515
2019-09-20,2.5,2.5,2.63986078284455,10.767395050507245,7.479006322076594
2019-09-23,2.5,2.5,2.61735015590836,10.782030786511271,7.234084830586806
2019-09-24,2.5,2.5,2.61735015590836,10.77933095994702,7.346713333979749
2019-09-25,2.5,2.5,2.61711193243924,10.772275223829705,7.04301088386177
2019-09-26,2.5,2.5,2.61684280579637,10.761478384443077,7.185027342504295
2019-09-27,2.5,2.5,2.61684280579637,10.751368567034344,6.855534995378077
2019-09-30,2.5,2.5,2.61646967847031,10.752053752540116,6.765971638855585
2019-10-01,2.5,2.5,2.61646967847031,10.744090747908794,6.295825742006585
2019-10-02,2.5,2.5,2.61339289809195,10.739896781787248,8.433638171966367
2019-10-03,2.5,2.5,2.61290589708131,10.730587538401641,8.41293704579505
2019-10-04,2.5,2.5,2.61290589708131,10.725460055389226,8.444687575293974
2019-10-07,2.5,2.5,2.61250062989159,10.723114819138484,8.3360075913175
2019-10-08,2.5,2.5,2.612356575172125,10.723114819138484,8.370264708562768
2019-10-09,2.5,2.5,2.61221252045266,10.723257320393559,8.370264708562768
2019-10-10,2.5,2.5,2.60823906600198,10.72860640959085,8.284935387864307
2019-10-11,2.5,2.5,2.6032054137159,10.728757181260434,8.233204238496935
2019-10-14,2.5,2.5,2.59387333738519,10.725371697992205,7.997191388822259
2019-10-15,2.51,2.5,2.58716803020545,10.726568449555552,7.932627014480159
2019-10-16,2.5,2.5,2.58678997026142,10.73531625100634,8.024611244643374
2019-10-17,2.5,2.5,2.58629088664515,10.737319481742565,7.75516346932991
2019-10-18,2.51,2.5,2.58629088664515,10.757554914908699,7.448821068861006
2019-10-21,2.5,2.5,2.58590815437439,10.779089980704471,7.444542288421512
2019-10-22,2.5,2.5,2.58590815437439,10.78413933469204,7.1618989709958205
2019-10-23,2.5,2.5,2.58556401650936,10.787186506273182,7.168974345753299
2019-10-24,2.58,2.5,2.58508403230302,10.781538053683324,7.024880891160833
2019-10-25,2.51,2.5,2.58508403230302,10.77386249833114,6.777624659704364
2019-10-28,2.5,2.5,2.58471420336545,10.759701844446143,6.542696015505473
2019-10-29,2.5,2.5,2.58471420336545,10.748752660594235,6.848741338275298
2019-10-30,2.5,2.5,2.58451715811679,10.73334456217954,6.720545965406801
2019-10-31,2.5,2.5,2.58417397533816,10.73334456217954,6.989482432029898
2019-11-01,2.5,2.5,2.58383079255953,10.73334456217954,6.989482432029898
2019-11-04,2.5,2.5,2.5834876097809,10.731460640544206,6.989482432029898
2019-11-05,2.5,2.5,2.5834876097809,10.722952886885903,8.497746407300443
2019-11-06,2.5,2.5,2.58329084092955,10.717595104266058,8.510259970586691
2019-11-07,2.5,2.5,2.56087072959183,10.710392937195556,8.531469091798874
2019-11-08,2.26,2.25,2.55335181599478,10.718877586360469,8.529247915317953
2019-11-11,2.25,2.25,2.54621766748621,10.720561317346622,8.459589889134218
2019-11-12,2.25,2.25,2.53816063146958,10.717308241566766,8.379120948696237
2019-11-13,2.25,2.25,2.52996710202403,10.706574628885354,8.277784136921278
2019-11-14,2.25,2.25,2.52377642395297,10.691481010305818,8.18932036286297
2019-11-15,2.25,2.25,2.52081178027745,10.693230069759487,8.060108306803667
2019-11-18,2.25,2.25,2.52045811560213,10.703093774915956,7.849259888337194
2019-11-19,2.25,2.25,2.52045811560213,10.712551124838432,7.6909280693433635
2019-11-20,2.25,2.25,2.52026630200376,10.73095264907412,7.563751808650329
2019-11-21,2.25,2.25,2.51994408089369,10.744331726842535,7.149912400674863
2019-11-22,2.25,2.25,2.51994408089369,10.744875743660216,6.708156594618484
2019-11-25,2.25,2.25,2.5195823038089,10.745196319532402,6.579326652539393
2019-11-26,2.25,2.25,2.5195823038089,10.743252184678571,6.577192492996061
2019-11-27,2.26,2.25,2.51926141656363,10.738040272592999,6.469716469664523
2019-11-28,2.26,2.25,2.51893114230601,10.73879504866073,6.8562625400858
2019-11-29,2.25,2.25,2.51893114230601,10.735623200809206,6.632249585726817
2019-12-02,2.25,2.25,2.51855142641753,10.724877466488408,6.532336149862545
2019-12-03,2.26,2.25,2.50122969725424,10.732469577440439,8.369867051735284
2019-12-04,2.25,2.25,2.5009415790269,10.735941096046552,8.469479996560908
2019-12-05,2.25,2.25,2.50062223808741,10.731145732900611,8.447626177962755
2019-12-06,2.25,2.25,2.50062223808741,10.72453942259413,8.418274768044977
2019-12-09,2.25,2.25,2.50023870042994,10.721540374354804,8.43217662155233
2019-12-10,2.25,2.25,2.50023870042994,10.71886386839377,8.484044730121624
2019-12-11,2.25,2.25,2.49995254782956,10.714070049425764,8.399011259234962
2019-12-12,2.25,2.25,2.49988701645892,10.711120510365015,8.410888341137015
2019-12-13,2.25,2.25,2.49988701645892,10.704222133587741,8.299998845630641
2019-12-16,2.25,2.25,2.49947245766689,10.715156252003899,8.119721914607153
2019-12-17,2.24,2.25,2.49947245766689,10.73596236405864,7.7239043062963075
2019-12-18,2.25,2.25,2.49917561601468,10.742272734134405,7.4219928797687444
2019-12-19,2.25,2.25,2.49882635312571,10.753839123982393,7.581606291769924
2019-12-20,2.25,2.25,2.49882635312571,10.757814393499448,7.524704042951118
2019-12-23,2.25,2.25,2.4984050452786,10.774996313395878,7.2068410041486235
2019-12-24,2.25,2.25,2.4984050452786,10.772268539045093,7.268602470533325
2019-12-25,2.25,2.25,2.49818354584578,10.772268539045093,7.441489757608671
2019-12-26,2.25,2.25,2.49796204641296,10.751900087798255,7.441489757608671
2019-12-27,2.25,2.25,2.49796204641296,10.744266124959605,6.898650694138866
2019-12-30,2.25,2.25,2.49749883142971,10.746480850344936,6.8708773827703835
2019-12-31,2.25,2.25,2.49749883142971,10.729166239424611,6.345775608220947
2020-01-01,2.25,2.25,2.63589375696082,10.729166239424611,7.194323302236489
2020-01-02,2.25,2.25,2.77428868249193,10.72488196978143,7.194323302236489
2020-01-03,2.25,2.25,2.78859981947295,10.712578420263918,8.392731041817102
2020-01-06,2.25,2.25,2.78859981947295,10.699405928108336,8.418388638284654
2020-01-07,2.25,2.25,2.69827615868795,10.703367241069564,8.379915154314295
2020-01-08,2.25,2.25,2.47312881670725,10.704120075635943,8.308004553686802
2020-01-09,2.25,2.25,2.46628978739304,10.708032224868754,8.387781392524564
2020-01-10,2.25,2.25,2.46366962658843,10.708581938435728,8.316521795390951
2020-01-13,2.25,2.25,2.45875130601815,10.700684582295624,8.1551569572101
2020-01-14,2.25,2.25,2.45122651081925,10.693565139409483,8.155923926256447
2020-01-15,2.25,2.25,2.45087391990225,10.69636319372901,8.06730482300741
2020-01-16,2.25,2.25,2.45088844190782,10.70289328791867,7.561920004785815
2020-01-17,2.24,2.25,2.45088844190782,10.711192690714073,7.6596481618307095
2020-01-20,2.24,2.25,2.45088844190782,10.726843466773289,7.513784607013225
2020-01-21,2.25,2.25,2.44990211762859,10.749680290165704,7.569992869805151
2020-01-22,2.25,2.25,2.44958536462348,10.766755216059465,7.167077440481424
2020-01-23,2.25,2.25,2.44942781721844,10.780267781152817,7.1662182676906845
2020-01-24,2.25,2.25,2.44942781721844,10.777862792942603,7.063393741263438
2020-01-27,2.25,2.25,2.44887588380549,10.761326053366224,7.160998082980859
2020-01-28,2.25,2.25,2.44852993415318,10.756157739562667,6.917948178007326
2020-01-29,2.26,2.25,2.44821623586093,10.754390323417875,6.966002675789841
2020-01-30,2.25,2.25,2.4480501551498,10.747137436180422,6.869449889206172
2020-01-31,2.25,2.25,2.4480501551498,10.740831818001098,6.655819320660016
2020-02-03,2.25,2.25,2.44766421540082,10.741602014513154,7.665369459597082
2020-02-04,2.25,2.25,2.4276947225515,10.734236574859807,8.197393434822978
2020-02-05,2.25,2.25,2.42710686484672,10.732540479335896,8.393584729923544
2020-02-06,2.25,2.25,2.42364249853522,10.738634874586214,8.370168812695425
2020-02-07,2.25,2.25,2.42364249853522,10.737763035503024,8.358960507799857
2020-02-10,2.25,2.25,2.41911677425839,10.742210100537868,8.40713236496458
2020-02-11,2.25,2.25,2.41855316881189,10.685760048316823,8.280710834299757
2020-02-12,2.25,2.25,2.41126349781115,10.679593970611082,8.569190247976586
2020-02-13,2.25,2.25,2.40158718163713,10.671542505748091,8.134758800534536
2020-02-14,2.25,2.25,2.39546127007409,10.668938387000605,8.088921014185594
2020-02-17,2.19,2.25,2.38648610759113,10.672400031181386,7.891453265318327
2020-02-18,2.24,2.25,2.38016071579821,10.679743070707856,7.708681151257017
2020-02-19,2.2,2.25,2.37486345654438,10.687205277335694,7.776002230397025
2020-02-20,2.24,2.25,2.37248479296275,10.693157184054526,7.0429690535569245
2020-02-21,2.25,2.25,2.37248479296275,10.712161489692377,6.931283275348274
2020-02-24,2.25,2.25,2.3722489716928,10.723125250050911,6.700623080293426
2020-02-25,2.25,2.25,2.37205247165715,10.725504737872024,6.773422785962362
2020-02-26,2.25,2.25,2.37196312259043,10.716577757662137,6.40660084513291
2020-02-27,2.25,2.25,2.37195152206169,10.712687807666521,6.773862996924856
2020-02-28,2.25,2.25,2.37195152206169,10.71563669114951,7.197116638514271
2020-03-02,2.25,2.25,2.37171713120729,10.717161047897068,6.583431585020747
2020-03-03,2.25,2.25,2.3539741509709,10.714330575472122,8.511897173505586
2020-03-04,2.25,2.25,2.35370007992172,10.70935675902583,8.538552576860896
2020-03-05,2.25,2.25,2.35386928703486,10.705095998101344,8.48746832239573
2020-03-06,2.25,2.25,2.35386928703486,10.70230607736968,8.44409941892382
2020-03-09,2.25,2.25,2.35328867434201,10.711833274957522,8.302691841075271
2020-03-10,2.25,2.25,2.35275125546315,10.71273255666232,8.332699385279305
2020-03-11,2.25,2.25,2.35250248317204,10.706074432669409,8.28649683589656
2020-03-12,2.25,2.25,2.3523346803737,10.695689801374186,8.119159399517107
2020-03-13,2.25,2.25,2.3523346803737,10.691047773088068,7.984346506186232
2020-03-16,2.25,2.25,2.35196946863015,10.697196189719776,8.018815265494803
2020-03-17,2.25,2.25,2.35193670441418,10.703518509206596,7.94825522620247
2020-03-18,2.25,2.25,2.35186466922076,10.711710516726013,7.988023234301986
2020-03-19,2.25,2.25,2.35186447996996,10.720210815105936,8.435824224403962
2020-03-20,1.25,1.25,2.35186447996996,10.719501129272487,8.564352109718712
2020-03-23,1.25,1.25,2.35148168854526,10.731371146987001,7.798191152491388
2020-03-24,1.25,1.25,2.3512954619844,10.733937874792284,7.3639578544399535
2020-03-25,1.25,1.25,2.3512954619844,10.725823347073547,7.043775158609177
2020-03-26,1.25,1.25,2.3512954619844,10.723424799624857,7.007600841788931
2020-03-27,1.25,1.25,2.3512954619844,10.72097736382587,6.536148468036191
2020-03-30,1.25,1.25,2.35074222943516,10.7192727007347,6.720557222193946
2020-03-31,1.25,1.25,2.35026556153751,10.711248411426599,6.9597177892982485
2020-04-01,1.25,1.25,2.35026556153751,10.711696847698276,6.575231342943651
2020-04-02,1.25,1.25,2.34086674090456,10.712174807581116,8.383337010636609
2020-04-03,1.25,1.25,2.34086674090456,10.703016994459658,8.56094753254161
2020-04-06,1.25,1.25,2.34086674090456,10.690281407550003,8.620166013154725
2020-04-07,1.17,1.25,2.34224610299916,10.68337267672521,8.530663366264854
2020-04-08,1.04,1.25,2.34224610299916,10.691520395848285,8.075130765202825
2020-04-09,0.76,1.25,2.34224610299916,10.691520395848285,7.4579298854399045
2020-04-10,0.48,1.25,2.34224610299916,10.691520395848285,7.4579298854399045
2020-04-13,0.2,0.25,2.34224610299916,10.699414296049644,7.4579298854399045
2020-04-14,0.25,0.25,2.34224610299916,10.699769097368415,7.475485823736145
2020-04-15,0.25,0.25,2.34224610299916,10.70002291475373,7.158402145377626
2020-04-16,0.24,0.25,2.34224610299916,10.686175548679072,7.0480459393612955
2020-04-17,0.21,0.25,2.34224610299916,10.681552767799994,6.674034233673814
2020-04-20,0.21,0.25,2.34224610299916,10.68515718480763,6.287769551051892
2020-04-21,0.23,0.25,2.34224610299916,10.700221483048415,6.708862134646149
2020-04-22,0.23,0.25,2.34224610299916,10.703160961310653,6.94636807154298
2020-04-23,0.25,0.25,2.34224610299916,10.70746254225152,6.951780456412379
2020-04-24,0.25,0.25,2.34224610299916,10.709223687312118,6.691440717100421
2020-04-27,0.25,0.25,2.34224610299916,10.70473375720591,6.17506983219507
2020-04-28,0.25,0.25,2.34224610299916,10.697502835303554,7.226454281764572
2020-04-29,0.25,0.25,2.34224610299916,10.684630955887188,6.938026165068684
2020-04-30,0.25,0.25,2.34224610299916,10.660415072468584,6.353630946830334
2020-05-01,0.305,0.25,2.34224610299916,10.660415072468584,7.666082231887269
2020-05-04,0.36,0.25,2.34224610299916,10.658389940177475,7.666082231887269
2020-05-05,0.25,0.25,2.31668414448436,10.652872224157964,8.930631264549646
2020-05-06,0.24,0.25,2.31668414448436,10.641975063741167,8.744966011114109
2020-05-07,0.2,0.25,2.31791466228304,10.628320292856824,8.598229102009345
2020-05-08,0.26,0.25,2.31372218804227,10.684564076041607,8.751098039913789
2020-05-11,0.26,0.25,2.30534774948675,10.685435159643207,7.666105716817062
2020-05-12,0.25,0.25,2.2999407592042,10.683394461171897,8.000849948303221
2020-05-13,0.2,0.25,2.28336466457053,10.673493274391541,7.630984346548021
2020-05-14,0.21,0.25,2.25915692063451,10.66859292026025,7.637180519807225
2020-05-15,0.24,0.25,2.2278141443867,10.65985481533555,7.917551986276819
2020-05-18,0.2,0.25,2.20856249699569,10.649460537315518,7.644282331199576
2020-05-19,0.2,0.25,2.17848911788159,10.647917212430041,7.737124130807146
2020-05-20,0.21,0.25,2.14225471262797,10.651150327538836,7.385863935965671
2020-05-21,0.21,0.25,2.11442673184508,10.658433990262441,7.467475039889326
2020-05-22,0.25,0.25,2.08733005232406,10.650619883474231,6.984253290714472
2020-05-25,0.25,0.25,2.06527779055027,10.650517678978947,7.136626201460949
2020-05-26,0.25,0.25,2.04602256756444,10.642256278356358,7.113651531583941
2020-05-27,0.25,0.25,2.03105423770864,10.628344838047003,6.978999726581426
2020-05-28,0.25,0.25,2.01649701951489,10.620476559588862,6.347632920271402
2020-05-29,0.25,0.25,2.00363894311487,10.620680047297453,6.540416471626413
2020-06-01,0.25,0.25,1.99062441810687,10.609482528498646,6.43759544700939
2020-06-02,0.25,0.25,1.97752722371937,10.599400669799703,9.140051277198618
2020-06-03,0.25,0.25,1.96054301078197,10.607933936762866,8.97636110533227
2020-06-04,0.25,0.25,1.90010384976571,10.603406251725724,8.758535214009028
2020-06-05,0.24,0.25,1.87970508504007,10.594801561656574,8.442769142023984
2020-06-08,0.25,0.25,1.87609953035264,10.595055855277968,8.182735146803296
2020-06-09,0.25,0.25,1.85975111465716,10.59569218889231,8.250240760468463
2020-06-10,0.22,0.25,1.84545684375712,10.592691354762993,7.130836609656683
2020-06-11,0.19,0.25,1.82444310056861,10.592537010484989,7.544709872903201
2020-06-12,0.15,0.25,1.81729169649275,10.581859910613609,7.456421208340602
2020-06-15,0.19,0.25,1.83255502270983,10.578405260528136,8.301506132520009
2020-06-16,0.19,0.25,1.80825961491538,10.598806231127465,8.393118715061243
2020-06-17,0.19,0.25,1.78823120872088,10.59948364759663,8.074153650449446
2020-06-18,0.17,0.25,1.78105790723581,10.600265831521424,8.192680149013928
2020-06-19,0.14,0.25,1.79685346088627,10.602105976127802,8.048247340557634
2020-06-22,0.25,0.25,1.790966375678,10.601253124605504,7.973198872731508
2020-06-23,0.19,0.25,1.7741679376827,10.594751056362487,8.261290093382627
2020-06-24,0.19,0.25,1.76260078763093,10.590094223659015,8.407576793538821
2020-06-25,0.16,0.25,1.75050885729363,10.58269004830278,8.170119589633563
2020-06-26,0.19,0.25,1.77431578620878,10.706555807568561,8.20917301862049
2020-06-29,0.195,0.25,1.76221370049066,10.706555807568561,8.228648606819775
2020-06-30,0.2,0.25,1.75011161477254,10.725388934854742,8.228648606819775
2020-07-01,0.25,0.25,1.74820844513374,10.721442443066039,8.31843130329655
2020-07-02,0.25,0.25,1.68412978186026,10.711221511563851,8.740392443278342
2020-07-03,0.24,0.25,1.66524896058422,10.70238335782433,8.805002267476718
2020-07-06,0.24,0.25,1.64778986419198,10.692161995995704,8.552239665377257
2020-07-07,0.24,0.25,1.67666193644468,10.695616442155506,8.621587264964097
2020-07-08,0.24,0.25,1.65865099330109,10.722851612467231,8.260520213373235
2020-07-09,0.24,0.25,1.64299485474511,10.71235420176523,8.437643243057053
2020-07-10,0.2,0.25,1.6210996189389,10.704002062677903,8.285619501666021
2020-07-13,0.23,0.25,1.60685662387667,10.703953450651104,8.054465214977297
2020-07-14,0.22,0.25,1.63664325346143,10.718146679289665,8.022529963024061
2020-07-15,0.23,0.25,1.61779360500216,10.72216209489574,7.460911039301142
2020-07-16,0.22,0.25,1.60281299928128,10.72259344613805,7.875402441550904
2020-07-17,0.23,0.25,1.58950758157866,10.71831140528087,7.658568382119072
2020-07-20,0.24,0.25,1.5771417547493,10.721949465506876,7.988067810478813
2020-07-21,0.24,0.25,1.61741045035156,10.726903180746385,7.190881585465864
2020-07-22,0.24,0.25,1.60216491405914,10.724830302126716,7.3197324707055245
2020-07-23,0.25,0.25,1.60106349209211,10.73100550317285,7.765311621214362
2020-07-24,0.25,0.25,1.61385071014542,10.718006895618398,7.801360241580234
2020-07-27,0.25,0.25,1.60093817488292,10.840223587835911,7.820720487427715
2020-07-28,0.25,0.25,1.592578150285115,10.840223587835911,7.711907017584994
2020-07-29,0.25,0.25,1.58421812568731,10.831123155617316,7.711907017584994
2020-07-30,0.25,0.25,1.59176531952108,10.830696322151988,7.903141808813834
2020-07-31,0.25,0.25,1.57924374588768,10.828332527201706,8.053410173983558
2020-08-03,0.25,0.25,1.58541759475721,10.824401991532861,8.068590910830379
2020-08-04,0.25,0.25,1.50661692388328,10.804179113027885,8.765005940412546
2020-08-05,0.25,0.25,1.48542492319258,10.858442372395553,8.796511283367717
2020-08-06,0.25,0.25,1.41206690471938,10.860116652387736,8.762317388578145
2020-08-07,0.24,0.25,1.37812465568404,10.882470283068317,8.802507462838356
2020-08-10,0.25,0.25,1.39704336880697,10.865272365756102,8.725003791532874
2020-08-11,0.25,0.25,1.35826979537708,10.782846577979235,8.423673407895533
2020-08-12,0.16,0.25,1.32043656421377,10.78529785169102,7.649454500124248
2020-08-13,0.23,0.25,1.32166418769333,10.779021826403714,7.949761942171126
2020-08-14,0.23,0.25,1.28063615933056,10.780418720441162,7.931001172270468
2020-08-17,0.25,0.25,1.25999108378525,10.77966072236691,7.674152921281675
2020-08-18,0.25,0.25,1.2236801809137,10.780785576430967,7.375157827410746
2020-08-19,0.25,0.25,1.19219143090609,10.821079749509455,7.555695866704003
2020-08-20,0.25,0.25,1.20947717441291,10.884258707725396,7.60489448081162
2020-08-21,0.25,0.25,1.19250818168012,11.010191486591248,7.365116832878804
2020-08-24,0.25,0.25,1.18245283019711,11.01401199841027,7.3557688903362575
2020-08-25,0.25,0.25,1.17261088940354,11.030044241006918,7.266547978891871
2020-08-26,0.25,0.25,1.16297563662655,11.0436229037603,7.357173474618764
2020-08-27,0.25,0.25,1.1852286962133,11.093794886027139,7.4824567043356005
2020-08-28,0.25,0.25,1.17533104051689,11.101980509777468,6.6637710617960755
2020-08-31,0.25,0.25,1.16744074547825,11.096072499823341,6.895075225824763
2020-09-01,0.25,0.25,1.1614789054872,11.101387427263207,6.677083461247136
2020-09-02,0.25,0.25,1.08531323245067,11.104398827992343,8.501978025609757
2020-09-03,0.25,0.25,1.09694370474773,11.099821441210954,8.414229800358132
2020-09-04,0.25,0.25,1.07649514179367,11.081537813430609,8.352436465801755
2020-09-07,0.25,0.25,1.05702070133513,11.078084983615023,8.314391337759941
2020-09-08,0.09,0.25,1.0867475271231,11.079119668890181,8.14566563433577
2020-09-09,0.22,0.25,1.05136260565067,11.071630739330896,8.22764270790443
2020-09-10,0.21,0.25,1.03477179451253,11.072857815869547,8.04202424485828
2020-09-11,0.25,0.25,1.01885504695381,11.066780945215763,7.616677378657444
2020-09-14,0.25,0.25,1.02925875183157,11.072066757843416,7.675685203985768
2020-09-15,0.25,0.25,1.04147255169257,11.07484598421845,7.622908539804697
2020-09-16,0.25,0.25,1.03001491867854,11.075323193655528,7.451473946050153
2020-09-17,0.25,0.25,1.04679815784102,11.07455216263803,7.327517691791126
2020-09-18,0.25,0.25,1.03268084128252,11.081317983392767,7.36722493743048
2020-09-21,0.25,0.25,1.06473720195184,11.089061324857493,7.195412351121413
2020-09-22,0.25,0.25,1.05420256531217,11.090423866104379,7.169888747587542
2020-09-23,0.25,0.25,1.04378657369893,11.091612486526481,7.00315636374539
2020-09-24,0.25,0.25,1.05880916423921,11.087365484377456,7.2028845520689675
2020-09-25,0.25,0.25,1.04775353622551,11.079750044723749,7.584061442346056
2020-09-28,0.25,0.25,1.05033691035798,11.078045636228321,7.118745274123777
2020-09-29,0.25,0.25,1.04008217463813,11.072724688035512,6.915230685775383
2020-09-30,0.25,0.25,1.03612819800066,11.071483904254281,6.970917853939778
2020-10-01,0.25,0.25,1.03612819800066,11.066996651258044,7.082464602773951
2020-10-02,0.25,0.25,0.980512896747327,11.06096971001029,8.604471199523298
2020-10-05,0.25,0.25,0.969428077498408,11.024891973022568,8.326274787396764
2020-10-06,0.25,0.25,0.981187383115886,11.016522189677524,8.361217513960073
2020-10-07,0.25,0.25,0.970594489649471,11.01235855400165,8.266460196889104
2020-10-08,0.25,0.25,0.961222439240919,11.006162525570872,8.128939120038428
2020-10-09,0.25,0.25,0.979398534033233,10.998893169759018,8.042629163983962
2020-10-12,0.25,0.25,0.964016032427968,10.999506564297967,7.827878656876468
2020-10-13,0.25,0.25,0.983892338007526,10.993288162997684,7.971741615729017
2020-10-14,0.25,0.25,0.964279545683708,10.989051387890814,7.649930690609437
2020-10-15,0.25,0.25,0.983387269648913,10.985057469556267,7.926746993088212
2020-10-16,0.25,0.25,0.967327188336772,10.984088340726503,8.018427882142614
2020-10-19,0.25,0.25,0.955483396661707,10.991199897439325,7.666596562737445
2020-10-20,0.25,0.25,0.948478632717563,10.994760213840863,7.155250477525612
2020-10-21,0.25,0.25,0.939924361808932,11.03494067887482,7.362137527324916
2020-10-22,0.25,0.25,0.939446731782176,11.031651321086288,7.073100211568975
2020-10-23,0.25,0.25,0.949356098578014,11.025410902069412,7.252691594015479
2020-10-26,0.25,0.25,0.945922794498353,11.030649157832222,7.107753020789034
2020-10-27,0.25,0.25,0.942526593021604,11.025131855858731,6.768033335807
2020-10-28,0.25,0.25,0.942629332835594,11.009663248581484,7.037203346169024
2020-10-29,0.25,0.25,0.936381833877144,10.997012006631692,7.102499355774649
2020-10-30,0.25,0.25,0.932315165626602,11.002971348201502,7.368024179130975
2020-11-02,0.25,0.25,0.931855603834734,10.997080933109006,7.162242446576277
2020-11-03,0.25,0.25,0.869412409883772,10.988612532592812,8.58179422538109
2020-11-04,0.25,0.25,0.862391886333831,10.983219213670468,8.74612821392758
2020-11-05,0.25,0.25,0.80521225150859,10.977939022923517,8.64401965616561
2020-11-06,0.25,0.25,0.809767082987923,10.977325165258062,8.655940788875752
2020-11-09,0.25,0.25,0.802672646937683,10.975750593821136,8.481379467877073
2020-11-10,0.25,0.25,0.799169881131922,10.96986225781876,8.089879179181395
2020-11-11,0.25,0.25,0.79215540758779,10.961654885320113,8.426327121908864
2020-11-12,0.25,0.25,0.79895803047846,10.957078544310555,7.684875893318261
2020-11-13,0.25,0.25,0.792149941907073,10.954608236569355,7.761617262581978
2020-11-16,0.25,0.25,0.794114345524823,10.950161372531598,7.6529254876092345
2020-11-17,0.25,0.25,0.789330274500164,10.952121173748894,7.57486644499124
2020-11-18,0.25,0.25,0.785452104852005,10.952330109460034,7.459626872184129
2020-11-19,0.25,0.25,0.78293622866748,10.958827442786577,7.585484206813701
2020-11-20,0.25,0.25,0.778204314909217,10.973417025458614,7.562681246721884
2020-11-23,0.25,0.25,0.774546248080865,10.975873258658124,7.492425983205998
2020-11-24,0.25,0.25,0.782723947922686,10.976186934521957,7.324555896754047
2020-11-25,0.25,0.25,0.778879810070053,10.96879742685511,7.233238788660668
2020-11-26,0.25,0.25,0.776430767291953,10.957910230253196,7.337587743538596
2020-11-27,0.25,0.25,0.771604115721814,10.948076208786453,6.699746615252198
2020-11-30,0.25,0.25,0.769298383294179,10.945572373961733,6.625127080833035
2020-12-01,0.25,0.25,0.743831812512424,11.09237225398092,7.010943436778306
2020-12-02,0.25,0.25,0.749721213975058,11.092295230087192,8.658293368390689
2020-12-03,0.25,0.25,0.745456181356567,11.084742692041354,8.64781786361914
2020-12-04,0.25,0.25,0.750007558221856,11.075662889758512,8.683639399051902
2020-12-07,0.25,0.25,0.747402797605769,11.07028101848049,8.19115829575239
2020-12-08,0.25,0.25,0.7496094697151365,11.07028101848049,7.969980170197857
2020-12-09,0.25,0.25,0.751816141824504,11.066491454673907,7.969980170197857
2020-12-10,0.25,0.25,0.76473975185613,11.051397515392638,8.131383640966515
2020-12-11,0.25,0.25,0.756981404489327,11.037013044378533,8.270678653778788
2020-12-14,0.25,0.25,0.750985062721113,11.024333734803594,8.06592495350626
2020-12-15,0.25,0.25,0.768160785473219,11.012532979622387,7.887734170539025
2020-12-16,0.25,0.25,0.770491554404143,11.00051576708288,7.864880805294628
2020-12-17,0.25,0.25,0.765630350532496,11.004191099389072,7.601452308347517
2020-12-18,0.25,0.25,0.785452104852005,10.999636383900894,7.671500708387619
2020-12-21,0.25,0.25,0.78293622866748,11.004392847627798,7.837870017449362
2020-12-22,0.25,0.25,0.778204314909217,10.991986246385789,7.511360610880588
2020-12-23,0.25,0.25,0.758599339424994,11.018033912692744,7.291656209174461
2020-12-24,0.25,0.25,0.754961810813999,11.016871921386194,7.382186591555024
2020-12-25,0.25,0.25,0.757466544070254,11.016871921386194,7.094068857045629
2020-12-28,0.25,0.25,0.759971277326509,11.007424158194244,7.094068857045629
2020-12-29,0.25,0.25,0.750116548488803,10.999573597243812,7.169426996001687
2020-12-30,0.25,0.25,0.741833984870444,10.986875640286037,6.932252750582524
2020-12-31,0.25,0.25,0.741833984870444,10.976430012935428,7.560392916203872
2021-01-01,0.25,0.25,0.7441709289757785,10.976430012935428,7.7188188196437
2021-01-04,0.25,0.25,0.746507873081113,10.958876129861364,7.7188188196437
2021-01-05,0.25,0.25,0.67209154890099,10.957096921689043,8.603224087891906
2021-01-06,0.25,0.25,0.664748004949855,10.939421411447562,8.38471267499927
2021-01-07,0.25,0.25,0.663385020072456,10.932555185610825,8.566706903285699
2021-01-08,0.25,0.25,0.663385020072456,10.930483220409009,8.225583415626476
2021-01-11,0.25,0.25,0.663385020072456,10.913091289770573,7.5998519079059035
2021-01-12,0.25,0.25,0.668477411603743,10.895262583979754,7.855195779848508
2021-01-13,0.25,0.25,0.668477411603743,10.8777838759627,7.659265702838997
2021-01-14,0.25,0.25,0.660549829249869,10.861570419674031,7.700974013266298
2021-01-15,0.25,0.25,0.654633069061214,10.848965601815024,7.722810309775416
2021-01-18,0.25,0.25,0.648397036651854,10.85064261415671,7.705335325190153
2021-01-19,0.25,0.25,0.65186479949292,10.845540652906253,7.823725959645366
2021-01-20,0.25,0.25,0.659682489162788,10.847528374569515,7.4322470935119425
2021-01-21,0.25,0.25,0.654252998257696,10.879996434335599,7.675546002537848
2021-01-22,0.25,0.25,0.648976602415932,10.885240046635301,7.404461694187244
2021-01-25,0.25,0.25,0.644263990525392,10.90099227218708,7.15711223711225
2021-01-26,0.25,0.25,0.648315469655083,10.909689103748644,7.19788435507697
2021-01-27,0.25,0.25,0.646363938353033,10.904899576548372,7.311552329989604
2021-01-28,0.25,0.25,0.646827214761233,10.886201190069292,7.302833294203815
2021-01-29,0.25,0.25,0.646827214761233,10.877065536896477,7.119069134542768
2021-02-01,0.25,0.25,0.64309601134324,10.871266185465288,7.140373800658865
2021-02-02,0.25,0.25,0.575043740763676,10.856865922425708,8.484649338340208
2021-02-03,0.25,0.25,0.572185489910578,10.848552448242636,8.273591798199632
2021-02-04,0.25,0.25,0.511920508374787,10.84039899522252,8.172841997166337
2021-02-05,0.25,0.25,0.517823710688808,10.842188701365146,8.32743605911966
2021-02-08,0.25,0.25,0.514349298875885,10.855427438144103,8.012813415133635
2021-02-09,0.25,0.25,0.487652995994042,10.854568307691677,7.810879714324534
2021-02-10,0.25,0.25,0.488915526071867,10.85213956256622,7.851832601397751
2021-02-11,0.25,0.25,0.486213125847982,10.848236770187961,7.946723714722732
2021-02-12,0.25,0.25,0.486066506085617,10.865609810571708,7.838895213706498
2021-02-15,0.25,0.25,0.481470651081268,10.870077385419027,8.041606003076266
2021-02-16,0.25,0.25,0.489541535644733,10.867354827151058,7.210744595501065
2021-02-17,0.25,0.25,0.488577151731825,10.866471394905723,7.391353580493644
2021-02-18,0.25,0.25,0.485356832977649,10.88044817845048,7.398051611495635
2021-02-19,0.25,0.25,0.482994115757566,10.88804091987844,7.618545894714678
2021-02-22,0.25,0.25,0.481600921575467,10.901802579745992,7.156722510305805
2021-02-23,0.25,0.25,0.489493432357621,10.891829187588105,7.169119043116044
2021-02-24,0.25,0.25,0.485927458411183,10.88425619541491,7.307738723521063
2021-02-25,0.25,0.25,0.486612084582335,10.881251742704867,7.094234845924755
2021-02-26,0.25,0.25,0.486612084582335,10.882065346665367,7.413427647507327
2021-03-01,0.25,0.25,0.483353353393769,10.882443432146355,6.928359216986258
2021-03-02,0.25,0.25,0.470497451091691,10.891129033261617,8.325378719138753
2021-03-03,0.25,0.25,0.467935650014023,10.885215821819722,8.454508950038848
2021-03-04,0.25,0.25,0.465917636653799,10.87678049858989,8.093156697722637
2021-03-05,0.25,0.25,0.463932725775242,10.865512370037917,8.08379146461505
2021-03-08,0.25,0.25,0.463932725775242,10.862422697374223,8.000785349354013
2021-03-09,0.25,0.25,0.463932725775242,10.854279252990164,8.142441558464018
2021-03-10,0.25,0.25,0.46475825643183,10.843793695058489,8.13408626591874
2021-03-11,0.25,0.25,0.46198324002445,10.836963431697228,7.947855296582579
2021-03-12,0.25,0.25,0.459777536614458,10.84137767828967,7.784847697452134
2021-03-15,0.25,0.25,0.457336274795204,10.843394700181129,7.775821686569275
2021-03-16,0.25,0.25,0.461506219712282,10.870272784715892,7.582127304215748
2021-03-17,0.25,0.25,0.461506219712282,10.905954346323394,7.299668304375916
2021-03-18,0.25,0.25,0.461506219712282,10.93790984035788,7.209044354840135
2021-03-19,0.25,0.25,0.456438286966033,10.963677850538955,7.176407425527112
2021-03-22,0.25,0.25,0.457912661654593,10.996835947610396,6.911946483600605
2021-03-23,0.25,0.25,0.456304586791366,11.011046818056352,7.17938418611167
2021-03-24,0.25,0.25,0.454731412425118,11.029416508280512,7.059617628291383
2021-03-25,0.25,0.25,0.459114321739692,11.040765110665369,7.320877547746274
2021-03-26,0.25,0.25,0.459114321739692,11.050050826106302,6.981236601162485
2021-03-29,0.25,0.25,0.459114321739692,11.073701466516134,6.99747855798002
2021-03-30,0.25,0.25,0.456780366711452,11.090554043716649,7.101840702696333
2021-03-31,0.25,0.25,0.462189454560809,11.08790948766594,6.740519359606223
2021-04-01,0.25,0.25,0.4626825531167063,11.08790948766594,8.337683677122088
2021-04-02,0.25,0.25,0.4631756516726036,11.08790948766594,8.337683677122088
2021-04-05,0.25,0.25,0.463668750228501,11.092204620034297,8.337683677122088
2021-04-06,0.25,0.25,0.460514402469324,11.096923322765337,8.795476231022175
2021-04-07,0.25,0.25,0.46019174239575,11.094936287660394,8.890644619868807
2021-04-08,0.25,0.25,0.459235325786579,11.10048975111114,8.348301054933943
2021-04-09,0.25,0.25,0.458216646965895,11.104627604614347,8.450262477933448
2021-04-12,0.25,0.25,0.464679285182918,11.108092401177817,8.23615240743412
2021-04-13,0.25,0.25,0.466873945852257,11.110674185533808,7.923782742643828
2021-04-14,0.25,0.25,0.465406407816669,11.10928319908639,7.923782742643828
2021-04-15,0.25,0.25,0.467955089354738,11.106333151101687,8.249026123201743
2021-04-16,0.25,0.25,0.468962895689373,11.109206600597345,7.655485337312374
2021-04-19,0.25,0.25,0.468962895689373,11.11287106253055,7.551974893133145
2021-04-20,0.25,0.25,0.468962895689373,11.11781181380474,7.824245990858959
2021-04-21,0.25,0.25,0.468962895689373,11.130425620649234,7.575330924802651
2021-04-22,0.25,0.25,0.468962895689373,11.144518261368113,7.488500544650679
2021-04-23,0.25,0.25,0.470008965910683,11.148960175916844,7.461065514354283
2021-04-26,0.25,0.25,0.471596413915606,11.152924184399039,7.221616663217221
2021-04-27,0.25,0.25,0.473336085166017,11.159005749630822,6.842256296749442
2021-04-28,0.25,0.25,0.473336085166017,11.148106505932383,6.959778307049289
2021-04-29,0.25,0.25,0.473336085166017,11.143117218207543,6.70857236511277
2021-04-30,0.25,0.25,0.473336085166017,11.136961759351516,7.276141378848881
2021-05-03,0.25,0.25,0.473336085166017,11.135164489295475,7.720461694599722
2021-05-04,0.25,0.25,0.456017260343247,11.126515401847033,8.890658386862441
2021-05-05,0.25,0.25,0.456017260343247,11.124129094839358,8.52801443004782
2021-05-06,0.25,0.25,0.458089347447529,11.105835282049469,8.410431694842783
2021-05-07,0.25,0.25,0.458089347447529,11.09289974388904,8.497989984431802
2021-05-10,0.25,0.25,0.458650715981853,11.097227399603835,8.25798195094015
2021-05-11,0.25,0.25,0.458650715981853,11.087381387896597,7.819475582341531
2021-05-12,0.25,0.25,0.460240920356381,11.076581588293346,7.768998309072055
2021-05-13,0.25,0.25,0.469913267488342,11.074558359141085,7.669074994645132
2021-05-14,0.25,0.25,0.469913267488342,11.065664730838947,7.64084406663503
2021-05-17,0.25,0.25,0.469913267488342,11.086426716930742,7.442551303386707
2021-05-18,0.25,0.25,0.469913267488342,11.087215399252779,7.620312853061906
2021-05-19,0.25,0.25,0.469913267488342,11.09361252070398,7.5613817013797995
2021-05-20,0.25,0.25,0.444509150134338,11.099695201215916,7.865111175808221
2021-05-21,0.25,0.25,0.443830208167583,11.117356999133877,7.464886477348186
2021-05-24,0.25,0.25,0.449568868220796,11.119527840763208,7.625960304748852
2021-05-25,0.25,0.25,0.448585854833998,11.12326653971265,6.874503191944839
2021-05-26,0.25,0.25,0.447569659803211,11.12213935079329,6.648855007955808
2021-05-27,0.25,0.25,0.446821776941455,11.114558693720083,6.7576298204044996
2021-05-28,0.25,0.25,0.445860551566433,11.10872547278963,7.047691119279654
2021-05-31,0.25,0.25,0.44539154013894,11.101624673319758,6.910050165484613
2021-06-01,0.25,0.25,0.444141584734721,11.10446743065693,6.829877334623495
2021-06-02,0.25,0.25,0.442723787153482,11.097879915914293,8.990784906721474
2021-06-03,0.25,0.25,0.43581938311555,11.088110097936335,8.341624780714914
2021-06-04,0.25,0.25,0.433120002297239,11.077753831996793,8.680640776529977
2021-06-07,0.25,0.25,0.434466996395401,11.078143917551841,8.629206644623853
2021-06-08,0.25,0.25,0.431259491264568,11.075164349494933,8.337485651063993
2021-06-09,0.25,0.25,0.430788621966864,11.060774620202428,8.114773441494034
2021-06-10,0.25,0.25,0.430462547243845,11.0543417585105,8.068026948036975
2021-06-11,0.25,0.25,0.428718213575186,11.053514260065015,7.683915077179216
2021-06-14,0.25,0.25,0.429632563309518,11.055868860836403,7.357448985137437
2021-06-15,0.25,0.25,0.429201479328505,11.05439254175989,7.024215040030069
2021-06-16,0.25,0.25,0.429111479613559,11.052725099420371,7.245869024732605
2021-06-17,0.25,0.25,0.429014753441726,11.04981188282725,7.380730473295644
2021-06-18,0.25,0.25,0.428680202327957,11.066149973152816,7.309280233135365
2021-06-21,0.25,0.25,0.433150060428503,11.102040827323822,7.243393725675689
2021-06-22,0.25,0.25,0.432685736077374,11.108346101382493,6.614910999490782
2021-06-23,0.25,0.25,0.433867005471972,11.10421808473548,6.617120658754499
2021-06-24,0.25,0.25,0.433191936693534,11.097944962257431,6.434836227572225
2021-06-25,0.25,0.25,0.433191936693534,11.090334484523508,6.262741473524325
2021-06-28,0.25,0.25,0.4342365363587473,11.090334484523508,6.507399189394441
2021-06-29,0.25,0.25,0.4352811360239607,11.090334484523508,6.507399189394441
2021-06-30,0.25,0.25,0.436325735689174,11.085058435718722,6.507399189394441
2021-07-01,0.25,0.25,0.43468039479526,11.089291124277576,6.974222909222897
2021-07-02,0.25,0.25,0.434633512112825,11.08395866729761,8.78367827628858
2021-07-05,0.25,0.25,0.432155295763058,11.075785071616343,8.66460543534132
2021-07-06,0.25,0.25,0.417243734666679,11.079695393809887,8.177056349317866
2021-07-07,0.25,0.25,0.416587753791133,11.079573631020624,8.689455588304291
2021-07-08,0.25,0.25,0.431203680193409,11.078103400516031,8.2521923917977
2021-07-09,0.25,0.25,0.427656951859624,11.072057868338153,7.906662656675087
2021-07-12,0.25,0.25,0.425067400633316,11.060408348559248,7.539002329257658
2021-07-13,0.25,0.25,0.422893657326225,11.058619506258228,7.84081529129823
2021-07-14,0.25,0.25,0.423958185142857,11.053045884907482,7.283732506518956
2021-07-15,0.25,0.25,0.422810140008353,11.057020543304795,7.881705818014045
2021-07-16,0.25,0.25,0.422358554449035,11.057532010931125,7.384424137361301
2021-07-19,0.25,0.25,0.422109488512241,11.062292242651218,7.329470250756369
2021-07-20,0.25,0.25,0.421787787919405,11.073621448977788,7.462103821521264
2021-07-21,0.25,0.25,0.42052897729482,11.083674429003283,6.9899655451225895
2021-07-22,0.25,0.25,0.42052897729482,11.086960521990708,6.861185421088949
2021-07-23,0.25,0.25,0.42052897729482,11.084815732057155,6.870877029800634
2021-07-26,0.25,0.25,0.419720855505128,11.130354160067006,7.016858958401223
2021-07-27,0.25,0.25,0.42539791255068,11.12457640489073,6.338789068943903
2021-07-28,0.25,0.25,0.42539791255068,11.12457640489073,6.440753046076736
2021-07-29,0.25,0.25,0.42539791255068,11.12457640489073,6.440753046076736
2021-07-30,0.25,0.25,0.42539791255068,11.127126745811163,6.440753046076736
2021-08-02,0.25,0.25,0.421989610689682,11.152434963101205,7.661668967682765
2021-08-03,0.25,0.25,0.392162152666639,11.141245145665426,8.584658530590191
2021-08-04,0.25,0.25,0.390684216574792,11.132651410693812,8.570412102262212
2021-08-05,0.25,0.25,0.394836346506603,11.127094417804528,8.41640086190286
2021-08-06,0.25,0.25,0.393650001733703,11.123039166493632,8.456642899617508
2021-08-09,0.25,0.25,0.393650001733703,11.124194616138414,8.240618298775436
2021-08-10,0.25,0.25,0.393650001733703,11.130391096096218,8.188793000515561
2021-08-11,0.25,0.25,0.393650001733703,11.062555745303149,7.394007150021443
2021-08-12,0.25,0.25,0.400361434405997,11.070002022976551,8.104941392883559
2021-08-13,0.5,0.5,0.400361434405997,11.075393348365411,7.944362580689096
2021-08-16,0.5,0.5,0.406835216778582,11.082374090620686,7.928456881409908
2021-08-17,0.5,0.5,0.400961997027567,11.090068860775927,7.388734513264477
2021-08-18,0.5,0.5,0.407113388294707,11.100958165162634,7.139105232423057
2021-08-19,0.5,0.5,0.407353111489455,11.114809346630514,7.582438415363241
2021-08-20,0.5,0.5,0.389618427055286,11.122829904920177,7.051765156396386
2021-08-23,0.5,0.5,0.407362801349889,11.133226189159746,6.611342284473588
2021-08-24,0.5,0.5,0.41478573180215,11.140519997961185,6.889759504575287
2021-08-25,0.5,0.5,0.415057166311123,11.136951602269804,6.7794339663346985
2021-08-26,0.5,0.5,0.415964064949955,11.128948482038005,6.769427551649218
2021-08-27,0.5,0.5,0.415964064949955,11.129625425205727,6.449471209432299
2021-08-30,0.5,0.5,0.415964064949955,11.129625425205727,6.920842867600683
2021-08-31,0.5,0.5,0.415964064949955,11.128890857519025,6.920842867600683
2021-09-01,0.5,0.5,0.416539522487239,11.135523102062315,7.058049976954808
2021-09-02,0.5,0.5,0.427203879502215,11.137664256945138,8.441798928182582
2021-09-03,0.5,0.5,0.432810462903366,11.130394830863308,8.60517737773623
2021-09-06,0.5,0.5,0.440694350825785,11.126035767123751,8.558586465155521
2021-09-07,0.5,0.5,0.440694350825785,11.12449139886668,8.481089216185357
2021-09-08,0.5,0.5,0.440694350825785,11.12781974359306,8.32383250827776
2021-09-09,0.5,0.5,0.440694350825785,11.120514344021483,7.978083804890475
2021-09-10,1.0,1.0,0.450459133624661,11.113983994895648,8.175442441587343
2021-09-13,1.0,1.0,0.470926591309776,11.112449552009199,7.690426944806853
2021-09-14,1.0,1.0,0.479200861878263,11.113359384623719,7.762335259318461
2021-09-15,1.0,1.0,0.4855766478496,11.11578901250648,7.466556853541507
2021-09-16,1.0,1.0,0.493402422019182,11.117210733105047,7.228004647705357
2021-09-17,1.0,1.0,0.500960859084048,11.116029948094381,7.254702835259441
2021-09-20,1.0,1.0,0.519726545095662,11.126960006148572,7.3059140142155625
2021-09-21,1.0,1.0,0.519726545095662,11.179755749999469,7.331329131105291
2021-09-22,1.0,1.0,0.519726545095662,11.205776955024774,7.201227875080434
2021-09-23,1.0,1.0,0.519726545095662,11.206313770867723,7.455179923964555
2021-09-24,1.0,1.0,0.544368323628273,11.22134494667097,7.172491658389812
2021-09-27,1.0,1.0,0.567937258415711,11.249373660284652,6.627747738257323
2021-09-28,1.0,1.0,0.567937258415711,11.23843567801342,6.670581498038421
2021-09-29,1.0,1.0,0.568447132018511,11.23623712703888,6.846306722162587
2021-09-30,1.0,1.0,0.568447132018511,11.22460700421249,6.547396684970411
2021-10-01,1.0,1.0,0.569067430912706,11.211273788482186,6.641644619099885
2021-10-04,1.0,1.0,0.569067430912706,11.208013187632073,8.730167745693956
2021-10-05,1.0,1.0,0.569067430912706,11.20200419957839,8.810239821979962
2021-10-06,1.0,1.0,0.569067430912706,11.19506665987953,8.810662972169164
2021-10-07,1.0,1.0,0.569067430912706,11.18847497430462,8.784191359735717
2021-10-08,1.25,1.0,0.569067430912706,11.18847497430462,8.601874574579396
2021-10-11,1.5,1.5,0.569067430912706,11.191695950167071,8.601874574579396
2021-10-12,1.5,1.5,0.589061498917444,11.187598933151303,7.636189320446361
2021-10-13,1.5,1.5,0.606977745549224,11.179249861783894,7.345099638817622
2021-10-14,1.5,1.5,0.623529876801602,11.175057642611122,7.367586450549117
2021-10-15,1.5,1.5,0.675744869338227,11.172146699353801,7.2453391968067615
2021-10-18,1.5,1.5,0.655144202521359,11.187421437862541,7.397914566865371
2021-10-19,1.5,1.5,0.655144202521359,11.192363172277243,7.418440177596808
2021-10-20,1.5,1.5,0.655144202521359,11.203601381271357,7.248747232989592
2021-10-21,1.5,1.5,0.655144202521359,11.218232888432713,7.073270811069282
2021-10-22,1.5,1.5,0.655144202521359,11.219748521893903,7.197454018129004
2021-10-25,1.5,1.5,0.651388454774188,11.230995473047209,6.791981080536769
2021-10-26,1.5,1.5,0.651388454774188,11.231750505447584,6.707174655955565
2021-10-27,1.5,1.5,0.651388454774188,11.228754790702563,6.719997281253712
2021-10-28,1.5,1.5,0.651388454774188,11.219351609984727,6.995310097783846
2021-10-29,1.5,1.5,0.651388454774188,11.205085155357693,6.6841389231885024
2021-11-01,1.5,1.5,0.65566504040434,11.205085155357693,7.037506885116623
2021-11-02,1.5,1.5,0.659941626034492,11.199368720488373,7.037506885116623
2021-11-03,1.5,1.5,0.659941626034492,11.197384354089312,8.749218599063012
2021-11-04,1.5,1.5,0.659941626034492,11.196607121202794,8.65313455293823
2021-11-05,1.5,1.5,0.659941626034492,11.184907444301325,8.723261376916753
2021-11-08,1.5,1.5,0.659941626034492,11.188768553215615,8.605002787540025
2021-11-09,1.5,1.5,0.659941626034492,11.181230499633944,8.147755322374525
2021-11-10,1.5,1.5,0.659941626034492,11.351827719258198,8.298025628147915
2021-11-11,1.5,1.5,0.659941626034492,11.34627601296577,8.509899680571701
2021-11-12,2.0,2.0,0.720223977420719,11.340939454328025,8.450318968549615
2021-11-15,2.0,2.0,0.76045527608942,11.3460186718118,8.264393058236461
2021-11-16,2.0,2.0,0.808478549738357,11.338510474009642,8.230516936632231
2021-11-17,2.0,2.0,0.808478549738357,11.347115852563478,7.6532222867724595
2021-11-18,2.0,2.0,0.79992575888947,11.406553200060584,7.48545364503183
2021-11-19,2.0,2.0,0.79992575888947,11.416314778907434,7.7829603649580665
2021-11-22,2.0,2.0,0.79992575888947,11.441126028312484,7.128380355936447
2021-11-23,2.0,2.0,0.79992575888947,11.43916859617806,7.159282951763707
2021-11-24,2.0,2.0,0.79992575888947,11.442126549837832,6.850433535597586
2021-11-25,2.0,2.0,0.79992575888947,11.440597200265492,6.447579005883936
2021-11-26,2.0,2.0,0.79992575888947,11.4332797165508,6.42381683578457
2021-11-29,2.0,2.0,0.79992575888947,11.428631374842466,6.570247668748604
2021-11-30,2.0,2.0,0.802140491862945,11.42995390412779,6.410047055589487
2021-12-01,2.0,2.0,0.802140491862945,11.435310505294323,6.999381028027095
2021-12-02,2.0,2.0,0.802140491862945,11.43365769200479,8.70780106252046
2021-12-03,2.0,2.0,0.802140491862945,11.432645423649966,8.741959392191252
2021-12-06,2.0,2.0,0.802140491862945,11.430672844762515,8.701971732839894
2021-12-07,2.0,2.0,0.802140491862945,11.423887657671948,8.641445106421662
2021-12-08,2.0,2.0,0.802140491862945,11.423887657671948,8.58832919563332
2021-12-09,2.0,2.0,0.802140491862945,11.424366464378348,8.58832919563332
2021-12-10,2.5,2.5,0.835970553716106,11.416882369720772,8.711385642822302
2021-12-13,2.5,2.5,0.869507311338246,11.41028089064807,8.337251190532161
2021-12-14,2.5,2.5,0.910350841869845,11.4063141021999,8.127949426870869
2021-12-15,2.5,2.5,0.9396339788393,11.405369198536548,7.87832620602707
2021-12-16,2.5,2.5,0.9396339788393,11.401531532091887,7.97945574564396
2021-12-17,2.5,2.5,0.833486927774501,11.40214240023017,7.911442598347496
2021-12-20,2.5,2.5,0.833486927774501,11.411139637721629,8.080551129854825
2021-12-21,2.5,2.5,0.833486927774501,11.419130559676702,7.276192849068475
2021-12-22,2.5,2.5,0.833486927774501,11.42547294305161,7.5517189800343125
2021-12-23,2.5,2.5,0.833486927774501,11.423282604640923,7.37281926763516
2021-12-24,2.5,2.5,0.833486927774501,11.426295924532688,6.911410139833831
2021-12-27,2.5,2.5,0.833486927774501,11.417737144000814,7.318722182691662
2021-12-28,2.5,2.5,0.833486927774501,11.414467698884755,7.136392384967101
2021-12-29,2.5,2.5,0.833486927774501,11.405676354842484,6.649417994066562
2021-12-30,2.5,2.5,0.833486927774501,11.390228676763583,6.449293363552886
2021-12-31,2.5,2.5,0.833486927774501,11.385114422073672,6.586283560592994
2022-01-03,2.5,2.5,0.833486927774501,11.376407396950368,7.817374973894707
2022-01-04,2.5,2.5,0.764494330991702,11.3728436290035,8.89331851339945
2022-01-05,2.5,2.5,0.764494330991702,11.364087341112132,9.178168631900958
2022-01-06,2.5,2.5,0.764494330991702,11.357587338260844,9.139637269282906
2022-01-07,3.0,3.0,0.767484821234853,11.354946845565085,8.992260296640664
2022-01-10,3.0,3.0,0.868373383909038,11.350619549658967,8.58152147709901
2022-01-11,3.0,3.0,1.00907555722963,11.338770525143836,8.597252925060523
2022-01-12,3.0,3.0,1.09155312731377,11.332841928899015,8.431326089233316
2022-01-13,3.0,3.0,1.19339870518753,11.32610337328122,8.128871743163797
2022-01-14,3.0,3.0,1.10772060903049,11.325739575616069,8.044474293258075
2022-01-17,3.0,3.0,1.10772060903049,11.329421220008575,7.939139769761121
2022-01-18,3.0,3.0,1.10772060903049,11.332944060367744,7.4239897585565195
2022-01-19,3.0,3.0,1.10772060903049,11.348287492711314,7.293260005844822
2022-01-20,3.0,3.0,1.23006474824274,11.355903112664652,7.404990377132354
2022-01-21,3.0,3.0,1.23006474824274,11.36928281931962,7.148641049247553
2022-01-24,3.0,3.0,1.23006474824274,11.375318562859768,7.048428820654803
2022-01-25,3.0,3.0,1.23006474824274,11.373748053794897,7.507758119495137
2022-01-26,3.0,3.0,1.23006474824274,11.370301520068272,6.907064308807219
2022-01-27,3.0,3.0,1.40826038777668,11.367836570940538,7.163389199139083
2022-01-28,3.0,3.0,1.40826038777668,11.364222303615632,7.775406700344275
2022-01-31,3.0,3.0,1.40826038777668,11.356489788213109,7.252551131944898
2022-02-01,3.02,3.0,0.833486927774501,11.353248552273188,7.303484333198585
2022-02-02,3.0,3.0,0.764494330991702,11.349958757954475,8.8282624062951
2022-02-03,3.0,3.0,0.764494330991702,11.343314859996951,8.767273874491083
2022-02-04,3.01,3.0,0.764494330991702,11.33836041504468,9.085031253814382
2022-02-07,3.0,3.0,0.767484821234853,11.336227154475901,9.019394601397305
2022-02-08,3.0,3.0,0.868373383909038,11.3394388225707,8.803712773527375
2022-02-09,3.0,3.0,1.00907555722963,11.337858403940816,8.64716362348403
2022-02-10,3.0,3.0,1.09155312731377,11.333154774301775,8.716631145057955
2022-02-11,3.5,3.5,1.19339870518753,11.284194128563042,8.393934012619724
2022-02-14,3.5,3.5,1.10772060903049,11.291474419522945,8.513473092332159
2022-02-15,3.5,3.5,1.10772060903049,11.289053396966665,8.22291774794421
2022-02-16,3.5,3.5,1.10772060903049,11.291999172075926,7.294673562789761
2022-02-17,3.5,3.5,1.10772060903049,11.300378834354738,7.327348482352462
2022-02-18,3.5,3.5,1.23006474824274,11.313011365999676,7.4646312442804055
2022-02-21,3.5,3.5,1.23006474824274,11.33890877385222,6.844353253676455
2022-02-22,3.5,3.5,1.23006474824274,11.333945230701278,6.842523106358656
2022-02-23,3.5,3.5,1.23006474824274,11.342308077753248,6.753100713640893
2022-02-24,3.5,3.5,2.52174145149559,11.341074371359225,6.587430653679499
2022-02-25,3.5,3.5,2.52174145149559,11.342106979783292,6.822294324647726
2022-02-28,3.52,3.5,2.52174145149559,11.343728594401854,6.8391225895075705
2022-03-01,3.58,3.5,2.52174145149559,11.355408820176537,7.34752281326795
2022-03-02,3.58,3.5,2.52174145149559,11.350582347589892,8.96268416399097
2022-03-03,3.58,3.5,2.52802272113937,11.34342495230234,8.896279001644471
2022-03-04,3.73,3.5,2.52802272113937,11.339243691867955,9.034992654815788
2022-03-07,3.65,3.5,3.24642480793366,11.341319411481845,8.866517578291147
2022-03-08,3.61,3.5,3.24642480793366,11.344836106428145,9.033334305258526
2022-03-09,3.55,3.5,3.24642480793366,11.343301552927567,8.978210511454273
2022-03-10,3.7,3.5,3.24642480793366,11.338867896396703,8.75145340666713
2022-03-11,4.0,4.0,3.4129741144881,11.328550584817293,8.84280976349311
2022-03-14,4.0,4.0,3.46837849181881,11.326675583677792,8.241298169191651
2022-03-15,4.0,4.0,3.52591929813394,11.322849600585075,7.953527375232627
2022-03-16,4.0,4.0,3.52591929813394,11.32903165716676,6.864413027520243
2022-03-17,4.0,4.0,3.55780426606954,11.329477648085053,7.319082161916834
2022-03-18,4.0,4.0,3.67202935261045,11.33970073341927,7.2084058119650045
2022-03-21,4.0,4.0,3.7615346168676,11.35206913740181,6.862307464323809
2022-03-22,4.0,4.0,3.7615346168676,11.362908458258744,7.54640431705804
2022-03-23,4.0,4.0,3.7615346168676,11.373184476187207,6.96148355785477
2022-03-24,4.0,4.0,3.7615346168676,11.371690935379355,6.6879467133659425
2022-03-25,4.0,4.0,3.7615346168676,11.367112688101459,7.097493983063277
2022-03-28,4.0,4.0,3.7615346168676,11.366774627588475,7.214518594550969
2022-03-29,4.11,4.0,3.7615346168676,11.380436311898809,7.445568540133723
2022-03-30,4.0,4.0,3.7615346168676,11.404623942619486,7.120235307880365
2022-03-31,4.0,4.0,3.7615346168676,11.406638406619928,6.707500557529689
2022-04-01,4.14,4.0,3.7615346168676,11.42319835815743,7.158253869117587
2022-04-04,4.09,4.0,3.7615346168676,11.429385293826943,8.589519843485828
2022-04-05,4.19,4.0,3.7615346168676,11.44545545579224,8.934743038206705
2022-04-06,4.3,4.0,3.7615346168676,11.448704605104599,8.990857532343394
2022-04-07,4.28,4.0,3.81973875824553,11.45982259663552,8.9758165534667
2022-04-08,4.51,4.5,3.81973875824553,11.454879116509693,9.0056019928364
2022-04-11,4.5,4.5,3.93434198506476,11.455610621365864,8.75455834223763
2022-04-12,4.5,4.5,4.01561420151028,11.388456950483858,8.649566718714594
2022-04-13,4.5,4.5,4.05865626272407,11.376811809633056,8.294651361214063
2022-04-14,4.5,4.5,4.076350126947983,11.376811809633056,7.7497595659021705
2022-04-15,4.5,4.5,4.094043991171897,11.376811809633056,7.7497595659021705
2022-04-18,4.5,4.5,4.11173785539581,11.37515218247903,7.7497595659021705
2022-04-19,4.5,4.5,4.1378869308904,11.37515377518101,7.821157864184991
2022-04-20,4.5,4.5,4.19370907431484,11.382072526625961,7.343931457655774
2022-04-21,4.59,4.5,4.20026994103466,11.399765092676404,7.156381539950009
2022-04-22,4.82,4.5,4.24852248706639,11.409475275237703,6.875548442179435
2022-04-25,4.62,4.5,4.24852248706639,11.422487632566078,7.002517406915286
2022-04-26,4.61,4.5,4.24852248706639,11.430505658867462,7.442016986322313
2022-04-27,4.5,4.5,4.24852248706639,11.433539185738859,7.130578977252815
2022-04-28,4.5,4.5,4.24852248706639,11.42775323725178,6.880163142981147
2022-04-29,4.5,4.5,4.24852248706639,11.419752960016298,6.921567165285171
2022-05-02,4.79,4.5,4.24852248706639,11.419868812357647,7.898914764647976
2022-05-03,4.8,4.5,4.24852248706639,11.417758697496133,9.097587473177748
2022-05-04,4.91,4.5,4.24852248706639,11.412587875049816,9.161741899012467
2022-05-05,4.99,4.5,4.24852248706639,11.409747542611825,9.224359032592197
2022-05-06,5.0,4.5,4.24852248706639,11.40380279065434,9.454928254556386
2022-05-09,4.5,4.5,4.24852248706639,11.405051099997458,9.519670739913341
2022-05-10,4.5,4.5,4.24852248706639,11.400934813183818,8.807159642413419
2022-05-11,4.5,4.5,4.24852248706639,11.401361774398442,8.737428664973043
2022-05-12,4.5,4.5,4.24852248706639,11.392731209367223,8.443074515766464
2022-05-13,5.0,5.0,4.30518095514872,11.388608557402376,8.538670900189564
2022-05-16,5.0,5.0,4.36741555381032,11.387510289492,7.94561273583915
2022-05-17,5.0,5.0,4.44350142210952,11.38197400487613,7.7327641966741885
2022-05-18,5.0,5.0,4.53787619521978,11.391436391607337,7.686541874756995
2022-05-19,5.0,5.0,4.54854159569582,11.398702541773503,7.325440001876181
2022-05-20,5.02,5.0,4.58048922743433,11.408652386477343,6.858832503682238
2022-05-23,5.0,5.0,4.58048922743433,11.406275519796466,7.132271085371524
2022-05-24,5.0,5.0,4.58453351066119,11.41709824201813,6.883603893355025
2022-05-25,5.0,5.0,4.58453351066119,11.420385862862862,6.561432433451578
2022-05-26,5.0,5.0,4.58453351066119,11.4181709504147,6.855281318187489
2022-05-27,4.97,5.0,4.58453351066119,11.417713837547348,6.9114723955564905
2022-05-30,5.29,5.0,4.58453351066119,11.40930674760287,6.659084720969779
2022-05-31,5.35,5.0,4.58453351066119,11.411199091226836,7.6498229672307145
2022-06-01,5.14,5.0,4.58453351066119,11.412592156548852,7.242973318147858
2022-06-02,5.0,5.0,4.58453351066119,11.409484065295628,9.347341473028601
2022-06-03,5.0,5.0,4.58453351066119,11.409875488509241,9.361975641349233
2022-06-06,5.0,5.0,4.58453351066119,11.406300533730604,9.282841660960766
2022-06-07,5.0,5.0,4.58453351066119,11.407868223922453,9.279750608388275
2022-06-08,5.0,5.0,4.58453351066119,11.402456801675328,9.21812958840883
2022-06-09,4.99,5.0,4.58453351066119,11.402828937714725,9.141454888116188
2022-06-10,4.59,5.5,4.58453351066119,11.39970909724633,9.047456989262814
2022-06-13,5.05,5.5,4.58453351066119,11.401005721531067,8.509775291807577
2022-06-14,5.5,5.5,4.58453351066119,11.398345671922236,7.974987787076717
2022-06-15,5.5,5.5,4.47258749926307,11.405232489778003,7.412687850235029
2022-06-16,5.5,5.5,4.47258749926307,11.402772759938674,7.166169989944292
2022-06-17,5.5,5.5,4.47258749926307,11.40318605988966,6.715765497866225
2022-06-20,5.5,5.5,4.31144118958577,11.411281464434513,6.846489988415675
2022-06-21,5.5,5.5,4.31144118958577,11.420191255403434,7.234810449105897
2022-06-22,5.5,5.5,3.7186961732283,11.426726391503252,6.691406455321022
2022-06-23,5.5,5.5,3.7186961732283,11.436438323365676,7.210686730026019
2022-06-24,5.5,5.5,2.21001558214766,11.436983528104651,6.6141283910519615
2022-06-27,5.5,5.5,2.21001558214766,11.428224844282523,7.089996733184631
2022-06-28,5.5,5.5,2.21001558214766,11.422574131676669,6.882121313527905
2022-06-29,5.5,5.5,2.21001558214766,11.422574131676669,7.0575174819497475
2022-06-30,5.5,5.5,2.21001558214766,11.419813549823289,7.0575174819497475
2022-07-01,5.5,5.5,2.21001558214766,11.416349491453673,7.193308513452953
2022-07-04,5.5,5.5,5.09399880976584,11.410133581158668,9.265541462253545
2022-07-05,5.5,5.5,5.09399880976584,11.406367090524718,9.377613269229666
2022-07-06,5.48,5.5,5.09399880976584,11.401976549685095,9.255849518096378
2022-07-07,5.47,5.5,5.09399880976584,11.40067160685159,9.144013284744776
2022-07-08,5.98,6.0,5.14777470657019,11.399072444526237,9.08439035255848
2022-07-11,6.0,6.0,5.18010459083023,11.396938437270187,8.513421985537938
2022-07-12,6.0,6.0,5.21736702101742,11.392037673621724,8.30197002346065
2022-07-13,6.0,6.0,5.25032007555177,11.38882686380392,8.506536684520611
2022-07-14,6.0,6.0,5.26959015388561,11.384788870472331,8.358654643832708
2022-07-15,6.0,6.0,5.28827459257524,11.385646559343222,8.322178646811274
2022-07-18,6.06,6.0,5.3093060525614,11.39099413026272,8.288753376495576
2022-07-19,6.01,6.0,5.32772506729633,11.392092414616666,7.951855454408546
2022-07-20,6.0,6.0,5.33536553953493,11.407834119952401,7.988321736245492
2022-07-21,6.0,6.0,5.33536553953493,11.414976527519995,8.113111990263945
2022-07-22,6.0,6.0,5.33536553953493,11.418042145861433,7.773001127818403
2022-07-25,6.0,6.0,5.33536553953493,11.415925486622585,7.4971958800940595
2022-07-26,6.0,6.0,5.33536553953493,11.408813131362761,6.920760278077173
2022-07-27,6.06,6.0,5.35745434730812,11.405185024451782,7.314375955996632
2022-07-28,6.053333333333333,6.0,5.35745434730812,11.405185024451782,6.989550119168457
2022-07-29,6.046666666666667,6.0,5.35745434730812,11.405185024451782,6.989550119168457
2022-08-01,6.04,6.0,5.35745434730812,11.407073243153295,6.989550119168457
2022-08-02,6.0,6.0,5.35745434730812,11.402853343268694,9.337233234228739
2022-08-03,6.0,6.0,5.35745434730812,11.401059404495028,9.259980432078871
2022-08-04,6.0,6.0,5.35745434730812,11.396872531202431,9.09586111416434
2022-08-05,6.2,6.0,5.35745434730812,11.394309803538427,8.96655458464852
2022-08-08,6.46,6.0,5.35745434730812,11.398245651403608,9.127674245510882
2022-08-09,6.15,6.0,5.35745434730812,11.396330681151074,9.345071678782285
2022-08-10,6.01,6.0,5.35745434730812,11.390952361199895,9.227682384132578
2022-08-11,6.0,6.0,5.17116718529438,11.343223456564353,9.216823912918867
2022-08-12,6.5,6.5,5.61427196830561,11.354904718095876,9.239602625324265
2022-08-15,5.83,6.5,5.67855448748752,11.353755431599106,8.674312246265085
2022-08-16,6.25,6.5,5.73594013867834,11.345076709103942,8.436493346847872
2022-08-17,6.32,6.5,5.76340950898737,11.344060760895466,8.261040840748343
2022-08-18,6.18,6.5,5.77372237617432,11.352361274564542,8.025664851366832
2022-08-19,6.4,6.5,5.79215016172927,11.359841021059792,7.614327553580473
2022-08-22,6.48,6.5,5.88158446447512,11.368503316487574,6.371185977604994
2022-08-23,6.5,6.5,5.93355821737882,11.370897466094787,7.30195365812114
2022-08-24,6.48,6.5,5.9660725298839,11.388082887770617,7.300862788960524
2022-08-25,6.5,6.5,6.014141897749,11.382433741246723,6.83512360182543
2022-08-26,6.5,6.5,6.05629220829883,11.377912099963925,6.918620108009799
2022-08-29,6.47,6.5,6.08259123543398,11.36920835641618,7.0706963210798515
2022-08-30,6.484999999999999,6.5,6.094484669350759,11.36920835641618,6.941392957577046
2022-08-31,6.5,6.5,6.10637810326754,11.370147077983859,6.941392957577046
2022-09-01,6.5,6.5,6.10637810326754,11.37285983841464,7.323312760482013
2022-09-02,6.5,6.5,6.10637810326754,11.372546388541867,9.38341770572678
2022-09-05,6.5,6.5,6.10637810326754,11.369717874255558,9.291444285987348
2022-09-06,6.5,6.5,6.10637810326754,11.363074614590769,9.288955548163322
2022-09-07,6.5,6.5,6.10637810326754,11.362170065509288,9.26362205375972
2022-09-08,6.5,6.5,6.10637810326754,11.36159504133524,9.281957579783699
2022-09-09,6.75,6.75,6.16319754597735,11.351434043328936,9.235078019126142
2022-09-12,6.71,6.75,6.26337733873033,11.354333187012983,8.524978266120034
2022-09-13,6.75,6.75,6.31287493455808,11.345350504531117,8.544361228336069
2022-09-14,6.75,6.75,6.33280771357444,11.342632686318812,8.146209812273558
2022-09-15,6.75,6.75,6.41369359315557,11.347656821410839,8.11346491409888
2022-09-16,6.75,6.75,6.41369359315557,11.374593967285321,8.238617444168803
2022-09-19,6.75,6.75,6.42873167876042,11.376641649121602,8.099454366956804
2022-09-20,6.74,6.75,6.48941129041091,11.391587919762191,8.26207289316182
2022-09-21,6.75,6.75,6.49717892811179,11.39859446748137,8.105090048829586
2022-09-22,6.65,6.75,6.49717892811179,11.400223398404943,7.584000506944327
2022-09-23,6.58,6.75,6.49717892811179,11.401346000336956,7.514723083385569
2022-09-26,6.75,6.75,6.49717892811179,11.397314754891314,6.401830501758671
2022-09-27,6.75,6.75,6.51142315339803,11.39443923061666,7.002880246190213
2022-09-28,6.75,6.75,6.52854399372321,11.387230346691863,7.168951613908442
2022-09-29,6.75,6.75,6.54109607477077,11.387610385590994,7.111133589407046
2022-09-30,6.81,6.75,6.54109607477077,11.387376191282058,6.952150069194425
2022-10-03,6.83,6.75,6.54109607477077,11.384903250643388,7.522482680973462
2022-10-04,6.75,6.75,6.54109607477077,11.3905981448541,9.44597948062561
2022-10-05,6.76,6.75,6.54109607477077,11.38559811241729,9.347310781428098
2022-10-06,6.9,6.75,6.54109607477077,11.385855692812546,9.458459816602161
2022-10-07,7.13,7.0,6.54109607477077,11.379958552214905,9.409358067468897
2022-10-10,7.0,7.0,6.54109607477077,11.376101244914409,9.37566080383908
2022-10-11,7.0,7.0,6.54109607477077,11.3734916589276,9.000473402201678
2022-10-12,7.0,7.0,6.56451192082323,11.376926358399816,8.971149544200266
2022-10-13,7.0,7.0,6.58131757997737,11.372611292314748,8.710726382091439
2022-10-14,7.0,7.0,6.59057280556178,11.359392573092007,8.686624754589678
2022-10-17,7.0,7.0,6.60289742082157,11.36128113639398,8.36106669350568
2022-10-18,7.0,7.0,6.61637786968773,11.36493563105867,8.286659343744793
2022-10-19,7.0,7.0,6.61637786968773,11.36899907287603,8.11346768498629
2022-10-20,7.0,7.0,6.61637786968773,11.377712014803421,7.92935811665798
2022-10-21,7.0,7.0,6.61637786968773,11.389342919806882,7.801136738379259
2022-10-24,7.01,7.0,6.61637786968773,11.39434473019511,7.291332226725062
2022-10-25,7.0,7.0,6.61637786968773,11.399587191790125,7.878213857488929
2022-10-26,7.0,7.0,6.61637786968773,11.395178613115903,7.573236253433338
2022-10-27,7.0,7.0,6.61637786968773,11.369494732388143,7.575674561172212
2022-10-28,7.0,7.0,6.61637786968773,11.354914581090357,7.395659195420497
2022-10-31,7.0,7.0,6.61637786968773,11.354922543198883,6.895121690584838
2022-11-01,7.0,7.0,6.61637786968773,11.354922543198883,7.628296217853891
2022-11-02,7.0,7.0,6.61637786968773,11.348222916053,7.628296217853891
2022-11-03,7.0,7.0,6.61637786968773,11.345781744320359,9.414279125160325
2022-11-04,7.05,7.0,6.61637786968773,11.341663437666115,9.335282342000907
2022-11-07,7.0,7.0,6.61637786968773,11.337694753765408,9.284827508781046
2022-11-08,7.0,7.0,6.61637786968773,11.335136974186817,9.317500056965375
2022-11-09,7.0,7.0,6.61637786968773,11.337819721080484,9.290945827026016
2022-11-10,7.0,7.0,6.61637786968773,11.332018450322792,9.259183515360286
2022-11-11,7.25,7.25,6.61637786968773,11.329253898173823,9.234836728819898
2022-11-14,7.28,7.25,6.59381203849276,11.320266546850903,8.383989503961367
2022-11-15,7.27,7.25,6.59381203849276,11.321330366801018,8.536795634873048
2022-11-16,7.25,7.25,6.59381203849276,11.326616006320432,8.481207408130473
2022-11-17,7.25,7.25,6.62361936045088,11.327391070533665,7.943976752896666
2022-11-18,7.26,7.25,6.6250136994618,11.32994403948757,7.602446430080902
2022-11-21,7.36,7.25,6.6250136994618,11.34609647175979,7.470056778523282
2022-11-22,7.28,7.25,6.6250136994618,11.354064778729917,7.275503791850446
2022-11-23,7.25,7.25,6.6250136994618,11.356474050572581,7.336440319806784
2022-11-24,7.27,7.25,6.63574145118854,11.357230646309914,7.4233607074833765
2022-11-25,7.25,7.25,6.64882063618686,11.348837688731244,7.376919348145916
2022-11-28,7.25,7.25,6.64882063618686,11.34154930596743,6.9964531987627625
2022-11-29,7.3,7.25,6.65515939489514,11.339282704718674,7.5105066314481
2022-11-30,7.45,7.25,6.65515939489514,11.334681152537447,7.119942577444127
2022-12-01,7.25,7.25,6.65515939489514,11.33398129531025,7.183354748765325
2022-12-02,7.25,7.25,6.65515939489514,11.331259632040302,9.393437094749677
2022-12-05,7.31,7.25,6.65515939489514,11.333558851645606,9.326463309070261
2022-12-06,7.33,7.25,6.65515939489514,11.3253374795155,9.28228986032606
2022-12-07,7.27,7.25,6.65515939489514,11.315580556361835,9.257649105613833
2022-12-08,7.359999999999999,7.25,6.65515939489514,11.315580556361835,8.917916460179914
2022-12-09,7.45,7.25,6.65515939489514,11.315580556361835,8.917916460179914
2022-12-12,7.54,7.5,6.65515939489514,11.317763859552372,8.917916460179914
2022-12-13,7.56,7.5,6.65515939489514,11.311889346584797,8.549036400213124
2022-12-14,7.5,7.5,6.65515939489514,11.30553534849283,8.322659035615132
2022-12-15,7.5,7.5,6.65515939489514,11.298342280464869,8.553335646361564
2022-12-16,7.5,7.5,6.65515939489514,11.299594961637068,8.407327039611793
2022-12-19,7.5,7.5,6.65515939489514,11.298262385806353,7.970071435004337
2022-12-20,7.5,7.5,6.65515939489514,11.306900371212125,8.094383872980206
2022-12-21,7.54,7.5,6.65515939489514,11.316068908780835,7.619194947224733
2022-12-22,7.51,7.5,6.65515939489514,11.312234767683764,7.339935964094665
2022-12-23,7.63,7.5,6.65515939489514,11.311598116876132,7.440304626121707
2022-12-26,7.5,7.5,6.65515939489514,11.306174810008711,7.343564439531189
2022-12-27,7.51,7.5,6.65173919863906,11.299861446500616,7.366580677948355
2022-12-28,7.5,7.5,6.65173919863906,11.279487198976136,6.965359475441804
2022-12-29,7.5,7.5,6.66330792885632,11.270354327714752,6.44359894867446
2022-12-30,7.5,7.5,6.67466552056253,11.262957691944075,6.3920372448197496
2023-01-02,7.51,7.5,6.74282153734802,11.262957691944075,7.0677967171075515
2023-01-03,7.52,7.5,6.81097755413351,11.25274369664598,7.0677967171075515
2023-01-04,7.61,7.5,6.81097755413351,11.241541395993703,9.455124721241535
2023-01-05,7.65,7.5,6.81097755413351,11.23499675599739,9.446925122946206
2023-01-06,7.53,7.5,6.81097755413351,11.226272530637836,9.42987985182582
2023-01-09,7.5,7.5,6.83900293626307,11.22360406445121,9.313973274674856
2023-01-10,7.5,7.5,6.85761508804387,11.21825348555559,9.179056038683218
2023-01-11,7.5,7.5,6.85761508804387,11.211403381833183,8.957010997491222
2023-01-12,7.5,7.5,6.85761508804387,11.209884624859155,8.858221180338102
2023-01-13,7.75,7.75,6.85761508804387,11.202915054258492,8.817074088402684
2023-01-16,7.75,7.75,6.85761508804387,11.198020018026481,8.537592416784939
2023-01-17,7.75,7.75,6.85761508804387,11.200168957177146,8.348148939921991
2023-01-18,7.75,7.75,6.85761508804387,11.205825337592954,8.098579471842646
2023-01-19,7.75,7.75,6.85761508804387,11.209486073210751,7.919798087766071
2023-01-20,7.75,7.75,6.85761508804387,11.213678813557646,7.685220015657095
2023-01-23,7.75,7.75,6.85761508804387,11.224718848961928,7.288798598962008
2023-01-24,7.75,7.75,6.85761508804387,11.240920819252484,7.591249300586222
2023-01-25,7.75,7.75,6.85761508804387,11.248101515514856,7.166625003273418
2023-01-26,7.75,7.75,6.85761508804387,11.24134022282498,7.4620180850058535
2023-01-27,7.75,7.75,6.85761508804387,11.237222312774405,7.351978459318695
2023-01-30,7.75,7.75,6.85761508804387,11.214848631367598,6.79963486034896
2023-01-31,7.73,7.75,6.86162699231526,11.189385835811027,7.53184320770379
2023-02-01,7.77,7.75,6.86162699231526,11.183486369909254,6.96661790461344
2023-02-02,7.75,7.75,6.86162699231526,11.178594820866463,9.46611052332669
2023-02-03,7.83,7.75,6.86162699231526,11.159617823217786,9.479227532693411
2023-02-06,7.75,7.75,6.86162699231526,11.157974449127332,9.49741685183478
2023-02-07,7.75,7.75,6.86162699231526,11.158858968591536,9.472750857170864
2023-02-08,7.75,7.75,6.86162699231526,11.162701989885926,9.144762350722058
2023-02-09,7.75,7.75,6.86162699231526,11.160685360495144,8.945411874242167
2023-02-10,7.75,7.75,6.86162699231526,11.095262874701886,8.705288780616533
2023-02-13,7.75,7.75,6.88026233498228,11.104519514439378,8.549072338318469
2023-02-14,7.75,7.75,6.89352188930425,11.108321970455242,8.691913102079543
2023-02-15,7.75,7.75,6.89726831881649,11.10908369563516,8.298981525069244
2023-02-16,7.75,7.75,6.92253812456707,11.109461863616952,8.240948379114224
2023-02-17,7.75,7.75,6.92817194636546,11.114422110557802,7.960305875148307
2023-02-20,7.75,7.75,6.98160019525646,11.136753941805008,7.552516424204843
2023-02-21,7.75,7.75,6.99005229704246,11.149752840818952,7.601991819538964
2023-02-22,7.75,7.75,6.99005229704246,11.156733323259598,7.319837129872886
2023-02-23,7.86,7.75,6.99005229704246,11.169500151626284,7.196899990126249
2023-02-24,7.75,7.75,6.99831562207047,11.172152915329246,6.937905579021353
2023-02-27,7.75,7.75,7.01482190304306,11.17775180080858,7.216852377638095
2023-02-28,7.75,7.75,7.02328468118365,11.17584335653174,7.33926243333174
2023-03-01,7.75,7.75,7.02328468118365,11.17683981408062,6.894572338926393
2023-03-02,7.75,7.75,7.07824115405599,11.17688681663023,9.508230366412084
2023-03-03,7.75,7.75,7.07824115405599,11.172864104676291,9.435818769720223
2023-03-06,7.74,7.75,7.07824115405599,11.171024832400159,9.294404729623443
2023-03-07,7.75,7.75,7.09190367110845,11.16609943246452,9.242682089686685
2023-03-08,7.73,7.75,7.11169868876413,11.16270907513506,9.12971982301027
2023-03-09,7.75,7.75,7.14081993252619,11.157245277261419,9.024079894827278
2023-03-10,7.73,7.75,7.17069705861266,11.150691182560717,8.789795453559417
2023-03-13,7.75,7.75,7.25835451805369,11.156064515709437,8.420975315835117
2023-03-14,7.75,7.75,7.35199736157127,11.153967983686995,8.548790144978666
2023-03-15,7.75,7.75,7.37122519497596,11.155811753402057,8.728412181484808
2023-03-16,7.75,7.75,7.37620373499641,11.159813221786504,8.61377551313026
2023-03-17,7.75,7.75,7.39865318465614,11.15902593398593,8.51000478242326
2023-03-20,7.75,7.75,7.41086459470094,11.168419265253434,8.211808121320205
2023-03-21,7.75,7.75,7.41758146208653,11.176987839887838,7.984092430213114
2023-03-22,7.75,7.75,7.47711846040179,11.16709900162486,7.6439204638508444
2023-03-23,7.75,7.75,7.47986393374405,11.1904143923258,7.468056375719831
2023-03-24,7.75,7.75,7.48306699743259,11.185402758232652,7.2131238779628974
2023-03-27,7.75,7.75,7.5312832595226,11.191593932824086,7.251560948674142
2023-03-28,7.75,7.75,7.5351334329971,11.195550427420889,7.553833961091319
2023-03-29,7.75,7.75,7.53798626808471,11.203826979051932,7.416557790608159
2023-03-30,7.75,7.75,7.54235145195136,11.201938166034415,7.290454167795486
2023-03-31,7.75,7.75,7.5457982314306,11.203147549173014,6.890950850763832
2023-04-03,7.75,7.75,7.5457982314306,11.217295407468786,7.869690101390414
2023-04-04,7.75,7.75,7.5635581536173,11.221192880379235,9.465941619242264
2023-04-05,7.75,7.75,7.5635581536173,11.222205249700576,9.417748058081184
2023-04-06,7.75,7.75,7.559521693616197,11.222205249700576,9.248115942059204
2023-04-07,7.75,7.75,7.555485233615093,11.222205249700576,9.248115942059204
2023-04-10,7.75,7.75,7.55144877361399,11.239354844197566,9.248115942059204
2023-04-11,7.75,7.75,7.55144877361399,11.248131075651862,9.395347735330493
2023-04-12,7.74,7.75,7.55004156051406,11.25374209755578,9.194834496034572
2023-04-13,7.72,7.75,7.55888678459267,11.25517900826651,9.01025275498951
2023-04-14,7.75,7.75,7.56256619453362,11.24908196064113,8.631052603859104
2023-04-17,7.65,7.75,7.56563029057892,11.251670519852505,8.382772053824315
2023-04-18,7.75,7.75,7.56737428639543,11.251616133391876,8.088763401076633
2023-04-19,7.75,7.75,7.56892171730837,11.251438498330568,7.731197759467279
2023-04-20,7.75,7.75,7.56892171730837,11.25863192153479,7.488057026991254
2023-04-21,7.75,7.75,7.56892171730837,11.27230079545248,7.419473608945354
2023-04-24,7.76,7.75,7.56892171730837,11.286280184572023,7.122738467052252
2023-04-25,7.82,7.75,7.56892171730837,11.2890536789072,7.344205191537657
2023-04-26,7.77,7.75,7.56892171730837,11.295874486276075,7.603872395906769
2023-04-27,7.75,7.75,7.56892171730837,11.225410729979687,7.211421502746206
2023-04-28,7.75,7.75,7.56892171730837,11.229963087338282,7.21370438544971
2023-05-01,7.75,7.75,7.56892171730837,11.229963087338282,6.60325588852806
2023-05-02,7.75,7.75,7.56892171730837,11.23971129811485,6.60325588852806
2023-05-03,7.75,7.75,7.5684648181291,11.240223203341387,9.16506135877256
2023-05-04,7.75,7.75,7.5684648181291,11.234355614343338,9.320526196685478
2023-05-05,7.75,7.75,7.5684648181291,11.239967757063685,9.319399866879193
2023-05-08,7.75,7.75,7.5684648181291,11.23861793519483,9.29260785829461
2023-05-09,7.75,7.75,7.5684648181291,11.235909547409701,9.213278878419104
2023-05-10,7.75,7.75,7.5684648181291,11.22830549331579,9.199608946964412
2023-05-11,7.75,7.75,7.5684648181291,11.22236577941028,9.10667721290885
2023-05-12,7.75,7.75,7.56824795978003,11.228132601752117,8.979672216890645
2023-05-15,7.75,7.75,7.56936288927994,11.219771003204366,8.839606067121899
2023-05-16,7.75,7.75,7.56293132879306,11.225583198510652,8.607395774217014
2023-05-17,7.75,7.75,7.56716317791652,11.229642456468072,8.186300974775131
2023-05-18,7.75,7.75,7.57202618104241,11.231798534175928,8.003414447439912
2023-05-19,7.75,7.75,7.57202618104241,11.237837337818371,7.814324183458181
2023-05-22,7.75,7.75,7.57202618104241,11.25224686411623,7.465406866715874
2023-05-23,7.75,7.75,7.57202618104241,11.261219794943322,7.70923954018073
2023-05-24,7.76,7.75,7.57202618104241,11.265697080433286,7.10864358965438
2023-05-25,7.77,7.75,7.57671145502423,11.265103380699719,7.201370979689096
2023-05-26,7.75,7.75,7.57286961143313,11.261396957912538,7.029026976060919
2023-05-29,7.75,7.75,7.57286961143313,11.28153472061298,6.756414008190377
2023-05-30,7.75,7.75,7.57286961143313,11.274415171358976,6.826760266246706
2023-05-31,7.75,7.75,7.57286961143313,11.280392405879383,6.76757314040942
2023-06-01,7.75,7.75,7.57286961143313,11.282193540738314,6.394937712331212
2023-06-02,7.73,7.75,7.57478824402386,11.27767292640177,9.355624418753546
2023-06-05,7.54,7.75,7.57478824402386,11.273175733054497,9.356557585909714
2023-06-06,7.75,7.75,7.57478824402386,11.271125429882037,9.34878145449992
2023-06-07,7.75,7.75,7.57478824402386,11.270530079767331,9.198844693213621
2023-06-08,7.75,7.75,7.57478824402386,11.265682991633842,9.080827889560767
2023-06-09,7.75,7.75,7.57478824402386,11.260340569364905,8.937406164691051
2023-06-12,7.74,7.75,7.57478824402386,11.201389165327168,8.681496388053443
2023-06-13,7.75,7.75,7.56764375459617,11.199307998180942,8.644791945465279
2023-06-14,7.75,7.75,7.56242944847135,11.194655203941602,8.595936637566945
2023-06-15,7.75,7.75,7.55606712193997,11.191509805667884,8.616647117085824
2023-06-16,7.67,7.75,7.5497744674555,11.191243245700493,8.652646222496843
2023-06-19,7.75,7.75,7.54383812621999,11.19652536938734,8.39345543542726
2023-06-20,7.72,7.75,7.54132834806285,11.203002801037341,7.934644122645462
2023-06-21,7.75,7.75,7.53880275642297,11.208412729542657,7.46342246957767
2023-06-22,7.92,7.75,7.53880275642297,11.209107868446802,7.103334596542956
2023-06-23,7.75,7.75,7.53880275642297,11.214619859742205,7.286093056096056
2023-06-26,7.75,7.75,7.53880275642297,11.213765148406448,6.531635746622228
2023-06-27,7.75,7.75,7.53928983741643,11.212656407048101,6.910635838324572
2023-06-28,7.75,7.75,7.54160214806975,11.19963585996456,6.675914430362973
2023-06-29,7.76,7.75,7.5407072451275,11.19963585996456,7.024270155406631
2023-06-30,7.77,7.75,7.53981234218525,11.198269431416715,7.024270155406631
2023-07-03,7.81,7.75,7.53981234218525,11.2043984775692,7.496077279066804
2023-07-04,7.75,7.75,7.53981234218525,11.196795572888501,9.152351413471715
2023-07-05,7.75,7.75,7.53981234218525,11.195388368324299,9.465569005164904
2023-07-06,7.75,7.75,7.53981234218525,11.191255816213237,9.497912221422382
2023-07-07,7.75,7.75,7.53981234218525,11.185378278404162,9.478602657427416
2023-07-10,7.75,7.75,7.54295936617008,11.182914368675567,9.418367929648127
2023-07-11,7.75,7.75,7.54295936617008,11.166347674653199,9.30351215229227
2023-07-12,7.74,7.75,7.54295936617008,11.158888429120879,9.110300620116734
2023-07-13,7.75,7.75,7.53632313813288,11.150870846882997,8.932256948925094
2023-07-14,7.75,7.75,7.52997100609347,11.146380908348455,8.826588757413486
2023-07-17,7.75,7.75,7.5229507920835,11.14027340466266,8.639531603559634
2023-07-18,7.75,7.75,7.51887391418734,11.13951940068308,8.412574405930785
2023-07-19,7.75,7.75,7.51887391418734,11.144009127675925,8.562268367749889
2023-07-20,7.75,7.75,7.51887391418734,11.150179972344308,8.380988864378088
2023-07-21,7.75,7.75,7.51682138979782,11.16146063473526,8.282887504910951
2023-07-24,7.75,7.75,7.51391923853639,11.16462431006247,7.692846671778149
2023-07-25,7.76,7.75,7.51391923853639,11.154030184655152,7.121628811031804
2023-07-26,7.75,7.75,7.51391923853639,11.1481717119649,7.196594109915776
2023-07-27,7.75,7.75,7.51391923853639,11.142351600926682,7.2738113599931955
2023-07-28,7.75,7.75,7.51391923853639,11.142351600926682,6.695340803426001
2023-07-31,7.75,7.75,7.51391923853639,11.145487372709473,6.695340803426001
2023-08-01,7.75,7.75,7.51391923853639,11.14447130292747,7.0628491796795565
2023-08-02,7.75,7.75,7.51391923853639,11.140686996643602,9.498001326448732
2023-08-03,7.75,7.75,7.51391923853639,11.135287667736272,9.459675987215665
2023-08-04,7.75,7.75,7.51391923853639,11.127314569139628,9.405946902106896
2023-08-07,7.75,7.75,7.51391923853639,11.127808989095268,9.29237549886797
2023-08-08,7.75,7.75,7.51391923853639,11.129512515166077,9.187932277041408
2023-08-09,7.75,7.75,7.51391923853639,11.126631810055507,9.120424076611938
2023-08-10,7.75,7.75,7.51391923853639,11.121199531669243,9.058445622625033
2023-08-11,7.75,7.75,7.51391923853639,11.047890573839805,8.951758038083533
2023-08-14,7.75,7.75,7.50686204345366,11.051349500004761,8.865882502180014
2023-08-15,7.75,7.75,7.50441626649042,11.056370318774183,8.743977307486219
2023-08-16,7.75,7.75,7.50154175088598,11.06089110697947,8.694644042602123
2023-08-17,7.75,7.75,7.49478007451073,11.060641029324575,8.501054890987234
2023-08-18,7.75,7.75,7.5,11.073132852412414,8.423622281467816
2023-08-21,7.75,7.75,7.48190658489594,11.08549292256246,8.013343181386672
2023-08-22,7.75,7.75,7.4806256348247,11.100405234986203,8.209597772841894
2023-08-23,7.75,7.75,7.4806256348247,11.105470645490502,7.7328081922754395
2023-08-24,7.75,7.75,7.47699880402135,11.102461576086851,7.308141314028478
2023-08-25,7.75,7.75,7.47514139657281,11.10000282892484,7.222115495687628
2023-08-28,7.75,7.75,7.47312591460032,11.095481717447665,7.061949486313488
2023-08-29,7.75,7.75,7.46877692395523,11.090110381027657,7.34641883938064
2023-08-30,7.75,7.75,7.46655235574293,11.090110381027657,7.173248677069782
2023-08-31,7.75,7.75,7.46432778753063,11.090125587667016,7.173248677069782
2023-09-01,7.75,7.75,7.46314550531759,11.092478772876943,6.470717979174732
2023-09-04,7.75,7.75,7.46314550531759,11.091366744337723,9.516092452150206
2023-09-05,7.75,7.75,7.46314550531759,11.083464709493317,9.389159140876947
2023-09-06,7.75,7.75,7.46314550531759,11.080160132817964,9.3049450054958
2023-09-07,7.75,7.75,7.46314550531759,11.080416884146503,9.259817534255983
2023-09-08,7.75,7.75,7.45921776641727,11.080205746378887,9.215062407176873
2023-09-11,7.75,7.75,7.45921776641727,11.068386339065441,9.131340860999211
2023-09-12,7.75,7.75,7.45287150995258,11.06247657135972,8.964005171697558
2023-09-13,7.75,7.75,7.42336693491947,11.05929670913316,8.877747749069167
2023-09-14,7.75,7.75,7.4027489608761,11.053187815436665,8.674492895889951
2023-09-15,7.5,7.5,7.3693192884117,11.054799491748806,8.402249540709212
2023-09-18,7.5,7.5,7.35288425482362,11.066576428096111,8.031263111225968
2023-09-19,7.5,7.5,7.31601236911953,11.074576015839144,7.96305518772066
2023-09-20,7.5,7.5,7.30757199931533,11.079828310572532,7.9913646014383755
2023-09-21,7.5,7.5,7.28665970209372,11.093115452543387,7.7540703947640095
2023-09-22,7.5,7.5,7.27561552663241,11.096604393327711,7.471894051162603
2023-09-25,7.5,7.5,7.24773716802548,11.101166044563067,7.304824614607422
2023-09-26,7.5,7.5,7.23906973948884,11.09664640568282,7.566809766762173
2023-09-27,7.5,7.5,7.23607485597201,11.089611877933597,7.521048388161435
2023-09-28,7.5,7.5,7.23316075369047,11.0869332668302,7.086242597461802
2023-09-29,7.5,7.5,7.23136944887677,11.078666644191959,7.3909234368575785
2023-10-02,7.5,7.5,7.23136944887677,11.079255327929197,7.180366557226374
2023-10-03,7.5,7.5,7.20622616950503,11.071994048921642,9.534716009117057
2023-10-04,7.5,7.5,7.20622616950503,11.066328627231966,9.454784338401785
2023-10-05,7.5,7.5,7.20622616950503,11.063724100665219,9.359910494372329
2023-10-06,7.25,7.25,7.20622616950503,11.056682966197931,9.223248187435402
2023-10-09,7.25,7.25,7.20622616950503,11.0594423895097,9.251910937024237
2023-10-10,7.25,7.25,7.20622616950503,11.059853940185466,9.21688042949441
2023-10-11,7.25,7.25,7.20622616950503,11.053747211851315,9.05790538913493
2023-10-12,7.25,7.25,7.20622616950503,11.043594287834685,8.972165268915512
2023-10-13,7.26,7.25,7.20622616950503,11.03482085897715,8.747347198039838
2023-10-16,7.28,7.25,7.19370561323552,11.043771550056118,8.692420339108903
2023-10-17,7.25,7.25,7.16775206757933,11.00947864417147,8.957095925712773
2023-10-18,6.97,7.25,7.15815389528545,11.052069610046434,9.053870164323978
2023-10-19,7.25,7.25,7.13403557726922,11.056741691914915,8.56880639638504
2023-10-20,7.25,7.25,7.12373014139262,11.073325836103228,8.378405060802955
2023-10-23,7.25,7.25,7.11248413597672,11.07242283645898,7.9301244853563775
2023-10-24,7.25,7.25,7.10584282215436,11.084395182476985,7.718825758698859
2023-10-25,7.25,7.25,7.10383401647578,11.086994564557306,7.655627752495157
2023-10-26,7.25,7.25,7.1018622571144,11.075660418862212,7.616125201474384
2023-10-27,7.25,7.25,7.0989718687289,11.067051227093927,7.760429725243979
2023-10-30,7.25,7.25,7.09319827136905,11.058869345578213,7.4589244597224305
2023-10-31,7.25,7.25,7.09319827136905,11.051591700058996,7.53803099309371
2023-11-01,7.25,7.25,7.09319827136905,11.051591700058996,6.9948916528018374
2023-11-02,7.25,7.25,7.09319827136905,11.038247849826796,6.9948916528018374
2023-11-03,7.25,7.25,7.09319827136905,11.033871104608595,9.502666069825292
2023-11-06,7.25,7.25,7.09319827136905,11.028205853086455,9.371339071445483
2023-11-07,7.25,7.25,7.09319827136905,11.028112838225411,9.319660071624568
2023-11-08,7.2,7.25,7.09319827136905,11.021215311204067,9.229747739076165
2023-11-09,7.25,7.25,7.09319827136905,11.021841258352442,9.005009316103402
2023-11-10,7.0,7.0,7.09319827136905,11.01671745974057,9.02908010713544
2023-11-13,7.0,7.0,7.06653293855284,11.019680076234728,9.022796584039938
2023-11-14,7.1,7.0,7.06653293855284,11.014684431343287,8.933922644273808
2023-11-15,7.0,7.0,7.06130605463372,11.003835927738207,9.127816676007146
2023-11-16,7.0,7.0,7.02392622078655,11.002463415995745,8.951994396934115
2023-11-17,7.0,7.0,6.98647485267035,11.007575955408377,8.727967475246249
2023-11-20,7.0,7.0,6.97480543095018,11.010968875260241,8.23619788768696
2023-11-21,7.0,7.0,6.96321422426563,11.02549398235427,8.364511717991494
2023-11-22,6.99,7.0,6.9530303938114,11.033923855983623,8.136722175134866
2023-11-23,7.0,7.0,6.94822002793098,11.038965000488407,7.932351392899937
2023-11-24,7.0,7.0,6.94822002793098,11.038882826539849,7.646721666595269
2023-11-27,7.0,7.0,6.93426654730507,11.040108014843579,7.579339412274445
2023-11-28,7.0,7.0,6.92719442156611,11.036454821620573,7.5501353456131
2023-11-29,7.0,7.0,6.91790623168075,11.028342807619522,7.414953908605906
2023-11-30,7.0,7.0,6.91790623168075,11.017011456248206,7.134962306941175
2023-12-01,7.0,7.0,6.91790623168075,11.02696249985108,7.426728391616272
2023-12-04,7.0,7.0,6.91790623168075,11.024261765183681,9.217912414695304
2023-12-05,7.0,7.0,6.91790623168075,11.008037558381902,9.412092009623136
2023-12-06,7.0,7.0,6.91790623168075,11.005670269146174,9.28736410483881
2023-12-07,7.0,7.0,6.91790623168075,11.00458807445189,9.114180122067324
2023-12-08,7.0,7.0,6.91790623168075,11.00458807445189,9.001732558431085
2023-12-11,7.0,7.0,6.91790623168075,11.005674004452196,9.001732558431085
2023-12-12,7.0,7.0,6.91790623168075,11.001808717116566,9.049957940571867
2023-12-13,7.0,7.0,6.89557558130427,10.991529704648464,9.00435405669139
2023-12-14,7.0,7.0,6.87210751760038,10.97509274008948,8.985101507071088
2023-12-15,6.75,6.75,6.82566363428519,10.970641989053295,8.98682788681425
2023-12-18,6.75,6.75,6.80205910942022,10.969175788732228,8.930955877761818
2023-12-19,6.75,6.75,6.74424204094274,10.976322211794688,8.876026056681669
2023-12-20,6.75,6.75,6.7290792337382,10.968760223353133,8.729733871435531
2023-12-21,6.75,6.75,6.7098618893335,10.973924951234004,8.457309139591265
2023-12-22,6.75,6.75,6.69845573053555,10.979717442328324,8.424663511976323
2023-12-25,6.75,6.75,6.69396936910345,10.979717442328324,7.733897605583353
2023-12-26,6.75,6.75,6.68948300767135,10.966217612716797,7.733897605583353
2023-12-27,6.75,6.75,6.68501426371864,10.950528740074423,7.863015760782475
2023-12-28,6.75,6.75,6.67774632628651,10.941477300154398,7.537371126199222
2023-12-29,6.75,6.75,6.67774632628651,10.915785999241203,7.406941880697701
2024-01-01,6.75,6.75,6.676614537653603,10.915785999241203,7.241868398115509
2024-01-02,6.75,6.75,6.675482749020697,10.915785999241203,7.241868398115509
2024-01-03,6.75,6.75,6.67435096038779,10.929673433903472,7.241868398115509
2024-01-04,6.75,6.75,6.67435096038779,10.90225824824857,9.42520709040231
2024-01-05,6.75,6.75,6.67435096038779,10.88330088136184,9.446513792667416
2024-01-08,6.75,6.75,6.67435096038779,10.881779554966815,9.428576735261666
2024-01-09,6.75,6.75,6.67435096038779,10.885212992267672,9.40887487821504
2024-01-10,6.75,6.75,6.65539101733372,10.879178067569825,9.311626732953629
2024-01-11,6.75,6.75,6.6413511714661,10.863921448441138,9.22392904274124
2024-01-12,6.5,6.5,6.63296453076825,10.84839957058405,8.986632911572626
2024-01-15,6.5,6.5,6.56308084943953,10.836007266523447,8.8547546851058
2024-01-16,6.5,6.5,6.53387047746335,10.843098698136808,8.73380954507046
2024-01-17,6.5,6.5,6.50620494129855,10.84299167839987,8.462122290263112
2024-01-18,6.5,6.5,6.50620494129855,10.855006118098613,8.490824121897303
2024-01-19,6.5,6.5,6.50620494129855,10.866245864392578,8.28138309389212
2024-01-22,6.5,6.5,6.49137285567307,10.886368858211814,8.274783097649488
2024-01-23,6.5,6.5,6.48679806901402,10.89279084385337,8.181011583624775
2024-01-24,6.5,6.5,6.48679806901402,10.910442064600334,7.557773545534327
2024-01-25,6.5,6.5,6.468337716355,10.920201727081725,7.902278500314882
2024-01-26,6.5,6.5,6.468337716355,10.890922051179047,7.884558428456187
2024-01-29,6.5,6.5,6.468337716355,10.878104884524761,7.681438673130771
2024-01-30,6.5,6.5,6.468337716355,10.871425125349155,7.123904864605701
2024-01-31,6.52,6.5,6.468337716355,10.864637645312847,7.076317802300222
2024-02-01,6.5,6.5,6.468337716355,10.86073888858304,7.067620871423416
2024-02-02,6.5,6.5,6.468337716355,10.857657695627676,9.505458576457873
2024-02-05,6.5,6.5,6.468337716355,10.856482985005094,9.369390528982347
2024-02-06,6.5,6.5,6.468337716355,10.85727090857405,9.32427619559099
2024-02-07,6.5,6.5,6.468337716355,10.840951048868726,9.15266006673072
2024-02-08,6.5,6.5,6.468337716355,10.845879107429003,9.180487619350236
2024-02-09,6.25,6.25,6.46028472042919,10.744063231960299,9.113363397328895
2024-02-12,6.25,6.25,6.4530072167082,10.768988758287243,8.984340550944559
2024-02-13,6.25,6.25,6.44592446725381,10.75963850435376,8.889577913678375
2024-02-14,6.25,6.25,6.40055250724958,10.749713484872398,8.650937043896066
2024-02-15,6.25,6.25,6.38388970477843,10.742149650817243,8.668118467668743
2024-02-16,6.25,6.25,6.36605615468405,10.746637258254918,8.340793287168866
2024-02-19,6.25,6.25,6.31170856550732,10.773460300253733,8.24985057222745
2024-02-20,6.25,6.25,6.30252604866708,10.796505547559105,8.314912050837638
2024-02-21,6.25,6.25,6.30252604866708,10.823606946486636,7.823010351566301
2024-02-22,6.25,6.25,6.28014587050719,10.827535691236251,7.993453285821158
2024-02-23,6.25,6.25,6.28014587050719,10.838638581104176,7.630930361258679
2024-02-26,6.25,6.25,6.28014587050719,10.837609428881068,7.394601055940614
2024-02-27,6.25,6.25,6.28014587050719,10.83153524202792,7.454441772377759
2024-02-28,6.25,6.25,6.26056961981787,10.835033544000968,7.9654650534335065
2024-02-29,6.25,6.25,6.26056961981787,10.847465525972673,7.312366911223367
2024-03-01,6.25,6.25,6.26056961981787,10.841454435863525,6.834454467202202
2024-03-04,6.25,6.25,6.26056961981787,10.84368743545284,9.331220622928747
2024-03-05,6.25,6.25,6.26056961981787,10.832940773417368,9.328061067564132
2024-03-06,6.25,6.25,6.26056961981787,10.827307449615672,9.313754710553956
2024-03-07,6.25,6.25,6.26056961981787,10.823710227028322,9.268692023565503
2024-03-08,6.25,6.25,6.26056961981787,10.825314058113891,9.203335108647543
2024-03-11,6.25,6.25,6.2570357360109,10.820818918175897,9.049208449120998
2024-03-12,6.25,6.25,6.2089222988314,10.819401186794714,8.874313565662959
2024-03-13,6.25,6.25,6.19646327197271,10.816135792181147,8.885958651158628
2024-03-14,6.25,6.25,6.14733022517721,10.810382099965008,8.796342875358384
2024-03-15,6.25,6.25,6.14242702912077,10.812567699614826,8.692499895597177
2024-03-18,6.07,6.25,6.09892468198009,10.824198460598062,8.631841432175092
2024-03-19,6.25,6.25,6.08622273670415,10.826799519536822,8.523440205055193
2024-03-20,6.25,6.25,6.05183197390369,10.850265417124579,8.112589097895604
2024-03-21,6.25,6.25,6.02265723054748,10.875034597455077,8.173428864168176
2024-03-22,6.25,6.25,6.02265723054748,10.878539718054027,7.961746624768625
2024-03-25,6.25,6.25,6.02265723054748,10.898427863108216,7.9771910523667975
2024-03-26,6.25,6.25,5.98378833056262,10.90697715672105,7.840036832561231
2024-03-27,6.25,6.25,5.97343490397504,10.89209380323157,7.413073484563826
2024-03-28,6.25,6.25,5.97343490397504,10.89209380323157,7.271751110155754
2024-03-29,6.25,6.25,5.97343490397504,10.89209380323157,7.271751110155754
2024-04-01,6.25,6.25,5.97343490397504,10.900313693013794,7.271751110155754
2024-04-02,6.25,6.25,5.97343490397504,10.902084852185585,9.452671209732236
2024-04-03,6.25,6.25,5.97343490397504,10.903685732297966,9.363494145387037
2024-04-04,6.25,6.25,5.97343490397504,10.900970997422002,9.285956388867055
2024-04-05,6.25,6.25,5.97343490397504,10.904444534452889,9.234699231514274
2024-04-08,6.25,6.25,5.97343490397504,10.913068879004776,8.690247824875284
2024-04-09,6.25,6.25,5.97343490397504,10.922389271820519,8.39373700922023
2024-04-10,6.25,6.25,5.97343490397504,10.91800576584589,8.453484564547537
2024-04-11,6.25,6.25,5.97343490397504,10.921171458935888,8.409779865090286
2024-04-12,6.0,6.0,5.97343490397504,10.91472351191289,8.342968793556746
2024-04-15,6.0,6.0,5.97128824002193,10.921376041509916,8.365672976665207
2024-04-16,6.0,6.0,5.96706951137102,10.918174021236217,8.409555299362024
2024-04-17,6.0,6.0,5.96301436103651,10.923825015482896,8.413393275142813
2024-04-18,6.0,6.0,5.911426983896,10.929462969597557,8.437995442180256
2024-04-19,6.0,6.0,5.90525250279018,10.945102723562886,8.448072424044527
2024-04-22,6.0,6.0,5.85771616199389,10.954790486030953,8.186491088036679
2024-04-23,6.0,6.0,5.84914204043842,10.934126071349986,8.079635452918346
2024-04-24,6.0,6.0,5.82890845,10.934310452562633,7.824425651607622
2024-04-25,6.0,6.0,5.82890844990316,10.92662983096884,7.651610358919403
2024-04-26,6.0,6.0,5.82890844990316,10.919134018599575,7.85799145960635
2024-04-29,6.0,6.0,5.82890844990316,10.912611963979753,7.858578476369309
2024-04-30,6.0,6.0,5.82890844990316,10.90672148516935,7.101794593339787
2024-05-01,6.0,6.0,5.82890844990316,10.90672148516935,7.283191793764605
2024-05-02,6.0,6.0,5.82890844990316,10.901863130426207,7.283191793764605
2024-05-03,6.0,6.0,5.81717152447411,10.899118483688108,9.5039532973443
2024-05-06,6.0,6.0,5.81717152447411,10.891228623994872,9.342198517606157
2024-05-07,6.0,6.0,5.81717152447411,10.887835353592811,9.357731098421441
2024-05-08,6.0,6.0,5.81717152447411,10.864050165441908,9.284291460874442
2024-05-09,6.0,6.0,5.81717152447411,10.865455535404298,9.188561687487333
2024-05-10,5.75,5.75,5.80606555730233,10.858070295961392,8.888467865780106
2024-05-13,5.75,5.75,5.79495277880337,10.849248898982438,8.540240311482146
2024-05-14,5.75,5.75,5.78416368532715,10.838943320281773,8.371900349444712
2024-05-15,5.75,5.75,5.7361529084028,10.829554915329185,8.113204518537977
2024-05-16,5.75,5.75,5.73015710531373,10.828027668422138,8.224350314655766
2024-05-17,5.75,5.75,5.7267873360922,10.822820428185613,8.042060372289566
2024-05-20,5.75,5.75,5.72071450276167,10.833683386438992,8.006381884857754
2024-05-21,5.75,5.75,5.68239760692593,10.85179263181082,8.186453692919576
2024-05-22,5.75,5.75,5.67986082580231,10.858848162050768,8.14063565717654
2024-05-23,5.75,5.75,5.65528470562566,10.86073026630914,7.930979729309408
2024-05-24,5.75,5.75,5.65528470562566,10.863067259441308,8.129682729903958
2024-05-27,5.75,5.75,5.65528470562566,10.862251341573415,8.143672921237021
2024-05-28,5.75,5.75,5.62668527320139,10.851976667992917,7.865149957200716
2024-05-29,5.75,5.75,5.62543620046461,10.851818755430749,7.458112431537455
2024-05-30,5.75,5.75,5.62543620046461,10.856820433584454,7.372050108796863
2024-05-31,5.75,5.75,5.62543620046461,10.860550753971781,6.94043475396219
2024-06-03,5.75,5.75,5.62543620046461,10.863013868493514,7.292336977828044
2024-06-04,5.75,5.75,5.62543620046461,10.85880873830946,9.516793822824882
2024-06-05,5.75,5.75,5.62543620046461,10.849935659283325,9.460310754765027
2024-06-06,5.74,5.75,5.62543620046461,10.84107406167791,9.398558805284551
2024-06-07,5.745,5.75,5.62543620046461,10.84107406167791,9.190599306813075
2024-06-10,5.75,5.75,5.62543620046461,10.844942123690746,9.190599306813075
2024-06-11,5.75,5.75,5.62543620046461,10.846205487033147,9.057466269577452
2024-06-12,5.75,5.75,5.62543620046461,10.845028167088637,8.890303772050153
2024-06-13,5.72,5.75,5.62543620046461,10.845023644326336,8.924986128226278
2024-06-14,5.75,5.75,5.60316758556453,10.829992814460363,8.505471262856052
2024-06-17,5.75,5.75,5.59618315631078,10.8307635190954,8.39480550035893
2024-06-18,5.75,5.75,5.59136026328306,10.828674030933731,8.455158311984702
2024-06-19,5.75,5.75,5.56609466384401,10.825756266091394,8.129954834451658
2024-06-20,5.75,5.75,5.56282930101669,10.836272903752846,8.132195452123469
2024-06-21,5.75,5.75,5.55990355599557,10.850167553161368,8.217234454350585
2024-06-24,5.75,5.75,5.54662148092314,10.857225131071493,7.639356812298928
2024-06-25,5.75,5.75,5.54510605752625,10.865606553397576,7.997001510082861
2024-06-26,5.75,5.75,5.54510605752625,10.866876406636937,8.089845097972962
2024-06-27,5.75,5.75,5.54510605752625,10.837649601556269,8.187738743714359
2024-06-28,5.75,5.75,5.54510605752625,10.826357568573036,7.88563596750192
2024-07-01,5.75,5.75,5.54510605752625,10.738217618963803,7.528639126515769
2024-07-02,5.75,5.75,5.54510605752625,10.730883144697383,9.638364048056854
2024-07-03,5.75,5.75,5.54420702082011,10.717960495983471,9.56967299529355
2024-07-04,5.75,5.75,5.54308806563436,10.697399843632573,9.525763401983072
2024-07-05,5.75,5.75,5.54056240164225,10.701368895112857,9.309694219339496
2024-07-08,5.75,5.75,5.53472169502962,10.704373425061922,9.146976768250354
2024-07-09,5.75,5.75,5.53113595041859,10.6956735541548,9.009302505575032
2024-07-10,5.75,5.75,5.51937252399949,10.67848645271492,9.000132441076069
2024-07-11,5.75,5.75,5.51624588811576,10.666453349041943,8.99777410359802
2024-07-12,5.75,5.75,5.51370912131968,10.656859215761633,8.782484967254556
2024-07-15,5.75,5.75,5.51135522215429,10.656838948026621,8.424078368392793
2024-07-16,5.75,5.75,5.50166469330151,10.665001619157858,8.404563322971363
2024-07-17,5.75,5.75,5.50002116864739,10.674280826788673,8.455519858454947
2024-07-18,5.7,5.75,5.49916390482654,10.686438480277456,8.13715359566764
2024-07-19,5.75,5.75,5.49776426338141,10.702233215668377,8.442281454735566
2024-07-22,5.74,5.75,5.49635671571972,10.718575611190788,7.994294643936162
2024-07-23,5.665,5.75,5.49504931274962,10.718575611190788,8.005476032040452
2024-07-24,5.59,5.75,5.49374190977952,10.72304772776602,8.005476032040452
2024-07-25,5.75,5.75,5.49374190977952,10.67609286279735,8.03220931073232
2024-07-26,5.75,5.75,5.49374190977952,10.67609286279735,7.3601686685172165
2024-07-29,5.75,5.75,5.49374190977952,10.67609286279735,7.3601686685172165
2024-07-30,5.75,5.75,5.49374190977952,10.709420034319674,7.3601686685172165
2024-07-31,5.75,5.75,5.49374190977952,10.708089904785787,8.848768600506546
2024-08-01,5.75,5.75,5.49374190977952,10.71605623573004,7.586788759531109
2024-08-02,5.75,5.75,5.49374190977952,10.692813098423258,9.468310787384333
2024-08-05,5.75,5.75,5.49374190977952,10.674836577887923,9.369415769370095
2024-08-06,5.75,5.75,5.49307653123829,10.674836577887923,9.278506819584173
2024-08-07,5.75,5.75,5.49241115269706,10.680209993506848,9.278506819584173
2024-08-08,5.75,5.75,5.48935272857555,10.676255105897946,9.06810917152162
2024-08-09,5.5,5.5,5.48308832306713,10.54394070410349,8.675392138659134
2024-08-12,5.5,5.5,5.47683378999561,10.706749889369885,8.449772345285403
2024-08-13,5.5,5.5,5.46468168660272,10.706663944731567,8.621742161463988
2024-08-14,5.5,5.5,5.44938849791519,10.698515426883523,8.421623335279532
2024-08-15,5.5,5.5,5.44168250565537,10.703277803211522,8.449750602080686
2024-08-16,5.5,5.5,5.43777359196711,10.69674413868725,8.316043250795579
2024-08-19,5.5,5.5,5.42953354813607,10.718059528354647,8.358520173306596
2024-08-20,5.5,5.5,5.41812995246392,10.741803610626883,8.20845558425628
2024-08-21,5.5,5.5,5.4103905295359,10.747473786968976,8.046611694715661
2024-08-22,5.37,5.5,5.40252143883147,10.753829521112356,7.909632541204225
2024-08-23,5.5,5.5,5.38733503758306,10.76234186080746,7.620496234196734
2024-08-26,5.5,5.5,5.38235416294481,10.783069066535175,7.517889479363057
2024-08-27,5.5,5.5,5.38235416294481,10.782267293838286,7.7568554508540934
2024-08-28,5.44,5.5,5.36995860520239,10.772364520433852,7.725156516942711
2024-08-29,5.5,5.5,5.36995860520239,10.768462529255544,7.833448452600085
2024-08-30,5.5,5.5,5.36995860520239,10.768462529255544,7.657630888482328
2024-09-02,5.5,5.5,5.36995860520239,10.77526086811688,7.657630888482328
2024-09-03,5.5,5.5,5.36591741332996,10.772692843255744,9.475653858726828
2024-09-04,5.5,5.5,5.36181200183334,10.766387331437446,9.43838887587305
2024-09-05,5.5,5.5,5.35579998178129,10.761094251361058,9.397031407858083
2024-09-06,5.49,5.5,5.35425753874564,10.765837061032528,9.286985792891896
2024-09-09,5.48,5.5,5.3499058683671,10.774687053162202,9.178044860189459
2024-09-10,5.4,5.5,5.34414226207429,10.76788676757494,8.984585331598309
2024-09-11,5.5,5.5,5.32257770312649,10.763236581876583,8.739963980240741
2024-09-12,5.35,5.5,5.31628427167977,10.757978828255553,8.683117395501297
2024-09-13,5.25,5.25,5.27338743832391,10.747191073538811,8.481949286221553
2024-09-16,5.25,5.25,5.24775384901032,10.758386236422098,8.398183225626312
2024-09-17,5.25,5.25,5.24051189001079,10.755379358948941,8.37422207455145
2024-09-18,5.25,5.25,5.19645744198844,10.761963563159853,8.230818143441043
2024-09-19,5.25,5.25,5.1742893958407,10.760240069159043,8.252016958613165
2024-09-20,5.25,5.25,5.16109983994006,10.762668003688976,8.2192814172858
2024-09-23,5.25,5.25,5.15684870896306,10.785542783582825,8.282963762029913
2024-09-24,5.25,5.25,5.14549100731175,10.797577509265276,8.123217387409431
2024-09-25,5.25,5.25,5.13995794948404,10.7868579995743,7.675973552262328
2024-09-26,5.25,5.25,5.12745799932763,10.78684438653186,8.170355098958611
2024-09-27,5.25,5.25,5.12745799932763,10.76299257484342,8.080204510375001
2024-09-30,5.25,5.25,5.12745799932763,10.801863682709795,8.117707359067198
2024-10-01,5.25,5.25,5.12659042429446,10.798682329251589,7.567372748531987
2024-10-02,5.25,5.25,5.12554526574993,10.78900902185419,9.441796959333779
2024-10-03,5.25,5.25,5.12554526574993,10.778121503307228,9.32463470422464
2024-10-04,5.25,5.25,5.12283024516046,10.783087214565452,9.313780469114416
2024-10-07,5.25,5.25,5.12283024516046,10.766152144416724,9.026880125619272
2024-10-08,5.25,5.25,5.12042482836389,10.766152144416724,9.26925527664285
2024-10-09,5.25,5.25,5.11801941156732,10.778073996627938,9.26925527664285
2024-10-10,5.25,5.25,5.11179604710648,10.785443159054703,8.819769046944954
2024-10-11,5.25,5.25,5.09224743735886,10.731097221555272,8.823573377176372
2024-10-14,5.25,5.25,5.08725823140137,10.723205659573424,8.731503674485017
2024-10-15,5.25,5.25,5.06511279407013,10.764519044696018,8.805987850557848
2024-10-16,5.25,5.25,5.05637858092467,10.76293340875109,8.686633863053311
2024-10-17,5.25,5.25,5.03904601953294,10.769334037344654,8.435060258576163
2024-10-18,5.25,5.25,5.03502211028691,10.760585905619854,8.410094848773658
2024-10-21,5.25,5.25,5.01558285753098,10.791825758849834,8.13524302172504
2024-10-22,5.25,5.25,5.01351778764287,10.80143590967912,8.193243498558642
2024-10-23,5.25,5.25,5.01283431248498,10.797935018989048,8.232033316037581
2024-10-24,5.25,5.25,4.99691237234877,10.803210926428012,8.265425771066772
2024-10-25,5.25,5.25,4.99691237234877,10.78303696310636,8.298950822287193
2024-10-28,5.2,5.25,4.99518372443143,10.767936969985284,8.431052061520829
2024-10-29,5.25,5.25,4.99100004132894,10.747452611695351,7.969554937587587
2024-10-30,5.25,5.25,4.98639798830408,10.738996667905777,7.423558376638339
2024-10-31,5.25,5.25,4.98639798830408,10.713294773490805,7.567980690651758
2024-11-01,5.25,5.25,4.985924685172375,10.713294773490805,7.573941051715482
2024-11-04,5.25,5.25,4.98545138204067,10.719064113218623,7.573941051715482
2024-11-05,5.25,5.25,4.9834997618824,10.716868212710361,9.573154326767124
2024-11-06,5.25,5.25,4.98307847185436,10.709324113290881,9.504518089812057
2024-11-07,5.25,5.25,4.98242710102746,10.687201235464075,9.416107991428493
2024-11-08,5.0,5.0,4.97317799498903,10.667094695788945,9.34811454756261
2024-11-11,5.0,5.0,4.94845105765538,10.67655125179173,9.210448689269652
2024-11-12,5.0,5.0,4.94233261378251,10.655694448120114,9.20155023625199
2024-11-13,5.0,5.0,4.93818196508554,10.635147809236937,9.031182067780415
2024-11-14,5.0,5.0,4.91739737936128,10.636530434404403,8.898010935467132
2024-11-15,5.0,5.0,4.89688963593283,10.630638942879097,8.911479429603352
2024-11-18,5.0,5.0,4.89106273866063,10.63814074344863,8.893579818551938
2024-11-19,5.0,5.0,4.87050073219115,10.655081963421114,8.545200946621526
2024-11-20,5.0,5.0,4.86601421283204,10.658700863141524,8.252057075953747
2024-11-21,5.0,5.0,4.8636745740926,10.681916125694428,8.019977280687463
2024-11-22,5.0,5.0,4.85689747316213,10.682684257721661,8.183122097811253
2024-11-25,5.0,5.0,4.85689747316213,10.693350734022705,7.965104703641875
2024-11-26,5.0,5.0,4.8558634654121,10.705310733792828,8.259670102063374
2024-11-27,5.0,5.0,4.85514480784265,10.702275536318645,8.216929524188577
2024-11-28,5.0,5.0,4.85514480784265,10.697889556118609,8.084084462997954
2024-11-29,5.0,5.0,4.85022836081099,10.686417236247747,7.987524893462812
2024-12-02,5.0,5.0,4.85022836081099,10.696455553814864,7.5043996325041995
2024-12-03,5.0,5.0,4.84960352859456,10.683157594555253,9.585163551387547
2024-12-04,5.0,5.0,4.84912380099711,10.672179718506476,9.460365104906787
2024-12-05,5.0,5.0,4.84912380099711,10.663721607240667,9.411152933643848
2024-12-06,5.0,5.0,4.84912380099711,10.6472866890261,9.327681049585337
2024-12-09,5.0,5.0,4.84759193207217,10.6472866890261,9.179165164593785
2024-12-10,5.0,5.0,4.84606006314723,10.651657947681455,9.179165164593785
2024-12-11,5.0,5.0,4.84532625528947,10.638579286003113,9.129740656570888
2024-12-12,5.0,5.0,4.84532625528947,10.626472256175093,9.072012012881896
2024-12-13,5.0,5.0,4.84532625528947,10.60448182356427,9.040986347558999
2024-12-16,5.0,5.0,4.81271534148787,10.571931568633337,8.981408557728008
2024-12-17,5.0,5.0,4.80516235756411,10.548151612999035,8.782474330309375
2024-12-18,4.29,5.0,4.77900394059392,10.563091717064754,8.666592381943207
2024-12-19,5.0,5.0,4.777594555489,10.563648416630704,8.340246100403993
2024-12-20,5.0,5.0,4.77554285394117,10.57209935430652,7.652087388994616
2024-12-23,5.0,5.0,4.76921288908405,10.599003118099107,7.477788926204849
2024-12-24,5.0,5.0,4.76724621485461,10.594707262973433,7.816311733380912
2024-12-25,5.0,5.0,4.766399050860199,10.594707262973433,8.169189963171384
2024-12-26,5.0,5.0,4.76555188686579,10.593851093895129,8.169189963171384
2024-12-27,5.0,5.0,4.75984609671527,10.580608748223986,7.805317254909981
2024-12-30,4.94,5.0,4.75984609671527,10.565734919639736,7.322904559714629
2024-12-31,4.96,5.0,4.75984609671527,10.565734919639736,7.282069035077276
2025-01-01,4.98,5.0,4.75984609671527,10.565734919639736,7.282069035077276
2025-01-02,5.0,5.0,4.75984609671527,10.544950430251784,7.282069035077276
2025-01-03,5.0,5.0,4.7553972792312,10.527603136492528,9.679118460721348
2025-01-06,5.0,5.0,4.7553972792312,10.51709191686582,9.467292890697589
2025-01-07,5.0,5.0,4.75376167584762,10.509723895921601,9.345271042401986
2025-01-08,5.0,5.0,4.7517889613147,10.497947483144241,9.18723307583296
2025-01-09,5.0,5.0,4.75045276374215,10.511923702554546,9.078217088998066
2025-01-10,4.75,4.75,4.74855713171527,10.497685533781018,8.930773608787169
2025-01-13,4.75,4.75,4.74609680376855,10.49001327111531,8.75444907819618
2025-01-14,4.75,4.75,4.7387408613587,10.474730459529582,8.793388192627067
2025-01-15,4.75,4.75,4.71690636566249,10.474252586533765,8.507580178749272
2025-01-16,4.74,4.75,4.71670921364036,10.472075514892731,8.420922185372984
2025-01-17,4.74,4.75,4.71670921364036,10.479313972954023,8.160685186853781
2025-01-20,4.75,4.75,4.71246154025269,10.460359878736957,8.14765616206126
2025-01-21,4.75,4.75,4.711292510873,10.52542968240598,8.669828748187452
2025-01-22,4.75,4.75,4.71003758785183,10.5539586856173,8.304931394402105
2025-01-23,4.75,4.75,4.70890742689808,10.559040853303436,8.164800867594805
2025-01-24,4.75,4.75,4.70890742689808,10.551431297100677,8.026926574688416
2025-01-27,4.75,4.75,4.70890742689808,10.553572309500623,7.966127874535311
2025-01-28,4.75,4.75,4.702008962526,10.564177139534362,7.9078241731040855
2025-01-29,4.75,4.75,4.70142388311132,10.558000487022111,7.790767753805255
2025-01-30,4.54,4.75,4.70086869199553,10.555398043296147,7.936620325583059
2025-01-31,4.75,4.75,4.70086869199553,10.548818807571157,6.889391660014657
2025-02-03,4.75,4.75,4.70086869199553,10.553715130154053,7.138956170334806
2025-02-04,4.75,4.75,4.70021636874608,10.54575274222111,9.51422523850423
2025-02-05,4.75,4.75,4.69865659561105,10.54936363062352,9.32462303498833
2025-02-06,4.75,4.75,4.69750811882134,10.54570995731641,9.275986320270194
2025-02-07,4.75,4.75,4.69603184118791,10.547283889272213,9.144419229420645
2025-02-10,4.75,4.75,4.68894753468668,10.590551099358581,8.905190798347657
2025-02-11,4.75,4.75,4.68573250188597,10.43076755484428,8.889671806424547
2025-02-12,4.75,4.75,4.68147369005777,10.421320098167904,8.791675312899834
2025-02-13,4.75,4.75,4.67224202910595,10.44535078927291,8.986092439769077
2025-02-14,4.75,4.75,4.65669241020341,10.43005512524832,8.838556833808592
2025-02-17,4.75,4.75,4.6482630770095,10.454942400134883,8.809270164766476
2025-02-18,4.75,4.75,4.64596725945807,10.455814317780613,8.822031051394351
2025-02-19,4.75,4.75,4.64468356794437,10.462058508196076,8.64700215009318
2025-02-20,4.75,4.75,4.63651639762347,10.468082882606174,8.481791689740547
2025-02-21,4.75,4.75,4.63116949985464,10.495279810761268,8.398731286015174
2025-02-24,4.75,4.75,4.63016953478191,10.514362977981843,8.054641807420237
2025-02-25,4.75,4.75,4.62975068429374,10.521699559570076,8.39683723912251
2025-02-26,4.75,4.75,4.62853573565603,10.524663618295065,7.955515505568561
2025-02-27,4.75,4.75,4.62853573565603,10.520417004501057,7.919433422594518
2025-02-28,4.82,4.75,4.62853573565603,10.52638762302252,7.728512468969314
2025-03-03,4.75,4.75,4.62853573565603,10.551056918037542,8.134696387331548
2025-03-04,4.75,4.75,4.62800213327435,10.545050172025816,9.48484661332161
2025-03-05,4.75,4.75,4.62704605285387,10.543886654094718,9.417966907771449
2025-03-06,4.75,4.75,4.62704605285387,10.54511263428505,9.40946878772343
2025-03-07,4.75,4.75,4.62704605285387,10.535771628459324,9.356508646699597
2025-03-10,4.75,4.75,4.62704605285387,10.542529826376239,9.305083116734233
2025-03-11,4.75,4.75,4.62668125018425,10.536150740510275,9.22749690658733
2025-03-12,4.75,4.75,4.62648891622534,10.526858047266009,9.205189668495189
2025-03-13,4.75,4.75,4.62648891622534,10.509612995658138,9.177296642916831
2025-03-14,4.75,4.75,4.61910252029694,10.501396332326397,9.117070748914323
2025-03-17,4.75,4.75,4.61817710100075,10.48514796347348,8.794063999425715
2025-03-18,4.75,4.75,4.615992496808,10.467566625378423,8.508921287253587
2025-03-19,4.75,4.75,4.60819912569434,10.478773109614654,8.219883811178866
2025-03-20,4.75,4.75,4.60697512549098,10.49045250955433,8.038324701658306
2025-03-21,4.75,4.75,4.60620053074775,10.499357971662505,8.111946903649155
2025-03-24,4.75,4.75,4.60552017953031,10.529629969567956,7.632933935660626
2025-03-25,4.75,4.75,4.60526896833877,10.546573610330027,8.155360602374657
2025-03-26,4.75,4.75,4.60121195267554,10.553011574115425,7.873285599333775
2025-03-27,4.75,4.75,4.60121195267554,10.557533010687813,7.751299401916868
2025-03-28,4.75,4.75,4.60121195267554,10.556870805010952,7.340310919023102
2025-03-31,4.75,4.75,4.60121195267554,10.572255651331451,7.692879529757644
2025-04-01,4.75,4.75,4.60057960008676,10.587594760013001,7.505286459367475
2025-04-02,4.75,4.75,4.60032733461928,10.588605097591914,9.526414164560554
2025-04-03,4.75,4.75,4.60032733461928,10.600083937762301,9.508265240581016
2025-04-04,4.75,4.75,4.59457552071847,10.605768498643588,9.4794759122386
2025-04-07,4.75,4.75,4.59206240305725,10.635234639693884,9.462022612190097
2025-04-08,4.75,4.75,4.58764136366764,10.64740886799388,9.126352521788297
2025-04-09,4.8,4.75,4.5806352734073,10.698139346232836,9.066522428639432
2025-04-10,4.75,4.75,4.57789317595592,10.69478963008977,9.12761820187693
2025-04-11,4.75,4.75,4.57789317595592,10.682793156481681,8.949152520777472
2025-04-14,4.7,4.75,4.57359988093198,10.680556412572374,8.922490682552128
2025-04-15,4.75,4.75,4.57317757122468,10.672239444039993,8.506332367486799
2025-04-16,4.75,4.75,4.57309324151982,10.656688675656662,7.995636372879723
2025-04-17,4.75,4.75,4.572696864114797,10.656688675656662,7.968250812570686
2025-04-18,4.75,4.75,4.572300486709773,10.656688675656662,7.968250812570686
2025-04-21,4.75,4.75,4.57190410930475,10.65246978639422,7.968250812570686
2025-04-22,4.75,4.75,4.57182337436261,10.683927784206281,8.4556921980085
2025-04-23,4.75,4.75,4.56365570468723,10.702451444850185,7.7884817570572284
2025-04-24,4.75,4.75,4.56245081705804,10.721390454317763,7.742826983568376
2025-04-25,4.75,4.75,4.56245081705804,10.721275484430274,7.714207771861654
2025-04-28,4.75,4.75,4.56245081705804,10.731868863944657,7.8945960300935685
2025-04-29,4.75,4.75,4.56229278893384,10.723438555471503,8.072902300583742
2025-04-30,4.75,4.75,4.5591717206402,10.707486495529736,7.4772083308187876
2025-05-01,4.75,4.75,4.5591717206402,10.707486495529736,8.05224662362756
2025-05-02,4.75,4.75,4.5591717206402,10.699582222813637,8.05224662362756
2025-05-05,4.75,4.75,4.5591717206402,10.700269035262995,9.532749174280667
2025-05-06,4.76,4.75,4.55903160519885,10.697266747810719,9.45995413172548
2025-05-07,4.75,4.75,4.5589045950781,10.691199754831343,9.478266187355068
2025-05-08,4.75,4.75,4.54949865310415,10.69352200904298,9.391556439940803
2025-05-09,4.5,4.5,4.54489796449642,10.68954285074493,9.345483140414835
2025-05-12,4.5,4.5,4.54057293178681,10.688832487800918,9.139977276723055
2025-05-13,4.5,4.5,4.53318274123575,10.679647767280635,9.064946956421542
2025-05-14,4.5,4.5,4.52570668646989,10.666229739802922,8.796692562612414
2025-05-15,4.5,4.5,4.52052859060754,10.661478130586627,8.602726095652955
2025-05-16,4.5,4.5,4.51340435144026,10.6609625160017,8.476292437861238
2025-05-19,4.5,4.5,4.50419571625596,10.68681845966617,8.404795987283194
2025-05-20,4.5,4.5,4.49597036818947,10.691043772709374,8.160775495223609
2025-05-21,4.5,4.5,4.47798659484926,10.696615519250008,8.13450921420223
2025-05-22,4.5,4.5,4.4732771224026,10.707239035550266,8.256784463159832
2025-05-23,4.5,4.5,4.4732771224026,10.696454258572546,8.196917982956101
2025-05-26,4.5,4.5,4.47045245105469,10.714912227633958,7.768551127891868
2025-05-27,4.5,4.5,4.46742855425607,10.71736493592816,8.030349883431425
2025-05-28,4.5,4.5,4.46553680324557,10.714895109290888,7.6779083569823365
2025-05-29,4.5,4.5,4.46553680324557,10.713623661480499,8.134111327578466
2025-05-30,4.5,4.5,4.46553680324557,10.707990770246713,7.887830137331002
2025-06-02,4.5,4.5,4.46553680324557,10.711357804927435,7.287306512420051
2025-06-03,4.5,4.5,4.45242578649149,10.707864350409645,9.552875808315273
2025-06-04,4.5,4.5,4.45219436346536,10.701140272662682,9.488943138655452
2025-06-05,4.5,4.5,4.45219436346536,10.695628990305908,9.438768837346808
2025-06-06,4.5,4.5,4.45219436346536,10.68624354195135,9.381351074361639
2025-06-09,4.5,4.5,4.44864945034813,10.694537676589752,9.309674474612898
2025-06-10,4.5,4.5,4.44314770440329,10.685251322576413,9.199416888563505
2025-06-11,4.5,4.5,4.44281355878811,10.778773834134114,9.101923771232718
2025-06-12,4.5,4.5,4.44086958739,10.778858544648534,8.97752169235881
2025-06-13,4.5,4.5,4.44086958739,10.763054001786,8.877939166604332
2025-06-16,4.5,4.5,4.44086958739,10.76170488569223,8.66892979312371
2025-06-17,4.5,4.5,4.42370504317415,10.716669469401179,8.708029315519608
2025-06-18,4.5,4.5,4.4197511857243,10.716994453286016,8.69670917513971
2025-06-19,4.5,4.5,4.40344160765124,10.714133583591234,8.64653704541174
2025-06-20,4.5,4.5,4.39941641791614,10.71638147585277,8.454037890455599
2025-06-23,4.5,4.5,4.39058805386776,10.724460713995548,8.302980576648338
2025-06-24,4.5,4.5,4.38710753342956,10.722908111498793,8.011250998876326
2025-06-25,4.5,4.5,4.37668550583771,10.736843030843112,7.733234244156423
2025-06-26,4.5,4.5,4.37456444977741,10.725917609115928,7.87147011638854
2025-06-27,4.5,4.5,4.37456444977741,10.715327514492282,7.828553309204365
2025-06-30,4.63,4.5,4.37456444977741,10.706633081919103,7.5562131918921045
2025-07-01,4.5,4.5,4.37422031168958,10.700262129268177,7.665125242098848
2025-07-02,4.5,4.5,4.3738636023547,10.692831604461402,9.559481038896513
2025-07-03,4.5,4.5,4.3738636023547,10.678596921138295,9.470666489594295
2025-07-04,4.5,4.5,4.3738636023547,10.669730401261893,9.393766849268099
2025-07-07,4.5,4.5,4.36151229689192,10.687171538370377,9.168914683844603
2025-07-08,4.5,4.5,4.35716826100259,10.687336663677868,9.190776068913866
2025-07-09,4.5,4.5,4.35067718295903,10.676783135313283,9.079417619809718
2025-07-10,4.5,4.5,4.33546135168735,10.668971212128044,9.080278852817504
2025-07-11,4.5,4.5,4.33143298048043,10.663176116812231,9.038864262694563
2025-07-14,4.5,4.5,4.32623983399226,10.657966664151754,8.850536267054409
2025-07-15,4.5,4.5,4.30819403440337,10.655863133327456,8.784825187719116
2025-07-16,4.5,4.5,4.30588889891941,10.654057717584829,8.776020630071805
2025-07-17,4.5,4.5,4.29950564223857,10.649802423836519,8.72532967343223
2025-07-18,4.5,4.5,4.29950564223857,10.648626914112086,8.610615844507743
2025-07-21,4.5,4.5,4.28109211952729,10.654937271594637,8.60477872977501
2025-07-22,4.49,4.5,4.27666055468599,10.653802257178453,8.228388170888875
2025-07-23,4.495,4.5,4.2754855178181,10.653802257178453,8.001229939574932
2025-07-24,4.5,4.5,4.27431048095021,10.659787806302084,8.001229939574932
2025-07-25,4.5,4.5,4.26973955664035,10.646148407540004,7.736085540657246
2025-07-28,4.5,4.5,4.269709224942827,10.646148407540004,7.766036087350985
2025-07-29,4.5,4.5,4.269678893245303,10.646148407540004,7.766036087350985
2025-07-30,4.5,4.5,4.26964856154778,10.638182282013027,7.766036087350985
2025-07-31,4.5,4.5,4.26964856154778,10.642607347116833,7.838520741058395
2025-08-01,4.5,4.5,4.26964856154778,10.634508477106328,7.0849857103289215
2025-08-04,4.5,4.5,4.26964856154778,10.628281847254604,9.430382642484947
2025-08-05,4.5,4.5,4.26910464376384,10.622940752768885,9.346647793711165
2025-08-06,4.5,4.5,4.268049001743365,10.622940752768885,9.245238515267863
2025-08-07,4.5,4.5,4.26699335972289,10.61655214007148,9.245238515267863
2025-08-08,4.5,4.5,4.24262782110858,10.608793497276345,9.160047242302378
2025-08-11,4.5,4.5,4.2412568755235,10.482207083975645,9.111894856393912
2025-08-12,4.5,4.5,4.23268886427552,10.47964301710768,8.945216949973213
2025-08-13,4.5,4.5,4.2295438515008,10.466394794847043,9.168833091223862
2025-08-14,4.5,4.5,4.2202917112233,10.494926082911494,9.029604514539812
2025-08-15,4.5,4.5,4.2182547326011,10.478607873040687,8.735937375626603
2025-08-18,4.5,4.5,4.21411848754447,10.49325882180175,8.381061814894673
2025-08-19,4.5,4.5,4.20644671597401,10.492164198167885,8.474706934301858
2025-08-20,4.5,4.5,4.20425304149784,10.494669831873102,8.41112968126234
2025-08-21,4.5,4.5,4.20274436796383,10.512207165124662,8.269647666531295
2025-08-22,4.5,4.5,4.18611267147724,10.528377704258002,8.093712685269221
2025-08-25,4.5,4.5,4.18129528503107,10.53799879349548,8.059145596737697
2025-08-26,4.5,4.5,4.17876054343285,10.557300695689982,7.9939849523988595
2025-08-27,4.5,4.5,4.17670107220492,10.55957758888037,7.697660627201273
2025-08-28,4.5,4.5,4.17265152590416,10.549976281407544,7.79758325072489
2025-08-29,4.5,4.5,4.17265152590416,10.560778348456953,7.310165844481332
2025-09-01,4.5,4.5,4.17265152590416,10.570384925224014,7.6052280601578826
2025-09-02,4.5,4.5,4.17221135466214,10.559331432005974,9.538089000118307
2025-09-03,4.5,4.5,4.17193623866149,10.552851984641903,9.519984729771947
2025-09-04,4.5,4.5,4.17193623866149,10.541445053740313,9.403319050108186
2025-09-05,4.5,4.5,4.15141563672948,10.545726122452454,9.36227062699439
2025-09-08,4.5,4.5,4.15141563672948,10.559310927285466,9.152090711593129
2025-09-09,4.5,4.5,4.14072897119175,10.544828446271715,9.077536798936432
2025-09-10,4.5,4.5,4.1357874590264,10.531530901445686,8.945416146168949
2025-09-11,4.5,4.5,4.12971287359721,10.512795337142883,8.865468065894444
2025-09-12,4.25,4.25,4.12971287359721,10.496755269307243,8.73085307340548
2025-09-15,4.29,4.25,4.12971287359721,10.508331644125889,8.61297511753986
2025-09-16,4.25,4.25,4.10917474767716,10.515929600521517,8.737831911464667
2025-09-17,4.25,4.25,4.10876257785282,10.515024558178412,8.776501907565422
2025-09-18,4.25,4.25,4.10725973272049,10.520221948306585,8.73058544664333
2025-09-19,4.25,4.25,4.10725973272049,10.52557875609547,8.664771453350856
2025-09-22,4.25,4.25,4.10041135264364,10.555292499280288,8.526974946984163
2025-09-23,4.25,4.25,4.09764579292041,10.562806741494267,8.300471157997212
2025-09-24,4.25,4.25,4.08230347346205,10.564654552967903,8.05718914712631
2025-09-25,4.25,4.25,4.07949942162229,10.555934740266123,7.892839740268844
2025-09-26,4.25,4.25,4.07806960983265,10.518983395613535,7.598643836191628
2025-09-29,4.25,4.25,4.07674736794804,10.529824030714595,7.142247903103232
2025-09-30,4.25,4.25,4.071658417588,10.528170790884671,8.071839786790516
2025-10-01,4.25,4.25,4.07123335452661,10.51005893874746,7.001307927760494
2025-10-02,4.25,4.25,4.07123335452661,10.51053707978579,9.52571541936257
2025-10-03,4.25,4.25,4.07123335452661,10.502946207885463,9.485962600846628
2025-10-06,4.25,4.25,4.07123335452661,10.507870036233994,9.360221641705545
2025-10-07,4.25,4.25,4.07085214768944,10.489859317302585,9.323197445655296
2025-10-08,4.25,4.25,4.06760952009716,10.489859317302585,9.305762867874638
2025-10-09,4.25,4.25,4.06436689250488,10.508799716841274,9.305762867874638
2025-10-10,4.25,4.25,4.059463796625,10.490570356864001,9.188843831645144
2025-10-13,4.25,4.25,4.05311878446138,10.490886141902788,9.023225043490271
2025-10-14,4.25,4.25,4.04929011850067,10.486297346157173,8.78038859345165
2025-10-15,4.25,4.25,4.04377093046468,10.490605001807854,8.518817681671157
2025-10-16,4.25,4.25,4.04147995401499,10.48341207893097,8.445275058912213
2025-10-17,4.25,4.25,4.04147995401499,10.472401887082,8.498321852061475
2025-10-20,4.25,4.25,4.03912226526231,10.50548977700266,8.38931662787359
2025-10-21,4.25,4.25,4.0364026942856,10.51787888806106,8.3812499783811
2025-10-22,4.25,4.25,4.03255281485378,10.53231821839165,8.207690877531457
2025-10-23,4.25,4.25,4.03255281485378,10.539931404024488,8.045498966129195
2025-10-24,4.25,4.25,4.03255281485378,10.55694709672197,8.008979812279721
2025-10-27,4.25,4.25,4.03255281485378,10.565920697064143,8.053573160601932
2025-10-28,4.25,4.25,4.03249721047991,10.555417574570786,8.227617861710112
2025-10-29,4.25,4.25,4.03181208869303,10.544032613471904,8.033018104625848
2025-10-30,4.25,4.25,4.03181208869303,10.53988834747331,7.760297217993243
2025-10-31,4.25,4.25,4.03181208869303,10.536166290210199,7.5846293477815285
2025-11-03,4.25,4.25,4.03181208869303,10.539806311309874,7.291975554969717
2025-11-04,4.25,4.25,4.0203721104597,10.532731187396521,9.540264547621124
2025-11-05,4.25,4.25,4.02032119220563,10.518013381590938,9.544491461962476
2025-11-06,4.26,4.25,4.02032119220563,10.518745610266231,9.551495757200682
2025-11-07,4.25,4.25,4.02032119220563,10.503322958962075,9.480691464782481
2025-11-10,4.25,4.25,4.02032119220563,10.505919086437231,9.482095584742115
2025-11-11,4.25,4.25,4.01801102877501,10.493101192742875,9.21321950128084
2025-11-12,4.25,4.25,4.01633950055069,10.484539989846937,8.971525279871015
2025-11-13,4.25,4.25,4.01613802981138,10.474603640539494,8.874735061598399
2025-11-14,4.25,4.25,4.01613802981138,10.451557998589449,8.816181783670688
2025-11-17,4.25,4.25,4.01559832962929,10.441003901267733,8.59838969501918
2025-11-18,4.25,4.25,4.01584558600067,10.443994531744782,8.604552014653928
2025-11-19,4.25,4.25,4.00427185411554,10.457616894639713,8.51035916063116
2025-11-20,4.25,4.25,4.00427185411554,10.463351212997189,8.482392824977214
2025-11-21,4.25,4.25,4.00464806263783,10.4817021941885,8.407629750437502
2025-11-24,4.25,4.25,4.00501843229886,10.518403341291386,8.108064391830014
2025-11-25,4.25,4.25,4.00535579413459,10.524783371554093,8.087349794000938
2025-11-26,4.25,4.25,4.00535357386805,10.519643571523028,8.371945212205809
2025-11-27,4.25,4.25,4.00535357386805,10.519975449542216,8.256562405531803
2025-11-28,4.25,4.25,4.00535357386805,10.531483373868662,7.9751882711561075
2025-12-01,4.25,4.25,4.00535357386805,10.539160775479923,7.636450441144035
2025-12-02,4.25,4.25,3.99637106010471,10.535844765161816,9.516564849409823
2025-12-03,4.25,4.25,3.9963656181496,10.52927574940389,9.52653575301347
2025-12-04,4.25,4.25,3.9963656181496,10.524700313744981,9.47844537659372
2025-12-05,4.25,4.25,3.9963656181496,10.499532626915654,9.476444490885052
2025-12-08,4.25,4.25,3.996669468299903,10.499532626915654,9.3827782969088
2025-12-09,4.25,4.25,3.996973318450207,10.499532626915654,9.3827782969088
2025-12-10,4.25,4.25,3.99727716860051,10.509996652461053,9.3827782969088
2025-12-11,4.25,4.25,3.99729982619747,10.48970165200985,9.239522368413006
2025-12-12,4.25,4.25,3.99733311427867,10.46703380478133,9.178895331554942
2025-12-15,4.25,4.25,3.99727128172074,10.447059696679927,9.023084047580824
2025-12-16,4.25,4.25,4.00173441971543,10.426401060896346,8.9189237234856
2025-12-17,4.25,4.25,4.00137149601538,10.405215801395245,8.804487849731352
2025-12-18,4.25,4.25,4.00125712064201,10.409763026529847,8.699296985718329
2025-12-19,4.21,4.25,4.00168889913455,10.409624990639879,8.826595150346176
2025-12-22,4.25,4.25,4.00168889913455,10.426771461953818,8.464613401812686
2025-12-23,4.25,4.25,3.99874026671678,10.441155698374851,8.734629850920026
2025-12-24,4.25,4.25,3.99874026671678,10.431132041336648,8.256158657492689
2025-12-25,4.25,4.25,3.99870515198786,10.431132041336648,7.947887696849343
2025-12-26,4.25,4.25,3.99867003725894,10.431132041336648,7.947887696849343
2025-12-29,4.25,4.25,3.99863492253002,10.440866982682724,7.947887696849343
2025-12-30,4.25,4.25,4.00128975568217,10.433864474568686,8.132299577529722
2025-12-31,3.85,4.25,4.00166391397694,10.403028032844073,7.812352932366928
