fecha_bcrp,tasa_interbancaria_on_end,tasa_referencia_exo,tasa_cdbcrp_saldo_exo,depositos_sector_publico_saldo_exo,cuentas_corrientes_bancos_bcrp_saldo_exo
01.Ene.15,3.55,3.5,n.d.,n.d.,n.d.
02.Ene.15,3.55,3.5,n.d.,n.d.,n.d.
05.Ene.15,3.5,3.5,3.64347005779166,36100.94908496,5916.66323693
06.Ene.15,3.5,3.5,3.64347005779166,35732.05324817,5519.08204218
07.Ene.15,3.5,3.5,3.64314001186598,35657.86342492,5292.64033008
08.Ene.15,3.5,3.5,3.64594283296831,35824.12541941,5383.92222242
09.Ene.15,3.5,3.5,3.64138273255855,36490.89079349,4794.42160785
12.Ene.15,3.5,3.5,3.63742004250947,36375.93242705,4889.19091761
13.Ene.15,3.5,3.5,3.63505388324577,36450.9282639,4622.9352571
14.Ene.15,3.5,3.5,3.63428457180122,36777.09872214,3731.07393342
15.Ene.15,3.5,3.5,3.63295631194815,37296.44425491,3592.20123977
16.Ene.15,3.25,3.25,3.6275319451159,37708.4997049,2312.40312854
19.Ene.15,3.23,3.25,3.62570740360601,37628.97076736,2570.11333766
20.Ene.15,3.24,3.25,3.6221225073731,37771.60140291,2051.37337952
21.Ene.15,3.25,3.25,3.62053627741866,38687.47269434,2263.21460813
22.Ene.15,3.24,3.25,3.61879457326157,38760.20490725,1888.07639802
23.Ene.15,3.2,3.25,3.61514187667931,38860.12418478,1094.05094486
26.Ene.15,3.2,3.25,3.61340370144631,38823.25053172,1125.77950632
27.Ene.15,3.25,3.25,3.61340370144631,38585.38288547,1681.49274646
28.Ene.15,3.25,3.25,3.61174185655301,38253.02265446,1426.26437915
29.Ene.15,3.25,3.25,3.60998608866087,38021.63308035,1652.28159031
30.Ene.15,3.25,3.25,3.60998608866087,37562.44578824,1921.52128199
02.Feb.15,3.25,3.25,3.60824998739872,37403.56479842,4577.9131268
03.Feb.15,3.25,3.25,3.60824998739872,37310.12604762,3981.69945182
04.Feb.15,3.25,3.25,3.60670030575933,37213.36838473,3748.61329594
05.Feb.15,3.25,3.25,3.6050016338693,37020.53861437,4030.87145291
06.Feb.15,3.25,3.25,3.6050016338693,36893.64824785,3890.76375573
09.Feb.15,3.25,3.25,3.60315643365851,36791.5080695,2932.15848327
10.Feb.15,3.25,3.25,3.60116711311238,36950.730108,2113.07052375
11.Feb.15,3.26,3.25,3.5995808295152,36015.50258904,1952.23011277
12.Feb.15,3.25,3.25,3.59137950447251,36233.38988174,2865.60026229
13.Feb.15,3.25,3.25,3.59137950447251,36351.84703169,2264.80917952
16.Feb.15,3.33,3.25,3.58894030635615,37400.20299031,1537.49343019
17.Feb.15,3.57,3.25,3.58894030635615,37699.38820731,2008.11584493
18.Feb.15,3.79,3.25,3.58720325212397,37980.54755593,1987.89063436
19.Feb.15,3.83,3.25,3.5845351210212,37948.19679789,2231.66904975
20.Feb.15,3.81,3.25,3.5845351210212,38304.44140759,2156.87701607
23.Feb.15,3.67,3.25,3.58234146775425,38404.85709255,2013.87115073
24.Feb.15,3.28,3.25,3.58234146775425,38164.59772586,2088.95088139
25.Feb.15,3.27,3.25,3.58078030223443,37920.10299961,1668.69899038
26.Feb.15,3.26,3.25,3.57912632730834,37659.84956972,1588.19427119
27.Feb.15,3.31,3.25,3.57912632730834,37634.00507242,1185.08303201
02.Mar.15,n.d.,3.25,3.57727168818671,37679.50295711,4230.66798303
03.Mar.15,3.35,3.25,3.57727168818671,37564.51867296,4402.60755928
04.Mar.15,3.32,3.25,3.57663377879961,37443.44893697,3826.04988569
05.Mar.15,3.26,3.25,3.57529739424449,37236.52830411,2963.37480625
06.Mar.15,3.4,3.25,3.57529739424449,37138.71307704,3390.4679547
09.Mar.15,3.3,3.25,3.57365205628583,37155.89155834,2964.7052279
10.Mar.15,3.3,3.25,3.57365205628583,37207.41766627,2787.12536982
11.Mar.15,3.35,3.25,3.57306707843423,37206.94132358,2728.32444109
12.Mar.15,3.36,3.25,3.56598495368436,37640.33514647,2065.69282414
13.Mar.15,3.35,3.25,3.56598495368436,37655.51175244,2748.46014471
16.Mar.15,3.35,3.25,3.56401069251803,38196.82520074,2588.47719796
17.Mar.15,3.4,3.25,3.56401069251803,38263.71385278,2885.11913459
18.Mar.15,3.32,3.25,3.56358574721032,38361.37149563,2423.12046915
19.Mar.15,3.33,3.25,3.56283178914533,38603.51973827,2130.98090109
20.Mar.15,3.25,3.25,3.56283178914533,38876.42145083,1998.82584109
23.Mar.15,3.25,3.25,3.56194456200911,38908.3906491,1421.9146365
24.Mar.15,3.25,3.25,3.56194456200911,38927.02595826,1032.96955329
25.Mar.15,3.25,3.25,3.56196663980751,39082.45678036,1601.26949791
26.Mar.15,3.4,3.25,3.56146928110294,39040.09809103,1174.15020835
27.Mar.15,3.41,3.25,3.56146928110294,38791.6688815,632.86370306
30.Mar.15,3.58,3.25,3.56064753888343,38724.37512847,1112.31384221
31.Mar.15,3.7,3.25,3.56064753888343,38784.49069196,1593.14754233
01.Abr.15,n.d.,3.25,3.56045549194546,38879.76063977,3970.55601917
02.Abr.15,n.d.,3.25,n.d.,n.d.,n.d.
03.Abr.15,n.d.,3.25,n.d.,n.d.,n.d.
06.Abr.15,3.35,3.25,3.55961384350959,39104.32205487,3568.91449933
07.Abr.15,3.38,3.25,3.55961384350959,39008.55879389,2412.90146314
08.Abr.15,3.3,3.25,3.55942562982271,39330.9477724,2431.37776536
09.Abr.15,3.25,3.25,3.53817225038574,40219.85764612,2084.78343784
10.Abr.15,3.29,3.25,3.53817225038574,40290.99925149,2200.48157167
13.Abr.15,3.27,3.25,3.53717069925292,40371.72031063,1730.71976994
14.Abr.15,3.35,3.25,3.53717069925292,40568.0358871,2102.01770965
15.Abr.15,3.33,3.25,3.53675334079792,40945.98430626,1017.14656018
16.Abr.15,3.33,3.25,3.54416993863438,41415.08966273,1273.07535649
17.Abr.15,3.4,3.25,3.54416993863438,41820.5080155,1281.72656436
20.Abr.15,3.36,3.25,3.54289291916132,42323.58013171,1389.52905296
21.Abr.15,3.36,3.25,3.54289291916132,42553.55374288,1240.54529245
22.Abr.15,3.63,3.25,3.54227000878374,42647.92065415,1005.1477783
23.Abr.15,3.93,3.25,3.5441835363786,42755.8138088,997.25755247
24.Abr.15,4,3.25,3.5441835363786,42501.01461159,830.29727379
27.Abr.15,4,3.25,3.54286981902338,42421.77360398,942.64146341
28.Abr.15,3.97,3.25,3.54286981902338,42105.63573447,1020.6646321
29.Abr.15,3.29,3.25,3.54279572609701,41815.33618238,736.07127014
30.Abr.15,3.44,3.25,3.54258414970303,41545.75854601,2011.65713375
01.May.15,n.d.,3.25,n.d.,n.d.,n.d.
04.May.15,4,3.25,3.54170510687154,40959.28754954,3374.6101341
05.May.15,4.03,3.25,3.54170510687154,40765.50888112,3244.91152588
06.May.15,4,3.25,3.54157104650717,40506.44731654,4060.36789657
07.May.15,3.64,3.25,3.50788606913388,40781.03895553,3044.23211191
08.May.15,3.65,3.25,3.50788606913388,40581.05629346,2841.72384787
11.May.15,3.55,3.25,3.50660603025862,40461.71368321,1966.03756028
12.May.15,3.5,3.25,3.50660603025862,40492.75141743,1414.71050168
13.May.15,3.5,3.25,3.50611917744755,40274.74629153,1700.42747448
14.May.15,3.5,3.25,3.50919982455502,40599.58794283,1856.51218235
15.May.15,3.5,3.25,3.50919982455502,40404.01376342,2650.76211938
18.May.15,3.28,3.25,3.50792811100189,40749.21727071,1781.070417
19.May.15,3.25,3.25,3.50792811100189,41093.61301921,996.70295584
20.May.15,3.23,3.25,3.50750019957186,41068.27280488,873.48556018
21.May.15,3.25,3.25,3.50624382660258,41194.37021157,707.59655921
22.May.15,3.25,3.25,3.50624382660258,41325.87437693,1019.36768961
25.May.15,3.25,3.25,3.50499650563784,41207.75796957,834.12693346
26.May.15,3.25,3.25,3.50499650563784,41120.14553325,697.37062885
27.May.15,3.25,3.25,3.50461962023048,40657.85288732,1783.61300061
28.May.15,n.d.,3.25,3.50360163095965,40450.74592808,979.53704003
29.May.15,n.d.,3.25,3.50360163095965,40262.82193412,1230.30148627
01.Jun.15,3.51,3.25,3.50237706261808,40318.2124808,4639.22445794
02.Jun.15,3.5,3.25,3.50237706261808,40158.06287161,4854.07506085
03.Jun.15,3.5,3.25,3.50208452004691,39525.07637154,5011.20134651
04.Jun.15,3.44,3.25,3.5008739870484,39287.87973547,4474.14750412
05.Jun.15,3.33,3.25,3.5008739870484,39090.41080258,3065.05671897
08.Jun.15,3.25,3.25,3.49522577280159,39117.43512514,2455.25861157
09.Jun.15,3.25,3.25,3.49158743441136,39216.98618806,2673.7928168
10.Jun.15,3.25,3.25,3.47777059240031,39002.0463613,3072.8780457
11.Jun.15,3.25,3.25,3.45986099650907,39473.05506093,1907.04746489
12.Jun.15,3.25,3.25,3.4451197190445,39255.78341091,2116.47685733
15.Jun.15,3.25,3.25,3.4441317439967,39894.1362894,1942.74362816
16.Jun.15,3.25,3.25,3.43682962507265,40224.2655836,1495.28409124
17.Jun.15,3.25,3.25,3.42953042550251,40417.38360941,1750.56670195
18.Jun.15,3.25,3.25,3.42525723462385,40514.90625555,1282.8953231
19.Jun.15,3.25,3.25,3.42604928264572,40590.88702173,639.28649227
22.Jun.15,3.26,3.25,3.42925024714797,40669.08120907,614.16170982
23.Jun.15,3.6,3.25,3.42925024714797,40664.88852104,889.69404014
24.Jun.15,3.68,3.25,3.43015048599479,39968.55229353,1013.39932437
25.Jun.15,3.75,3.25,3.43099426524597,39727.92564866,1078.68621368
26.Jun.15,3.86,3.25,3.43099426524597,39448.5599709,1014.71267942
29.Jun.15,n.d.,3.25,n.d.,n.d.,n.d.
30.Jun.15,3.8,3.25,3.43099426524597,39232.92256931,1002.64219273
01.Jul.15,3.84,3.25,3.43213357702415,39386.6457889,2868.50863533
02.Jul.15,3.5,3.25,3.43299632562296,39273.64765634,3380.6068135
03.Jul.15,3.25,3.25,3.43299632562296,38920.05899614,3433.224167
06.Jul.15,3.25,3.25,3.43367463291323,38837.78673205,2626.67716667
07.Jul.15,3.25,3.25,3.43367463291323,38943.76993423,1904.14567712
08.Jul.15,3.25,3.25,3.43446806609032,38286.0612398,2392.27511836
09.Jul.15,3.25,3.25,3.4197911784207,38674.25850191,2123.22177595
10.Jul.15,3.25,3.25,3.43446667666685,38719.84868409,1751.93024129
13.Jul.15,3.25,3.25,3.44930612165301,39064.12555133,1446.20040616
14.Jul.15,3.19,3.25,3.45122447427948,38477.25018294,1693.38677729
15.Jul.15,3.2,3.25,3.45207325160584,38788.63395381,1157.75420404
16.Jul.15,3.25,3.25,3.45241856788334,38902.24773016,1391.35520348
17.Jul.15,3.25,3.25,3.45241856788334,39115.36162564,1061.34182392
20.Jul.15,3.25,3.25,3.45218470461344,39134.11578459,1190.52482001
21.Jul.15,3.25,3.25,3.45218470461344,39475.83778622,1177.2352355
22.Jul.15,3.25,3.25,3.45323991991299,39023.87547386,1096.36380195
23.Jul.15,3.36,3.25,3.45355100364498,38798.7887376,951.46048899
24.Jul.15,3.82,3.25,3.45355100364498,38439.47296085,729.85667115
27.Jul.15,n.d.,3.25,n.d.,n.d.,n.d.
28.Jul.15,n.d.,3.25,n.d.,n.d.,n.d.
29.Jul.15,n.d.,3.25,n.d.,n.d.,n.d.
30.Jul.15,3.97,3.25,3.45379551211527,38112.68458852,542.47502753
31.Jul.15,3.65,3.25,3.45379551211527,37568.15086032,2290.89996812
03.Ago.15,3.77,3.25,3.45333707406654,37316.33219579,3136.41695205
04.Ago.15,3.26,3.25,3.45333707406654,37121.62884275,3558.97985931
05.Ago.15,3.36,3.25,3.45450232629093,37138.42301709,2540.57868981
06.Ago.15,3.73,3.25,3.45458310101883,36427.12365543,2388.0762867
07.Ago.15,3.99,3.25,3.45458310101883,36373.38435498,2229.87756952
10.Ago.15,4,3.25,3.4538423060405,36293.34011015,2963.69933771
11.Ago.15,4,3.25,3.4538423060405,34906.35641418,3240.14671724
12.Ago.15,3.8,3.25,3.45508940263929,35046.18872455,2469.20667444
13.Ago.15,3.25,3.25,3.45805379359162,35126.77140896,2012.38641058
14.Ago.15,3.25,3.25,3.45590379363494,35028.03762849,1591.54815794
17.Ago.15,3.26,3.25,3.45507545542743,35583.86456123,900.99406401
18.Ago.15,3.31,3.25,3.45507545542743,36173.02023017,757.16797375
19.Ago.15,3.36,3.25,3.45646493885037,36033.86461963,750.87871716
20.Ago.15,3.99,3.25,3.45627596270343,35994.55621668,818.06625324
21.Ago.15,5.07,3.25,3.45627596270343,36256.18831044,810.08268002
24.Ago.15,3.92,3.25,3.45542112250415,35825.85931382,931.88665343
25.Ago.15,3.26,3.25,3.45542112250415,35597.57050955,628.27121341
26.Ago.15,3.26,3.25,3.45704844994749,35454.84505119,465.45848504
27.Ago.15,3.27,3.25,3.45725706180992,35189.95884009,583.51532906
28.Ago.15,3.29,3.25,3.45725706180992,34903.04067965,765.8739617
31.Ago.15,3.3,3.25,3.45647342484578,34720.55223132,806.27322501
01.Set.15,3.83,3.25,3.45647342484578,34806.01229159,3909.20665221
02.Set.15,4.43,3.25,3.45846025203779,34747.53674621,4578.90005926
03.Set.15,4.75,3.25,3.45895748841729,34469.70363711,4868.00333434
04.Set.15,4.5,3.25,3.45895748841729,33861.1683839,4675.90258585
07.Set.15,3.25,3.25,3.45827409374553,33693.74975915,4795.74671002
08.Set.15,3.16,3.25,3.45597203031988,33659.27762651,3181.4353802
09.Set.15,3.15,3.25,3.45365327674069,33710.20618923,2465.27608531
10.Set.15,3.1,3.25,3.45285158560148,34050.32138008,1553.81385572
11.Set.15,3.5,3.5,3.4561872332698,34139.67824929,1091.51072379
14.Set.15,3.5,3.5,3.4631845105973,34349.27790184,1047.54485692
15.Set.15,3.43,3.5,3.47246026312844,34814.88820776,1251.16724723
16.Set.15,3.15,3.5,3.47272046382007,34914.83709734,1059.20256927
17.Set.15,3.3,3.5,3.50113829031651,35117.49074536,946.24556444
18.Set.15,3.3,3.5,3.51089488518348,35280.05565367,771.04453259
21.Set.15,3.5,3.5,3.5124528722598,35384.67173933,939.35614693
22.Set.15,3.5,3.5,3.5124528722598,35511.23086149,1112.3029686
23.Set.15,3.5,3.5,3.51565210488549,35314.71423386,1092.10709585
24.Set.15,3.5,3.5,3.51807143264102,34915.11148882,958.35706027
25.Set.15,3.5,3.5,3.5272396826679,34695.53084891,929.16593353
28.Set.15,3.5,3.5,3.52916812723345,34419.65763474,801.61239884
29.Set.15,3.5,3.5,3.53505105005906,34043.66954957,714.77607007
30.Set.15,3.5,3.5,3.54434429736034,33692.61041109,951.90361142
01.Oct.15,3.5,3.5,3.5465539115861,33829.17829893,3513.987029
02.Oct.15,3.6,3.5,3.55288685617957,33313.04408787,3932.98149425
05.Oct.15,3.65,3.5,3.55524563968114,33062.72779139,2748.05349254
06.Oct.15,3.5,3.5,3.55524563968114,32671.10606105,3180.71883191
07.Oct.15,3.4,3.5,3.55658313139077,32424.98184806,2265.49500275
08.Oct.15,n.d.,3.5,n.d.,n.d.,n.d.
09.Oct.15,n.d.,3.5,n.d.,n.d.,n.d.
12.Oct.15,3.44,3.5,3.5658355175025,32419.05649301,1318.80657361
13.Oct.15,3.5,3.5,3.57621100234704,32592.1208977,1427.38023622
14.Oct.15,3.53,3.5,3.58390143156229,32823.79343729,1196.206967
15.Oct.15,3.5,3.5,3.60054025298501,33212.08532005,1320.08987376
16.Oct.15,3.5,3.5,3.60824512209373,33814.56603447,1124.73575947
19.Oct.15,3.5,3.5,3.60996854613236,33621.12068793,1182.43038359
20.Oct.15,3.5,3.5,3.60996854613236,33950.41085671,959.38178061
21.Oct.15,3.52,3.5,3.61995866345162,34296.40774687,888.6116624
22.Oct.15,3.5,3.5,3.6305433552185,34084.92297914,1202.54470152
23.Oct.15,3.58,3.5,3.6305433552185,33535.57192474,692.31160639
26.Oct.15,3.56,3.5,3.63206569590249,33230.29205337,599.71843905
27.Oct.15,3.6,3.5,3.63206569590249,32942.3894069,541.07445905
28.Oct.15,3.5,3.5,3.63370182555783,32550.48731746,545.6337256
29.Oct.15,3.5,3.5,3.63585459040344,32197.14539262,644.97330312
30.Oct.15,3.5,3.5,3.63585459040344,31477.89467117,690.75425611
02.Nov.15,3.5,3.5,3.63735096369343,31256.71782519,3707.7405977
03.Nov.15,3.5,3.5,3.63735096369343,31045.7131514,4136.24765062
04.Nov.15,3.5,3.5,3.63856455313674,30916.41221593,3839.48309728
05.Nov.15,3.5,3.5,3.63689853914634,30877.0725457,4379.69136823
06.Nov.15,3.5,3.5,3.63689853914634,30711.54183973,2223.45773691
09.Nov.15,3.5,3.5,3.63689853914634,30507.16298019,2406.90238576
10.Nov.15,3.5,3.5,3.63690736315013,30467.45812746,2244.47124202
11.Nov.15,3.5,3.5,3.63702492034595,30516.03494935,2104.13627541
12.Nov.15,3.5,3.5,3.65016266414293,31029.93789748,2000.8021248
13.Nov.15,3.5,3.5,3.65016266414293,30544.47541483,1519.82864875
16.Nov.15,3.5,3.5,3.65087092583847,31406.02558415,963.37934581
17.Nov.15,3.5,3.5,3.65087092583847,31853.273463,749.59178071
18.Nov.15,3.5,3.5,3.6528144524343,32127.09600612,894.16271708
19.Nov.15,3.5,3.5,3.65411567427632,31976.31823334,936.71220197
20.Nov.15,3.5,3.5,3.65411567427632,32003.13582966,1063.22622845
23.Nov.15,3.5,3.5,3.67223202093767,32117.04037276,535.6214011
24.Nov.15,3.5,3.5,3.67223202093767,31891.52443828,567.04237052
25.Nov.15,3.5,3.5,3.68512839201617,31289.86293767,759.46780264
26.Nov.15,3.5,3.5,3.6877660465896,30459.86532114,702.19049342
27.Nov.15,3.5,3.5,3.6877660465896,30421.97383269,571.05895872
30.Nov.15,3.5,3.5,3.69045048085037,30000.27355161,1063.52441531
01.Dic.15,3.68,3.5,3.69045048085037,30534.23271785,3352.85401072
02.Dic.15,3.85,3.5,3.6925214754927,30376.53913868,3863.83546532
03.Dic.15,3.9,3.5,3.69387926685726,29918.70529974,4445.40624193
04.Dic.15,3.84,3.5,3.69387926685726,29635.23005854,3713.66673604
07.Dic.15,3.7,3.5,3.71120735372108,29553.29244241,2242.4675813
08.Dic.15,n.d.,3.5,n.d.,n.d.,n.d.
09.Dic.15,3.6,3.5,3.71330509970004,29298.8670268,2379.19992208
10.Dic.15,3.5,3.5,3.74873882041294,30027.24599959,2205.51987705
11.Dic.15,3.71,3.75,3.74987811822215,29718.49330708,1418.83217629
14.Dic.15,3.75,3.75,3.75457483829239,29694.63659862,1304.08995613
15.Dic.15,3.75,3.75,3.76514580200504,29566.86541654,1205.29922951
16.Dic.15,3.75,3.75,3.77026342758368,29451.60700565,1138.03436098
17.Dic.15,3.75,3.75,3.78157203498845,29067.52852668,1218.45548708
18.Dic.15,3.75,3.75,3.78902168643962,29658.88871145,1065.96582387
21.Dic.15,3.75,3.75,3.79164011388804,29839.03476307,1459.2537321
22.Dic.15,3.75,3.75,3.79260322071364,33657.94575138,916.17323439
23.Dic.15,3.75,3.75,3.79084306262479,33244.156258,729.27582481
24.Dic.15,3.75,3.75,3.79547702054164,33313.11334587,711.01699539
25.Dic.15,n.d.,3.75,n.d.,n.d.,n.d.
28.Dic.15,3.85,3.75,3.79605816756894,32672.9190706,619.39683602
29.Dic.15,4,3.75,3.79605816756894,31644.254637,900.49280821
30.Dic.15,4,3.75,3.79196969400854,31275.79435006,763.49312327
31.Dic.15,4.21,3.75,3.79372136722131,30694.2045643,1402.13165213
01.Ene.16,n.d.,3.75,n.d.,n.d.,n.d.
04.Ene.16,4.1,3.75,3.79111340490861,29922.09451797,3412.13000218
05.Ene.16,4.06,3.75,3.79111340490861,29131.0902591,4597.99327521
06.Ene.16,3.76,3.75,3.79765765765769,28626.91625455,4916.20375696
07.Ene.16,3.75,3.75,3.82295279782329,28546.31037482,4009.71247952
08.Ene.16,3.75,3.75,3.83546583977092,28280.283506,3349.5388858
11.Ene.16,3.75,3.75,3.84363110178081,28248.58324201,2397.80980873
12.Ene.16,3.75,3.75,3.84862526866712,28057.17094063,1802.93998368
13.Ene.16,3.75,3.75,3.85657056941781,28087.35226584,1385.71680833
14.Ene.16,3.75,3.75,3.86970346702926,28281.85363254,1823.56526
15.Ene.16,4,4,3.89062461945734,28255.27122001,1715.84809714
18.Ene.16,4,4,3.9061201244007,28821.88765243,1092.66388453
19.Ene.16,4,4,3.91883446334914,29017.51556506,815.83069616
20.Ene.16,4,4,3.92771872621165,29178.68223204,712.93112715
21.Ene.16,4,4,3.92104377671289,28685.32413102,775.07701592
22.Ene.16,4,4,3.92104377671289,29199.42469956,1879.73837458
25.Ene.16,4,4,3.92215064535521,29632.65245131,670.35750988
26.Ene.16,4,4,3.92215064535521,29812.03770465,632.77883754
27.Ene.16,4,4,3.92452680604566,29560.14810851,920.89546296
28.Ene.16,4,4,3.93008386535487,29151.49176105,724.72755225
29.Ene.16,4,4,3.93258840088658,28629.1556563,585.85921526
01.Feb.16,4,4,3.93367047650532,28563.4399816,3083.27070374
02.Feb.16,4,4,3.9397744327657,28221.1966078,2921.71883124
03.Feb.16,4.01,4,3.93977607792112,27900.93912315,3160.54686729
04.Feb.16,4,4,3.94159223019408,27435.6819195,3356.35699931
05.Feb.16,4,4,3.94760273157287,27977.61918737,2406.45372489
08.Feb.16,4,4,3.95051182301218,27772.40023988,2337.43192938
09.Feb.16,4,4,3.95492502225089,26924.51089897,1979.31291689
10.Feb.16,4,4,3.96316899747876,26509.68682845,2372.08687322
11.Feb.16,4,4,4.00665757338732,25204.29181952,2883.32221642
12.Feb.16,4.25,4.25,4.02608088276275,25199.04780525,1608.41237647
15.Feb.16,4.25,4.25,4.03856870101771,25551.66345324,1442.05247473
16.Feb.16,4.25,4.25,4.04815398504155,25665.63439064,1226.5998644
17.Feb.16,4.31,4.25,4.05689901809156,26021.16622151,1225.08301134
18.Feb.16,4.67,4.25,4.06893150716992,26160.85525198,999.66569072
19.Feb.16,5.2,4.25,4.0746379483839,27266.26875277,760.0182485
22.Feb.16,5.03,4.25,4.08179769947265,27189.46263315,836.64081772
23.Feb.16,5.23,4.25,4.08804348319454,27130.5183369,714.62620028
24.Feb.16,5.33,4.25,4.09254952364848,26885.36576444,1150.6574554
25.Feb.16,5.11,4.25,4.09288976555458,26694.31963259,940.51716739
26.Feb.16,5.16,4.25,4.09288976555458,26988.79408323,639.45486758
29.Feb.16,5.09,4.25,4.09302620161156,26629.59901012,601.23875505
01.Mar.16,5.5,4.25,4.08692465552627,26680.37621409,3120.69680896
02.Mar.16,5.5,4.25,4.08515461417198,26338.61915225,3825.95113679
03.Mar.16,5.15,4.25,4.08550527354915,26295.37327261,4295.76125658
04.Mar.16,4.26,4.25,4.08550527354915,25914.22802864,3481.76914007
07.Mar.16,4.25,4.25,4.08635075517727,25544.86900267,3719.70239253
08.Mar.16,4.26,4.25,4.08635075517727,25936.99726841,2498.84916813
09.Mar.16,4.26,4.25,4.08882679055632,25835.55762249,2400.7982398
10.Mar.16,4.29,4.25,4.12973352869913,26335.19112016,2698.00538533
11.Mar.16,4.25,4.25,4.12973352869913,26204.76697573,2261.61774271
14.Mar.16,4.25,4.25,4.13091160028619,25870.19891555,2049.5997025
15.Mar.16,4.29,4.25,4.13091160028619,26400.74759675,1686.63511874
16.Mar.16,4.32,4.25,4.13333636645122,26641.00356532,1448.37213376
17.Mar.16,5,4.25,4.1351275598696,27779.79032508,1187.39765551
18.Mar.16,5.27,4.25,4.1351275598696,28533.84943737,827.17716664
21.Mar.16,5.17,4.25,4.13626988473623,28996.94148442,1093.75721233
22.Mar.16,5.41,4.25,4.13626988473623,29111.50382344,1116.14188936
23.Mar.16,5.49,4.25,4.13875448890904,29031.02904767,1063.51879805
24.Mar.16,n.d.,4.25,n.d.,n.d.,n.d.
25.Mar.16,n.d.,4.25,n.d.,n.d.,n.d.
28.Mar.16,5.5,4.25,4.13990558872089,29069.02366009,933.99160242
29.Mar.16,5.25,4.25,4.13990558872089,28601.19145479,523.59976713
30.Mar.16,4.95,4.25,4.14218015952084,28740.82001524,576.47611255
31.Mar.16,4.25,4.25,4.14377078603906,28315.0360177,553.75135466
01.Abr.16,5.12,4.25,4.14377078603906,28951.13539712,1555.91455165
04.Abr.16,5.1,4.25,4.14481239427479,29185.59594295,3419.76989039
05.Abr.16,4.9,4.25,4.14481239427479,29001.72697055,3783.83032745
06.Abr.16,4.5,4.25,4.14685943564921,29090.41556914,3520.83172271
07.Abr.16,4.5,4.25,4.19127447363658,29492.38060706,3699.02855284
08.Abr.16,4.25,4.25,4.19127447363658,29987.9925278,3204.97933182
11.Abr.16,4.25,4.25,4.19918079674488,29870.39384379,2951.67033073
12.Abr.16,4.25,4.25,4.22133102288498,29309.7336283,2843.97178426
13.Abr.16,4.25,4.25,4.24894189547824,29258.23709762,2934.15959037
14.Abr.16,4.25,4.25,4.2911419394784,29521.81089746,2856.90508971
15.Abr.16,4.25,4.25,4.30629578294044,30527.26898816,1848.94305528
18.Abr.16,4.25,4.25,4.3102178383086,30924.35437058,1292.78450489
19.Abr.16,4.25,4.25,4.32095953989327,31586.43522015,978.19752327
20.Abr.16,4.25,4.25,4.32210725485113,31979.28016287,844.69075549
21.Abr.16,4.25,4.25,4.32295083317645,32571.89094673,1070.3367521
22.Abr.16,4.52,4.25,4.32295083317645,32852.81891056,1109.70460897
25.Abr.16,4.62,4.25,4.32324518948385,32821.16330927,776.62066826
26.Abr.16,4.91,4.25,4.32324518948385,32585.23546443,770.82357167
27.Abr.16,4.96,4.25,4.32390789905721,32216.93272205,488.19053541
28.Abr.16,4.62,4.25,4.32472631283219,31790.28141174,1690.717024
29.Abr.16,4.5,4.25,4.32472631283219,31825.3850646,1279.99013455
02.May.16,4.8,4.25,4.32515623539313,31810.67379233,3063.54738383
03.May.16,4.8,4.25,4.32515623539313,31333.1519591,2732.0965895
04.May.16,4.8,4.25,4.32616207451651,31103.34527894,2817.74937426
05.May.16,4.8,4.25,4.32688492710422,30444.83564025,3560.69043073
06.May.16,4.8,4.25,4.32688492710422,30421.24211048,3351.14454685
09.May.16,4.4,4.25,4.32720421732967,30150.06331312,3239.11765144
10.May.16,4.26,4.25,4.33340474574687,30137.89344158,2592.27470441
11.May.16,4.26,4.25,4.34196987983118,29805.66003442,2597.54780182
12.May.16,4.53,4.25,4.38585982481258,30330.19984688,2821.93090488
13.May.16,4.65,4.25,4.38585982481258,30708.38978362,3067.22693335
16.May.16,4.76,4.25,4.38607535578736,31201.54663748,2403.57997119
17.May.16,4.5,4.25,4.38607535578736,31359.08057223,2531.7740565
18.May.16,4.25,4.25,4.38723244520116,31990.33715658,1836.77407471
19.May.16,4.25,4.25,4.38808418980018,31995.59298992,1020.01404621
20.May.16,4.25,4.25,4.38808418980018,32454.69616867,1205.20660082
23.May.16,4.25,4.25,4.38827555344147,32803.02988603,809.21121164
24.May.16,4.25,4.25,4.39905268493509,32690.08659066,828.22396482
25.May.16,4.26,4.25,4.40114141107528,32446.28396419,763.55959661
26.May.16,4.25,4.25,4.40210390606163,32273.67414052,664.14525722
27.May.16,4.25,4.25,4.40210390606163,32524.24905436,624.85906181
30.May.16,4.25,4.25,4.40254439184563,32271.43806829,581.63005254
31.May.16,4.46,4.25,4.40254439184563,31976.1538194,829.62864891
01.Jun.16,4.8,4.25,4.40409214960298,32132.70906994,2624.49093725
02.Jun.16,4.88,4.25,4.40508076963286,32009.31089127,3500.20939313
03.Jun.16,4.83,4.25,4.40508076963286,32606.55913551,3583.84274642
06.Jun.16,4.8,4.25,4.40542127262575,31909.11907745,3793.99236592
07.Jun.16,4.3,4.25,4.40542127262575,31650.23207694,3671.77413888
08.Jun.16,4.25,4.25,4.40680817041719,31684.01128028,3059.41714547
09.Jun.16,4.25,4.25,4.47443098893629,31851.74710571,3483.13693306
10.Jun.16,4.25,4.25,4.4869201998274,32155.16288033,2648.23872881
13.Jun.16,4.25,4.25,4.49764248041377,31973.7427747,2342.72395144
14.Jun.16,4.25,4.25,4.4995682289297,31912.69981962,2272.79704898
15.Jun.16,4.25,4.25,4.50686891087138,32249.45816943,1801.66774974
16.Jun.16,4.25,4.25,4.51195514395208,32195.51326511,1740.56133335
17.Jun.16,4.25,4.25,4.52010054409149,33316.26828181,1195.68649172
20.Jun.16,4.25,4.25,4.52006281595678,32849.81150661,1149.38565608
21.Jun.16,4.25,4.25,4.52006281595678,33474.57323229,1012.40719961
22.Jun.16,4.25,4.25,4.52118677091402,33464.52665898,1212.51566242
23.Jun.16,4.25,4.25,4.52168943851603,33580.74115414,756.74190855
24.Jun.16,4.25,4.25,4.52259997995392,33534.2960795,566.22973264
27.Jun.16,4.25,4.25,4.52252007103021,33066.794934,455.82127797
28.Jun.16,4.25,4.25,4.52424599056753,32822.7794048,704.74352585
29.Jun.16,n.d.,4.25,n.d.,n.d.,n.d.
30.Jun.16,4.25,4.25,4.52474046876263,32590.63094988,653.34437816
01.Jul.16,4.64,4.25,4.52474046876263,33234.40132211,3774.62289178
04.Jul.16,4.7,4.25,4.52450880005946,33116.95757359,4100.32650817
05.Jul.16,4.61,4.25,4.52450880005946,32740.54698203,4077.47583837
06.Jul.16,4.41,4.25,4.52535317271511,32503.28243344,5191.95734724
07.Jul.16,4.25,4.25,4.52567740264229,32193.80902454,3710.51774824
08.Jul.16,4.25,4.25,4.52567740264229,32178.43067578,3243.23635061
11.Jul.16,4.25,4.25,4.52930160429111,31764.13035979,2798.57205759
12.Jul.16,4.25,4.25,4.53372672119415,31302.7884108,2299.65020781
13.Jul.16,4.25,4.25,4.45911757462995,31140.10427103,2030.49937541
14.Jul.16,4.25,4.25,4.52064702226771,30685.31974385,2079.36256966
15.Jul.16,4.25,4.25,4.47015194494721,31207.67823647,1448.12176974
18.Jul.16,4.25,4.25,4.48033128612538,31266.81309484,1518.77901841
19.Jul.16,4.25,4.25,4.49456020960225,31897.75337573,1038.5370342
20.Jul.16,4.25,4.25,4.56183960862089,32092.50159171,1065.99803192
21.Jul.16,4.25,4.25,4.56547164593299,32447.1356428,1067.51406735
22.Jul.16,4.25,4.25,4.56547164593299,32233.28209696,777.98776941
25.Jul.16,4.25,4.25,4.56601079236411,31927.99317008,733.71331203
26.Jul.16,4.25,4.25,4.56601079236411,31062.71968472,1158.62951121
27.Jul.16,4.26,4.25,4.56792255465836,30441.02230772,826.52826563
28.Jul.16,n.d.,4.25,n.d.,n.d.,n.d.
29.Jul.16,n.d.,4.25,n.d.,n.d.,n.d.
01.Ago.16,4.26,4.25,4.56828372883934,30534.41045996,4089.38904353
02.Ago.16,4.26,4.25,4.56828372883934,30210.259963,4336.13935153
03.Ago.16,4.25,4.25,4.57135512936864,29848.31611741,4590.87669792
04.Ago.16,4.25,4.25,4.58062315920715,29792.92768299,3542.9953883
05.Ago.16,4.25,4.25,4.58187109395987,30003.5019701,3162.23161896
08.Ago.16,4.25,4.25,4.58078783558832,29658.09952843,3442.99457794
09.Ago.16,4.25,4.25,4.578941814893,29336.81217481,3693.30395622
10.Ago.16,4.25,4.25,4.58259484047326,29079.64293954,2840.51694002
11.Ago.16,4.07,4.25,4.61480384652188,27483.41016385,3493.66002351
12.Ago.16,4.02,4.25,4.61444144391687,27622.10150849,2570.36954753
15.Ago.16,3.9,4.25,4.66558896734107,27974.59319481,2676.63235342
16.Ago.16,3.98,4.25,4.66540905267989,27966.92892739,1967.28205043
17.Ago.16,4.11,4.25,4.66793709703182,28906.87838943,1697.79716924
18.Ago.16,4.2,4.25,4.67160542360019,29228.10918591,1569.7660906
19.Ago.16,4.1,4.25,4.66897595969331,29519.02832775,1306.49416867
22.Ago.16,4.1,4.25,4.66942788966851,30057.50765042,1095.46752063
23.Ago.16,4.1,4.25,4.67120368245842,29988.36815604,967.23359646
24.Ago.16,4.26,4.25,4.67178377878927,29572.4917144,987.55697562
25.Ago.16,4.25,4.25,4.67190048151521,29259.23552778,958.68164839
26.Ago.16,4.25,4.25,4.67190048151521,28954.81814414,863.25082752
29.Ago.16,4.25,4.25,4.67253711495715,28630.37712492,490.14140152
30.Ago.16,n.d.,4.25,n.d.,n.d.,n.d.
31.Ago.16,4.25,4.25,4.67306691228906,28274.87228776,511.61815059
01.Set.16,4.25,4.25,4.673219002056,28325.09500933,3981.38713879
02.Set.16,4.25,4.25,4.673219002056,28298.7199751,4107.918131
05.Set.16,4.25,4.25,4.67178622665762,27989.39642827,4058.20857415
06.Set.16,4.25,4.25,4.67126531185288,27839.02617528,3556.1715898
07.Set.16,4.25,4.25,4.66955586561045,27747.13851611,3410.68341298
08.Set.16,4.24,4.25,4.68821936373303,27759.76959151,2445.20863831
09.Set.16,4.25,4.25,4.68780805243085,27697.65624432,3009.30980913
12.Set.16,4.25,4.25,4.68773156993153,27767.37444401,2572.57461857
13.Set.16,4.25,4.25,4.68699474892473,27456.90702737,2470.48877659
14.Set.16,4.25,4.25,4.68676799898045,27487.39601027,2200.77877152
15.Set.16,4.25,4.25,4.68620831298762,27827.78376313,1741.12018154
16.Set.16,4.25,4.25,4.68620831298762,27927.25462866,1630.92767915
19.Set.16,4.25,4.25,4.68591772422698,28827.92799701,1299.68169543
20.Set.16,4.25,4.25,4.68485790220886,28882.07958113,1301.72165625
21.Set.16,4.25,4.25,4.68527440163684,29428.55661882,1026.57072914
22.Set.16,4.25,4.25,4.684215042369,29562.59868331,976.36868231
23.Set.16,4.25,4.25,4.684215042369,29645.31343467,1082.07474785
26.Set.16,4.26,4.25,4.68409992981839,29443.78113161,959.29128248
27.Set.16,4.25,4.25,4.68409992981839,29222.30230021,811.20384469
28.Set.16,4.25,4.25,4.68428260494549,28744.53015542,586.87130571
29.Set.16,4.25,4.25,4.68428889353295,28653.57121174,552.14815331
30.Set.16,4.25,4.25,4.68428889353295,28423.10493171,1343.40947359
03.Oct.16,4.25,4.25,4.68420727263407,28534.32651495,3262.1286925
04.Oct.16,4.25,4.25,4.68420727263407,27930.07141085,3309.84072772
05.Oct.16,4.25,4.25,4.6843782536007,28045.93864452,4682.24003973
06.Oct.16,4.25,4.25,4.69829439582947,27583.46866015,4274.91958684
07.Oct.16,4.26,4.25,4.69829439582947,26514.31928049,3786.11780756
10.Oct.16,4.25,4.25,4.69806196763996,26661.97462185,3297.74392139
11.Oct.16,4.25,4.25,4.69840266814899,26393.78694692,3082.14820111
12.Oct.16,4.25,4.25,4.69808179312881,26085.7573894,3094.93185164
13.Oct.16,4.25,4.25,4.70800824899754,26028.7180169,2799.57305735
14.Oct.16,4.25,4.25,4.70650733371235,26491.1924649,2360.94271487
17.Oct.16,4.25,4.25,4.70380742121948,27079.667128,2263.4500462
18.Oct.16,4.25,4.25,4.70029748300571,27240.49565856,1997.73229316
19.Oct.16,4.25,4.25,4.69949153410131,28064.40286527,1715.14804466
20.Oct.16,4.25,4.25,4.69929483105024,28320.3721445,1552.8776199
21.Oct.16,4.3,4.25,4.69929483105024,29100.84241316,1171.19768935
24.Oct.16,4.26,4.25,4.69895624885971,29109.95440383,1469.98200758
25.Oct.16,4.25,4.25,4.69895624885971,28831.29736566,1053.8450893
26.Oct.16,4.25,4.25,4.69888084563515,28577.29250754,1154.48805729
27.Oct.16,4.25,4.25,4.69870730020027,28370.64872053,1050.08653312
28.Oct.16,4.25,4.25,4.69870730020027,28711.29882544,613.96922475
31.Oct.16,4.25,4.25,4.69835955628298,27927.10263553,948.53124888
01.Nov.16,n.d.,n.d.,n.d.,n.d.,n.d.
02.Nov.16,4.25,4.25,4.69830684831973,28006.21925417,3569.60856862
03.Nov.16,4.25,4.25,4.69809094538198,27923.5084436,3688.47830154
04.Nov.16,4.35,4.25,4.69809094538198,28122.68689919,3681.36190523
07.Nov.16,4.35,4.25,4.69903299344503,27753.82213653,3760.62077386
08.Nov.16,4.35,4.25,4.69903299344503,27704.89478955,3781.55898588
09.Nov.16,4.25,4.25,4.69899039650784,27767.68431301,3571.71536402
10.Nov.16,4.26,4.25,4.71762600578351,27712.61173101,2850.41078379
11.Nov.16,4.25,4.25,4.71762600578351,27260.0553538,2588.84839404
14.Nov.16,4.25,4.25,4.71718053033613,26994.1846589,2565.24018455
15.Nov.16,4.25,4.25,4.71718053033613,26747.86804967,2393.86319
16.Nov.16,2.25,4.25,4.72093133519602,27233.54442207,2027.91720996
17.Nov.16,n.d.,n.d.,n.d.,n.d.,n.d.
18.Nov.16,n.d.,n.d.,n.d.,n.d.,n.d.
21.Nov.16,4.26,4.25,4.72403678741928,29044.36665884,1652.96459004
22.Nov.16,4.25,4.25,4.72403678741928,29275.72774598,1620.45625614
23.Nov.16,4.26,4.25,4.72915067094285,30176.28498146,1195.47228737
24.Nov.16,4.35,4.25,4.72875725122715,30025.78320476,1272.55365665
25.Nov.16,4.35,4.25,4.72875725122715,30039.83581544,1120.0217263
28.Nov.16,4.35,4.25,4.72824538783568,29669.52125922,842.23606457
29.Nov.16,4.35,4.25,4.72824538783568,29339.2176141,1058.03153612
30.Nov.16,4.35,4.25,4.7279732264937,29338.98070434,955.4033146
01.Dic.16,4.54,4.25,4.72758131428822,29718.53787518,4004.19322067
02.Dic.16,4.58,4.25,4.72758131428822,30040.10543906,4068.34706746
05.Dic.16,4.59,4.25,4.72706078281318,29817.39025486,4396.81294178
06.Dic.16,4.25,4.25,4.72706078281318,28953.75072961,4262.11849595
07.Dic.16,4.25,4.25,4.72679100014655,29187.16132253,3787.02438317
08.Dic.16,n.d.,n.d.,n.d.,n.d.,n.d.
09.Dic.16,4.25,4.25,4.72679100014655,29134.24762373,2947.05434222
12.Dic.16,4.25,4.25,4.72617354910937,28791.85371491,2411.93388536
13.Dic.16,4.25,4.25,4.73579316964324,28443.80933441,1996.80262604
14.Dic.16,4.25,4.25,4.73555499111,28182.73168691,1953.47415674
15.Dic.16,4.25,4.25,4.75218598002129,28455.78692636,1702.24980981
16.Dic.16,4.25,4.25,4.75218598002129,29187.0758039,1789.34681921
19.Dic.16,4.26,4.25,4.75154328295844,28744.68305313,1355.97855224
20.Dic.16,4.25,4.25,4.75154328295844,29766.09129815,1345.70901035
21.Dic.16,4.25,4.25,4.75167168020033,30379.84714834,1413.24402746
22.Dic.16,4.37,4.25,4.75114854304868,30090.94841536,1637.40914873
23.Dic.16,4.62,4.25,4.75114854304868,30691.55586469,1751.29087438
26.Dic.16,4.8,4.25,4.75069180208461,30411.41355047,1705.82337071
27.Dic.16,4.84,4.25,4.75086899723051,30183.92188976,1817.65603572
28.Dic.16,4.25,4.25,4.75086899723051,29637.25075233,1836.54237254
29.Dic.16,4.25,4.25,4.75086899723051,29024.15639218,1136.76562507
30.Dic.16,4.25,4.25,4.75086899723051,28466.76839579,1280.12456367
02.Ene.17,4.25,4.25,4.75047646383469,28229.92769128,4240.48542774
03.Ene.17,4.25,4.25,4.75047646383469,26764.91825242,4682.09191153
04.Ene.17,4.25,4.25,4.75029281851942,26579.61309559,3387.83013144
05.Ene.17,4.25,4.25,4.74897216033227,26344.15201282,3182.47189848
06.Ene.17,4.26,4.25,4.74756287966914,26736.26786768,2776.40157227
09.Ene.17,4.25,4.25,4.74704969665679,26613.2029625,3085.96508495
10.Ene.17,4.25,4.25,4.74704969665679,26309.61059392,3281.43133624
11.Ene.17,4.25,4.25,4.74537597877713,25938.61893331,3078.34614923
12.Ene.17,4.25,4.25,4.75218024002482,25881.59248281,2724.3206137
13.Ene.17,4.25,4.25,4.74535407510554,25976.10062805,2155.74615267
16.Ene.17,4.25,4.25,4.74123726995841,26513.46698382,1906.23592934
17.Ene.17,4.25,4.25,4.73717627204457,26722.28906046,1699.65560793
18.Ene.17,4.25,4.25,4.73257825991072,27822.81011681,1836.45482389
19.Ene.17,4.25,4.25,4.72904216864989,28016.20117727,1290.76841329
20.Ene.17,4.25,4.25,4.7258613937479,27641.10398478,1712.42611727
23.Ene.17,4.25,4.25,4.72395582321154,28237.6822981,1554.52759347
24.Ene.17,4.25,4.25,4.72288683425065,28452.78779114,1124.2821339
25.Ene.17,4.25,4.25,4.72068140325255,28184.43854573,1000.59982923
26.Ene.17,4.25,4.25,4.71939653761563,27960.37033759,911.96067336
27.Ene.17,4.25,4.25,4.71849050178007,27713.15383844,898.15925481
30.Ene.17,4.25,4.25,4.71453271119729,27355.31709186,1198.61379094
31.Ene.17,4.25,4.25,4.71279504028209,26821.28507623,1263.34820533
01.Feb.17,4.25,4.25,4.71286204567374,27086.4398692,3753.87904514
02.Feb.17,4.25,4.25,4.7127417021227,26754.61187256,4156.93954513
03.Feb.17,4.25,4.25,4.7127417021227,26933.30118465,3776.72273339
06.Feb.17,4.25,4.25,4.71248140977951,26811.99737928,3925.04872372
07.Feb.17,4.25,4.25,4.7106481039574,26951.13186572,4506.10402559
08.Feb.17,4.25,4.25,4.7072387999431,26928.99498658,3749.04773892
09.Feb.17,4.25,4.25,4.6965218486436,27371.84952192,2823.01972247
10.Feb.17,4.25,4.25,4.68975827505202,25403.93052963,3069.83526297
13.Feb.17,4.25,4.25,4.68560085374024,25347.80065663,1598.78136103
14.Feb.17,4.18,4.25,4.68344255731548,25043.04064917,2005.27036971
15.Feb.17,4.22,4.25,4.68140462540983,25352.46349572,1270.44517952
16.Feb.17,4.25,4.25,4.6833686828717,25789.60131957,1081.15864971
17.Feb.17,4.25,4.25,4.68131872554502,26318.04579466,799.8317004
20.Feb.17,4.25,4.25,4.67861769813414,26963.25566183,818.73711701
21.Feb.17,4.25,4.25,4.67609712085093,27385.81468856,694.11378341
22.Feb.17,4.25,4.25,4.67369296235681,27530.97901878,815.07384155
23.Feb.17,4.25,4.25,4.6711375293057,27271.37067887,598.72910339
24.Feb.17,4.25,4.25,4.66869428827218,27159.03086692,655.91365285
27.Feb.17,4.25,4.25,4.66484473544507,26829.6489162,574.84034823
28.Feb.17,4.25,4.25,4.66290784072971,26369.96273446,711.93762424
01.Mar.17,4.25,4.25,4.66305197126338,26573.38529326,3500.8123081
02.Mar.17,4.25,4.25,4.66731958252257,26571.51937754,3616.16510582
03.Mar.17,4.25,4.25,4.66731958252257,26703.35076104,3764.19728766
06.Mar.17,4.25,4.25,4.66708916769749,26443.43408054,3418.75508348
07.Mar.17,4.25,4.25,4.66860393686826,26399.47172335,3403.18383637
08.Mar.17,4.25,4.25,4.67057735111113,26534.93950778,3535.94110762
09.Mar.17,4.25,4.25,4.67464184549514,26457.86997379,3370.85197001
10.Mar.17,4.25,4.25,4.67649870020172,26411.87241155,2671.05744817
13.Mar.17,4.19,4.25,4.67678936693879,26129.38215505,2625.75280183
14.Mar.17,4.22,4.25,4.6761316096855,26057.44993712,2088.03188763
15.Mar.17,4.25,4.25,4.67615667729444,26482.54441654,1991.49315452
16.Mar.17,4.25,4.25,4.67527837028078,27007.80079408,1792.17955345
17.Mar.17,4.25,4.25,4.67423755459133,27889.20387182,1314.43669285
20.Mar.17,4.25,4.25,4.67493026383898,28524.61577374,1326.70305644
21.Mar.17,4.25,4.25,4.67632578206992,29098.07818562,951.13714543
22.Mar.17,4.25,4.25,4.67776548978213,29288.19897936,1597.23614433
23.Mar.17,4.25,4.25,4.67905965575164,29468.54920793,1341.16009124
24.Mar.17,4.25,4.25,4.6781091515156,29094.51554508,1025.98729682
27.Mar.17,4.25,4.25,4.67727723120418,28957.19616545,761.88728871
28.Mar.17,4.23,4.25,4.67036216934699,28918.43281089,868.33443808
29.Mar.17,4.25,4.25,4.66497482929626,28725.24876404,712.24624377
30.Mar.17,4.25,4.25,4.65772823190808,28657.67819979,727.86648606
31.Mar.17,4.25,4.25,4.65772823190808,29210.57830782,1081.9814367
03.Abr.17,4.25,4.25,4.65733023569205,29546.22289617,3212.60212119
04.Abr.17,4.25,4.25,4.65733023569205,29312.37802087,2743.42370668
05.Abr.17,4.25,4.25,4.65707298949012,29350.63323444,3081.56804008
06.Abr.17,4.25,4.25,4.65367145639684,29862.05473732,2976.17950492
07.Abr.17,4.25,4.25,4.65367145639684,30389.60819019,2767.31603671
10.Abr.17,4.32,4.25,4.65451419915648,29824.39304483,3323.51190452
11.Abr.17,4.3,4.25,4.67504522918219,29713.43395145,4115.6403005
12.Abr.17,4.35,4.25,4.67466236883668,29286.70124205,3956.62573387
13.Abr.17,n.d.,n.d.,n.d.,n.d.,n.d.
14.Abr.17,n.d.,n.d.,n.d.,n.d.,n.d.
17.Abr.17,4.25,4.25,4.67101591303458,29718.15350208,1613.34295509
18.Abr.17,4.25,4.25,4.66670614530204,29521.97232038,1325.80056779
19.Abr.17,4.25,4.25,4.65547606842967,30032.01422978,1535.07100384
20.Abr.17,4.25,4.25,4.64779626745661,30358.71630237,1803.23266884
21.Abr.17,4.25,4.25,4.64504616040064,31585.67891415,895.636339
24.Abr.17,4.25,4.25,4.6459876931987,32050.47641159,834.66543327
25.Abr.17,4.25,4.25,4.64220728069862,32150.49832815,1091.50388179
26.Abr.17,4.25,4.25,4.63801197562108,32544.71477861,728.16404503
27.Abr.17,4.25,4.25,4.63368338812884,32311.48356216,676.55456446
28.Abr.17,4.25,4.25,4.63642186444897,32352.10674169,977.04634943
01.May.17,n.d.,n.d.,n.d.,n.d.,n.d.
02.May.17,4.25,4.25,4.64249926091504,32524.30688883,3161.16773641
03.May.17,4.26,4.25,4.64196715525626,31906.96419071,4724.17987571
04.May.17,4.25,4.25,4.64506340110233,31691.45587684,4245.32824132
05.May.17,4.25,4.25,4.64506340110233,32535.01017268,2793.24119003
08.May.17,4.25,4.25,4.64441251321692,32409.013416,3043.0499871
09.May.17,4.25,4.25,4.64441251321692,32313.92163213,2853.47134085
10.May.17,4.25,4.25,4.63931019271796,32001.24051717,2796.85222456
11.May.17,4.25,4.25,4.62015523270169,31802.94498639,2909.05244997
12.May.17,4,4,4.61195379720773,32079.63354877,2033.72663818
15.May.17,4,4,4.60589850342793,32165.72961226,1921.46471195
16.May.17,4,4,4.60469935241728,32152.64414385,2347.56785676
17.May.17,4,4,4.59765985936622,32495.77403075,2285.05941353
18.May.17,4,4,4.59186370331674,32456.70995766,2178.10768549
19.May.17,4,4,4.59186370331674,33399.45396807,1776.98609599
22.May.17,4,4,4.59108975334683,33757.40868299,1795.52957996
23.May.17,4,4,4.59108975334683,34142.11822728,1013.7339873
24.May.17,4,4,4.5903609258817,34007.55402963,1290.45745508
25.May.17,4,4,4.58957943688662,33661.22922298,1014.71145103
26.May.17,4,4,4.58957943688662,33404.32570045,599.71871148
29.May.17,4,4,4.588767131205,32981.95192065,501.38764251
30.May.17,4,4,4.588767131205,32524.73360347,318.46893112
31.May.17,4,4,4.58799988453241,32172.03203012,567.51593838
01.Jun.17,4,4,4.58720185701826,32435.29414521,3047.87511802
02.Jun.17,4,4,4.58720185701826,32468.97529729,3575.19471352
05.Jun.17,4,4,4.58636234670586,32343.07468903,3364.69925155
06.Jun.17,4.01,4,4.59350233934174,32162.24614529,2988.29969425
07.Jun.17,4,4,4.5926763296474,32058.22269338,2809.3110111
08.Jun.17,4,4,4.58729272823067,32329.6286652,2777.49585431
09.Jun.17,4,4,4.58729272823067,32277.19022969,2915.89839411
12.Jun.17,4.01,4,4.58034059763737,32116.86162816,2573.95992657
13.Jun.17,4,4,4.57128848922492,32073.3617562,2155.06779834
14.Jun.17,3.82,4,4.56189186774573,32280.35314942,1427.4040288
15.Jun.17,3.81,4,4.5615585799787,32451.61482506,1099.51444134
16.Jun.17,4,4,4.56433248296141,33163.75171769,1246.17825231
19.Jun.17,4.01,4,4.56616952890304,33568.62227346,1277.3858367
20.Jun.17,4.02,4,4.56616952890304,33578.57262043,947.91795777
21.Jun.17,4,4,4.56531968696267,33606.7456529,1135.82809831
22.Jun.17,4.01,4,4.56444930079745,34092.38094885,1317.62840614
23.Jun.17,4.02,4,4.56444930079745,34187.27934931,1040.94934772
26.Jun.17,4.02,4,4.56356965308955,33845.19664778,1221.8803032
27.Jun.17,4.02,4,4.56356965308955,33135.76114388,937.60147064
28.Jun.17,4,4,4.56271437798929,32521.82677676,1406.07816614
29.Jun.17,n.d.,n.d.,n.d.,n.d.,n.d.
30.Jun.17,n.d.,n.d.,n.d.,n.d.,n.d.
03.Jul.17,4,4,4.56181626282481,32507.11680929,3556.75506937
04.Jul.17,4,4,4.56181626282481,32685.71768519,3473.49200417
05.Jul.17,4,4,4.56095368304197,33043.65395998,3098.25954425
06.Jul.17,4,4,4.56408783797095,33498.94673175,3294.28182171
07.Jul.17,4,4,4.56408783797095,33231.11904764,2803.76208962
10.Jul.17,4,4,4.56310320267895,32960.98904027,2731.02659941
11.Jul.17,4,4,4.56626089766899,32806.2275743,2198.88213863
12.Jul.17,4,4,4.56527280797323,32695.16884329,2431.98914757
13.Jul.17,4,4,4.56087249289745,32481.69794453,2615.55325054
14.Jul.17,3.75,3.75,4.56087249289745,32257.13948282,2370.92256248
17.Jul.17,3.75,3.75,4.55975335620211,32090.75598856,1847.02991587
18.Jul.17,3.75,3.75,4.55975335620211,32123.73672227,1955.57345036
19.Jul.17,3.75,3.75,4.55868781457516,32552.43030195,2043.06339396
20.Jul.17,3.75,3.75,4.55752359227815,33017.16472349,1688.3083934
21.Jul.17,3.75,3.75,4.55752359227815,36645.77217173,1264.80604453
24.Jul.17,3.75,3.75,4.55634966038057,36393.00111429,983.83562972
25.Jul.17,3.8,3.75,4.55634966038057,35712.21906362,946.76237325
26.Jul.17,3.79,3.75,4.55526718071885,34835.89472581,819.15358377
27.Jul.17,n.d.,n.d.,n.d.,n.d.,n.d.
28.Jul.17,n.d.,n.d.,n.d.,n.d.,n.d.
31.Jul.17,3.75,3.75,4.55406118756052,34398.02469653,715.58708038
01.Ago.17,3.75,3.75,4.55406118756052,34138.82842018,4248.17682339
02.Ago.17,3.75,3.75,4.55294649686885,34110.55095576,3902.27557517
03.Ago.17,3.75,3.75,4.55219861647501,33716.74135302,3862.96760635
04.Ago.17,3.75,3.75,4.55219861647501,33757.94549369,3064.78012034
07.Ago.17,3.75,3.75,4.55093697283095,33609.75539633,3185.79637615
08.Ago.17,3.75,3.75,4.54442387229923,33564.35177123,3085.29533066
09.Ago.17,3.75,3.75,4.52601067306501,33398.48924808,2461.36345657
10.Ago.17,3.7,3.75,4.48633263584093,33665.7496737,1779.34999684
11.Ago.17,3.72,3.75,4.45572875193316,30525.07513124,1500.69811904
14.Ago.17,3.75,3.75,4.43694921667447,30751.13171352,1783.98936231
15.Ago.17,3.75,3.75,4.42708218655044,31003.98634295,2928.32280181
16.Ago.17,3.75,3.75,4.41951388888891,31309.15219892,2072.526445
17.Ago.17,3.75,3.75,4.4056351429011,32303.12163571,1559.24826005
18.Ago.17,3.75,3.75,4.39633101953668,32563.4471493,1459.15802639
21.Ago.17,3.75,3.75,4.38633120752664,33197.69047402,1465.55998542
22.Ago.17,3.75,3.75,4.38025172870156,33197.05683395,1640.25008433
23.Ago.17,3.75,3.75,4.37069282627353,33047.17805769,1298.08539428
24.Ago.17,3.75,3.75,4.36411951998899,32652.6995565,1039.58238959
25.Ago.17,3.75,3.75,4.35573918346631,32268.78601177,783.3924613
28.Ago.17,3.74,3.75,4.34670169662734,31608.52952118,795.19424111
29.Ago.17,3.46,3.75,4.33113866476391,31221.33255872,405.07660413
30.Ago.17,n.d.,n.d.,n.d.,n.d.,n.d.
31.Ago.17,3.69,3.75,4.31141708009012,30916.73510282,685.59637185
01.Set.17,3.75,3.75,4.30431424198828,30789.91630994,3681.64381475
04.Set.17,3.76,3.75,4.30356994406168,30515.07669071,4031.41038887
05.Set.17,3.76,3.75,4.30356994406168,30156.09194877,3875.22757681
06.Set.17,3.75,3.75,4.30291166990402,29920.33430847,3930.31347651
07.Set.17,3.75,3.75,4.28413958896821,29426.61004336,3894.86239315
08.Set.17,3.46,3.75,4.28413958896821,29595.1286148,2471.38319191
11.Set.17,3.7,3.75,4.28335948935676,29304.22732235,2385.00061511
12.Set.17,3.75,3.75,4.27410921543406,29046.38000124,1527.917364
13.Set.17,3.7,3.75,4.24898229812374,28737.25903226,1593.71955952
14.Set.17,3.7,"3.7512301,2011-04-07,3.75",4.22159905576098,28729.64817689,1392.71517346
15.Set.17,3.6,3.5,4.18477756727764,29554.95099913,1256.27388059
18.Set.17,3.5,3.5,4.17650536196918,29699.07153152,1178.70910431
19.Set.17,3.5,3.5,4.16403510214149,29700.9460389,1431.82393549
20.Set.17,3.5,3.5,4.14787334182534,30487.84032289,836.30750235
21.Set.17,3.5,3.5,4.1453444107555,31215.8289381,1255.77023151
22.Set.17,3.51,3.5,4.1453444107555,31850.95693288,1105.58597
25.Set.17,3.5,3.5,4.1447502202089,31882.91205712,1274.53715878
26.Set.17,3.5,3.5,4.14050413583467,31539.68357628,842.73559065
27.Set.17,3.5,3.5,4.13718613340128,31235.27429016,864.89480424
28.Set.17,3.5,3.5,4.1337962639244,30903.59977565,664.48120291
29.Set.17,3.5,3.5,4.12917931649084,30316.41503671,1044.97344878
02.Oct.17,3.5,3.5,4.1317487877131,30398.90828343,3441.92126332
03.Oct.17,3.5,3.5,4.1317487877131,30075.36473501,3921.34537345
04.Oct.17,3.51,3.5,4.13103083782391,29867.99654816,3813.14643629
05.Oct.17,3.51,3.5,4.10388649423085,29843.55279647,3904.90477486
06.Oct.17,3.5,3.5,4.09934827547365,29797.69097259,3900.81334259
09.Oct.17,3.5,3.5,4.09200522508765,29804.14736071,2993.93777215
10.Oct.17,3.5,3.5,4.08828583463284,29446.19451882,2811.55914637
11.Oct.17,3.5,3.5,4.07957012935828,29109.86265515,2289.1822596
12.Oct.17,3.5,3.5,4.05141426772085,29079.64325055,2451.87987385
13.Oct.17,3.5,3.5,4.04604452656723,29276.10876679,2676.91065383
16.Oct.17,3.5,3.5,4.04315380385736,29429.97925284,1924.54911267
17.Oct.17,3.5,3.5,4.04116965976351,29626.23799224,1731.4496657
18.Oct.17,3.5,3.5,4.03848762269204,30061.75632335,1064.28669482
19.Oct.17,3.5,3.5,4.0328352159911,30454.645918,901.80829653
20.Oct.17,3.5,3.5,4.03125748376507,30727.92052143,1228.57735209
23.Oct.17,3.51,3.5,4.02986370093054,31235.94511946,1268.12044999
24.Oct.17,3.5,3.5,4.02986370093054,31214.47193994,965.88045971
25.Oct.17,3.5,3.5,4.02946693166239,30629.15039949,923.05231729
26.Oct.17,3.51,3.5,4.02659089821936,30120.26525797,643.00824987
27.Oct.17,3.5,3.5,4.02585367236868,29773.39142956,472.8525043
30.Oct.17,3.5,3.5,4.02336833259595,29703.64349808,685.39801359
31.Oct.17,3.5,3.5,4.02336833259595,28966.80037601,1153.86847374
01.Nov.17,n.d.,n.d.,n.d.,n.d.,n.d.
02.Nov.17,3.51,3.5,4.02294702271643,28835.26139928,3371.42003316
03.Nov.17,3.51,3.5,4.02294702271643,28712.0741846,3264.23293325
06.Nov.17,3.51,3.5,4.02135621944404,28830.8896075,3130.39468899
07.Nov.17,3.51,3.5,4.02743004814119,28412.56064853,3710.02414306
08.Nov.17,3.51,3.5,4.02062635398856,28516.76857169,3343.42775807
09.Nov.17,3.5,3.5,4.00459432573077,28574.28093653,3304.26790872
10.Nov.17,3.25,3.25,3.99835023867244,28425.65702405,2670.91298091
13.Nov.17,3.25,3.25,3.99246894691342,28287.39242842,2176.60709664
14.Nov.17,3.25,3.25,3.98855597000601,28087.06289783,2247.16743328
15.Nov.17,3.25,3.25,3.98799956329431,28174.60736249,2144.5622208
16.Nov.17,3.24,3.25,3.99451470110832,28777.84988654,1674.52114276
17.Nov.17,3.21,3.25,3.9913381113316,28809.08616552,1428.27295261
20.Nov.17,3.25,3.25,3.98612068319389,29338.74575678,1641.66921885
21.Nov.17,3.22,3.25,3.98329647887115,29558.04633238,1230.23708238
22.Nov.17,3.25,3.25,3.98267451328966,29939.37115336,1369.17318733
23.Nov.17,3.25,3.25,3.98213570706967,30186.46065943,1297.99188088
24.Nov.17,3.25,3.25,3.98213570706967,30422.7561472,1161.79863179
27.Nov.17,3.25,3.25,3.98153380315658,30061.90444601,831.72558464
28.Nov.17,3.25,3.25,3.98153380315658,29856.65983964,754.38800603
29.Nov.17,3.25,3.25,3.98098806857226,29474.11862483,917.0211575
30.Nov.17,3.25,3.25,3.98045222322282,29667.06769841,834.90554316
01.Dic.17,3.25,3.25,3.98045222322282,30426.07522949,3213.28052484
04.Dic.17,3.25,3.25,3.98209714358895,31056.60573886,3796.74610172
05.Dic.17,3.25,3.25,3.99623884898317,32384.6886094,3551.43723744
06.Dic.17,3.25,3.25,3.99566773040554,32832.73163939,3922.20698662
07.Dic.17,3.25,3.25,3.96980875078941,33329.91882858,4033.64133871
08.Dic.17,n.d.,n.d.,n.d.,n.d.,n.d.
11.Dic.17,3.25,3.25,3.96883168266124,34075.08197039,1837.55675858
12.Dic.17,3.25,3.25,3.98170861098319,34982.24999974,2095.71729723
13.Dic.17,3.25,3.25,3.97814878693046,34974.29809483,2014.95968603
14.Dic.17,3.21,3.25,3.97164823919527,35080.45731984,1682.3170249
15.Dic.17,3.25,3.25,3.96603286530311,34880.03521249,1287.94916532
18.Dic.17,3.25,3.25,3.96633677764773,34911.76103339,2223.38099018
19.Dic.17,3.25,3.25,3.96633677764773,35096.00971088,1496.26576858
20.Dic.17,3.25,3.25,3.9650674775916,35300.20565349,1325.54007567
21.Dic.17,3.32,3.25,3.96413339794649,35822.41997404,2128.74658448
22.Dic.17,3.32,3.25,3.96413339794649,36126.77971446,1914.44201296
25.Dic.17,n.d.,n.d.,n.d.,n.d.,n.d.
26.Dic.17,3.25,3.25,3.96500177599058,36479.01051286,1276.55677078
27.Dic.17,3.25,3.25,3.96422533377176,36694.14821804,852.03704757
28.Dic.17,3.25,3.25,3.96336259354542,36360.9851902,717.59815868
29.Dic.17,3.25,3.25,3.96336259354542,42169.08038456,1184.04950424
01.Ene.18,n.d.,n.d.,n.d.,n.d.,n.d.
02.Ene.18,n.d.,n.d.,n.d.,n.d.,n.d.
03.Ene.18,3.25,3.25,3.96252103024653,42054.62379699,4729.4121692
04.Ene.18,3.25,3.25,3.96199343737705,41443.86096057,3851.15685393
05.Ene.18,3.25,3.25,3.96199343737705,40479.272092,3917.36578798
08.Ene.18,3.25,3.25,3.96100708579302,40178.13976164,3570.52920832
09.Ene.18,3.25,3.25,3.91982154492269,39437.83783679,3823.34055825
10.Ene.18,3.15,3.25,3.9183655982121,39365.82655501,2949.74742767
11.Ene.18,3,3.25,3.86086532451018,39518.75652649,2935.90776307
12.Ene.18,3,3,3.83552687105692,39150.85148767,2558.63654655
15.Ene.18,3,3,3.80079067244011,38670.00646731,2150.54860184
16.Ene.18,3,3,3.76797312861161,39005.58364589,1928.99277806
17.Ene.18,3,3,3.73671160573771,39321.10357803,1734.11376209
18.Ene.18,3,3,3.72229732030702,39479.83453734,1841.44419916
19.Ene.18,3,3,3.72229732030702,40363.20342567,1581.84182845
22.Ene.18,3,3,3.72135149101158,40960.78033754,1484.58017837
23.Ene.18,3,3,3.72135149101158,41273.41932297,1402.14985694
24.Ene.18,3,3,3.7203978619091,41398.91568023,1110.93846863
25.Ene.18,3,3,3.72099048824023,40903.62877184,1355.52316254
26.Ene.18,3,3,3.71089947022324,40753.95690893,1078.38528145
29.Ene.18,3,3,3.69300007531256,40182.84727246,887.05709834
30.Ene.18,3.01,3,3.67847283788046,39419.60118429,1018.06291449
31.Ene.18,3.01,3,3.67759408527435,38740.72470354,1040.93625976
01.Feb.18,3,3,3.67667067774961,38431.16747343,3528.30385585
02.Feb.18,3,3,3.67667067774961,38487.56920703,3539.54440315
05.Feb.18,3,3,3.67575822590491,38221.28517109,3656.74063173
06.Feb.18,3.01,3,3.66130954568206,37913.67933333,2988.88678683
07.Feb.18,3.01,3,3.64335862557741,37956.53354009,2441.78332504
08.Feb.18,3.01,3,3.57877860504978,38065.73096658,2937.45243911
09.Feb.18,3,3,3.56306633077726,34310.12234791,2843.1304343
12.Feb.18,3.01,3,3.54946619228171,34361.33847967,1979.36052328
13.Feb.18,3,3,3.51641654570005,34225.39747986,1860.10978261
14.Feb.18,3,3,3.49694242434555,34369.47691408,1817.79874127
15.Feb.18,3.01,3,3.48349104077793,34680.79247754,1559.00333408
16.Feb.18,3.01,3,3.47423680580807,34860.53642998,1670.34534683
19.Feb.18,3,3,3.47303025393141,35206.7209585,1430.34069984
20.Feb.18,3,3,3.47303025393141,35278.20053936,1107.75858795
21.Feb.18,3.01,3,3.4718685891291,36519.23020933,977.0310511
22.Feb.18,3.1,3,3.47154856553423,36991.09104399,1449.71147172
23.Feb.18,3.02,3,3.47154856553423,37385.19256422,1487.02300259
26.Feb.18,3.01,3,3.47034160312242,36850.46236821,911.22699398
27.Feb.18,3,3,3.45554181605544,36587.51934061,558.75295897
28.Feb.18,3,3,3.45111834583205,36419.62857664,507.04299702
01.Mar.18,3,3,3.45000430325351,36682.3950543,3170.81065487
02.Mar.18,3,3,3.45000430325351,36574.15570195,3694.04536127
05.Mar.18,3,3,3.44886428609013,36129.91841024,3404.56785686
06.Mar.18,3,3,3.43523313630254,35958.78140696,3380.37589085
07.Mar.18,3,3,3.42330335155893,35589.6877596,2815.24065445
08.Mar.18,2.97,3,3.36951249701419,36139.65945425,2792.74502933
09.Mar.18,2.75,2.75,3.35678472827446,36011.42692866,2238.63181931
12.Mar.18,2.75,2.75,3.33756764369283,36216.59794832,2495.42748759
13.Mar.18,2.75,2.75,3.31550657449075,36061.73867258,2931.48137645
14.Mar.18,2.75,2.75,3.29761741058399,36008.31009615,2141.6603822
15.Mar.18,2.56,2.75,3.26444975904805,36315.83764311,1867.56580769
16.Mar.18,2.73,2.75,3.25595353617087,36750.1910571,1683.40809097
19.Mar.18,2.75,2.75,3.25497167744429,37573.06501543,1529.10231395
20.Mar.18,2.75,2.75,3.24973207159617,37868.21623339,2066.93267972
21.Mar.18,2.75,2.75,3.2488002249428,38775.8867156,1658.22680223
22.Mar.18,2.75,2.75,3.22490124958262,39115.12096616,2111.72149087
23.Mar.18,2.75,2.75,3.22490124958262,39099.73350974,1815.40215515
26.Mar.18,2.75,2.75,3.22389765393205,39043.54666488,1439.87428689
27.Mar.18,2.75,2.75,3.2267530237282,39017.09246555,741.41337626
28.Mar.18,2.76,2.75,3.22797470859229,39330.18923522,784.95379302
29.Mar.18,n.d.,n.d.,n.d.,n.d.,n.d.
30.Mar.18,n.d.,n.d.,n.d.,n.d.,n.d.
02.Abr.18,2.76,2.75,3.22694366066744,39764.4299092,4765.51572109
03.Abr.18,2.75,2.75,3.22694366066744,39699.99619769,4135.19278972
04.Abr.18,2.75,2.75,3.2260236722868,39375.72875595,3904.55362972
05.Abr.18,2.75,2.75,3.21705040846053,39493.27143756,3328.68579841
06.Abr.18,2.75,2.75,3.21705040846053,40649.35976113,2930.0049953
09.Abr.18,2.75,2.75,3.21599601669197,40814.557267,2872.7094386
10.Abr.18,2.75,2.75,3.20012478888161,41182.31186285,2022.16244415
11.Abr.18,2.75,2.75,3.19872883693266,41097.61209298,2133.62302392
12.Abr.18,2.75,2.75,3.14147154247615,41208.34831073,3052.58130966
13.Abr.18,n.d.,n.d.,n.d.,n.d.,n.d.
16.Abr.18,2.75,2.75,3.1367785943976,41681.32636069,1520.38196015
17.Abr.18,2.75,2.75,3.1192960431824,42430.06036998,1530.57375826
18.Abr.18,2.75,2.75,3.11375780819567,43006.1107405,1502.33178794
19.Abr.18,2.75,2.75,3.08458502472643,43742.23135543,979.8152055
20.Abr.18,2.75,2.75,3.08458502472643,44410.67903954,1035.83067067
23.Abr.18,2.75,2.75,3.0836706365027,45896.85386158,1225.67301868
24.Abr.18,2.75,2.75,3.0836706365027,45142.5950192,683.49199044
25.Abr.18,2.75,2.75,3.08295853321469,44780.03399714,753.59424306
26.Abr.18,2.75,2.75,3.07895523691047,44562.40531301,794.53303897
27.Abr.18,2.75,2.75,3.07895523691047,43902.00524156,684.4287617
30.Abr.18,2.75,2.75,3.078049409253,43306.67920479,716.91150267
01.May.18,n.d.,n.d.,n.d.,n.d.,n.d.
02.May.18,2.75,2.75,3.07727371572303,42958.62444933,4001.30901438
03.May.18,2.75,2.75,3.07637420680575,42171.31075206,4343.7859385
04.May.18,2.75,2.75,3.07637420680575,41916.50055829,3571.40514633
07.May.18,2.75,2.75,3.0754418339268,41833.93312004,3765.59146708
08.May.18,2.75,2.75,3.05990628269701,41760.66039009,3655.75135305
09.May.18,2.75,2.75,3.05889683361819,41727.91691271,3198.44098327
10.May.18,2.75,2.75,3.02884072638614,41302.29211927,3548.07904071
11.May.18,2.75,2.75,3.02884072638614,40958.26697802,2595.76031535
14.May.18,2.75,2.75,3.02755392713388,40834.55211645,2450.08123622
15.May.18,2.75,2.75,3.01383829484033,40408.51321153,2340.11350286
16.May.18,2.75,2.75,3.00375015432505,41028.45114677,1774.70441128
17.May.18,2.75,2.75,2.99718284961513,41246.44419084,2149.35474167
18.May.18,2.75,2.75,2.99718284961513,41774.42782525,1387.68339411
21.May.18,2.75,2.75,2.99638271091583,42522.23773657,1443.93086876
22.May.18,2.75,2.75,2.99638271091583,42778.9097488,952.23956768
23.May.18,2.75,2.75,2.99555233046813,43092.86109316,1339.18637273
24.May.18,2.76,2.75,2.99467071221825,43010.51570079,1014.99724632
25.May.18,2.75,2.75,2.99467071221825,42687.79162924,1147.54860987
28.May.18,2.75,2.75,2.99395555935646,42517.86223724,702.71166079
29.May.18,2.76,2.75,2.99395555935646,42250.74157771,880.0833475
30.May.18,2.79,2.75,2.99350285589162,42126.59883931,890.70766366
31.May.18,2.87,2.75,2.99302124777476,42112.0163865,501.07224469
01.Jun.18,2.9,2.75,2.99302124777476,41927.18043215,5314.05144747
04.Jun.18,2.75,2.75,2.99251544761118,41899.08237675,4429.34779388
05.Jun.18,2.75,2.75,2.99251544761118,41761.54689293,4022.65360454
06.Jun.18,2.75,2.75,2.99225794781686,41551.07210711,4057.49316176
07.Jun.18,2.75,2.75,2.97523353654121,41742.70052036,3755.28518597
08.Jun.18,2.78,2.75,2.97523353654121,41586.42199572,4584.50988275
11.Jun.18,2.75,2.75,2.97467650898408,41586.95430685,3186.55165487
12.Jun.18,2.75,2.75,2.96792328971047,41381.7575735,2595.78961729
13.Jun.18,2.75,2.75,2.96758216420971,41085.94591217,1693.62555068
14.Jun.18,2.75,2.75,2.96546492597109,41367.40426366,1654.48439605
15.Jun.18,2.78,2.75,2.96546492597109,41862.98553422,1596.10322865
18.Jun.18,2.75,2.75,2.96509457865373,41887.93224253,1655.57235434
19.Jun.18,2.75,2.75,2.96509457865373,41628.87123894,1022.28324156
20.Jun.18,2.77,2.75,2.96464287201859,42529.63033096,1063.22621369
21.Jun.18,2.76,2.75,2.96409063932897,43129.38045781,1499.31494099
22.Jun.18,2.84,2.75,2.96409063932897,43792.61811024,1863.24718097
25.Jun.18,2.8,2.75,2.96345537429292,43668.42935933,979.97334945
26.Jun.18,2.75,2.75,2.96345537429292,42967.64402062,943.96298652
27.Jun.18,2.75,2.75,2.96315745232631,42958.07168585,688.9164262
28.Jun.18,2.75,2.75,2.96259329502566,42762.15502357,729.44912244
29.Jun.18,n.d.,2.75,2.96259329502566,42762.15502357,729.44912244
02.Jul.18,2.75,2.75,2.96218442131537,43194.21571156,4322.52400482
03.Jul.18,2.75,2.75,2.96218442131537,42888.15474367,4492.85749955
04.Jul.18,2.75,2.75,2.9618891054017,42722.85572857,4503.67305713
05.Jul.18,2.75,2.75,2.96153819901518,43054.38453927,4283.80238273
06.Jul.18,2.75,2.75,2.96153819901518,42687.49575265,4214.9583839
09.Jul.18,2.75,2.75,2.96113188957944,42554.90644713,3649.83582095
10.Jul.18,2.75,2.75,2.97049355925411,42311.7079608,3306.52023364
11.Jul.18,2.75,2.75,2.97002520277656,42281.57598992,3072.01397819
12.Jul.18,2.74,2.75,2.94195872463108,42051.06713734,3039.2956122
13.Jul.18,2.74,2.75,2.93673828006979,42219.23008821,2235.92278527
16.Jul.18,2.68,2.75,2.93309602404495,42544.62023698,1829.88983444
17.Jul.18,2.7,2.75,2.92915119331886,42517.67232947,1356.3795158
18.Jul.18,2.75,2.75,2.92535633419798,42945.50984878,965.07877851
19.Jul.18,2.75,2.75,2.93663782677076,43579.02274645,1085.7392629
20.Jul.18,2.75,2.75,2.93663782677076,44185.91917335,1116.65831584
23.Jul.18,2.75,2.75,2.93609778320149,45066.64648942,1305.23743313
24.Jul.18,2.75,2.75,2.94557994159911,45621.44409787,1138.72648385
25.Jul.18,2.75,2.75,2.94526490434368,45141.28000751,1227.92202897
26.Jul.18,2.75,2.75,2.94475849639989,44453.93106422,1239.24650913
27.Jul.18,n.d.,n.d.,n.d.,n.d.,n.d.
30.Jul.18,2.75,2.75,2.944189407058,44674.76784665,813.24213568
31.Jul.18,2.75,2.75,2.944189407058,44589.63263601,490.99830205
01.Ago.18,2.75,2.75,2.9436697622554,44101.02469158,4430.85366232
02.Ago.18,2.75,2.75,2.94287626668028,43899.97280458,4349.75461112
03.Ago.18,2.75,2.75,2.94287626668028,43462.53046241,4002.54039063
06.Ago.18,2.75,2.75,2.94156531531533,43210.0810304,3826.40242279
07.Ago.18,2.75,2.75,2.94156531531533,43282.85490442,3234.76381528
08.Ago.18,2.75,2.75,2.94105505517348,43393.97744678,3312.85991337
09.Ago.18,2.75,2.75,2.90519633554558,43494.05894,3050.61992797
10.Ago.18,2.75,2.75,2.89083278694184,40855.5278857,2853.53387181
13.Ago.18,2.75,2.75,2.87344131198623,40995.27648262,2555.99322528
14.Ago.18,2.75,2.75,2.86331780395717,41152.73641395,2037.10159928
15.Ago.18,2.75,2.75,2.8538474371828,41484.35710374,1943.63354987
16.Ago.18,2.75,2.75,2.84852468020411,42199.03131404,1366.15814189
17.Ago.18,2.75,2.75,2.84852468020411,42316.87156633,1554.57745191
20.Ago.18,2.76,2.75,2.84792751792992,42552.42300032,1532.03609734
21.Ago.18,2.75,2.75,2.84792751792992,42916.41340858,1771.12984246
22.Ago.18,2.75,2.75,2.84765419279154,42776.61424635,1444.53922902
23.Ago.18,2.75,2.75,2.84722372969853,43127.55055217,1101.94333207
24.Ago.18,2.75,2.75,2.84722372969853,43160.4352557,970.35572177
27.Ago.18,2.75,2.75,2.8466776280728,42874.96070567,1096.48187088
28.Ago.18,2.75,2.75,2.8466776280728,42364.56238019,778.88230409
29.Ago.18,2.75,2.75,2.84640837939745,41822.91382319,996.23209231
30.Ago.18,n.d.,n.d.,n.d.,n.d.,n.d.
31.Ago.18,n.d.,n.d.,n.d.,n.d.,n.d.
03.Set.18,2.75,2.75,2.84580595565309,42191.71035959,4859.37792237
04.Set.18,2.75,2.75,2.85507729466596,42343.33377107,4422.27370668
05.Set.18,2.75,2.75,2.85573244725758,42281.29564178,3770.14631568
06.Set.18,2.75,2.75,2.77594089084665,42001.73548888,4113.71190922
07.Set.18,2.74,2.75,2.77123755162539,41844.71364789,3398.70263432
10.Set.18,2.75,2.75,2.78097192834583,41973.78410049,3161.76932779
11.Set.18,2.75,2.75,2.74919466657212,41599.96347454,3134.75259083
12.Set.18,2.75,2.75,2.73932796445434,41336.46786094,2807.95961997
13.Set.18,2.75,2.75,2.73628852881,40977.54956966,2799.74973934
14.Set.18,2.75,2.75,2.73628852881,41028.35509452,2316.02247003
17.Set.18,2.75,2.75,2.7330241381832,41535.13697465,2408.09762498
18.Set.18,2.75,2.75,2.77428868249193,41575.99490164,2000.64823213
19.Set.18,2.75,2.75,2.77428868249193,42168.1422874,1783.42387434
20.Set.18,2.75,2.75,2.77428868249193,42427.7997357,1381.6541947
21.Set.18,2.75,2.75,2.77428868249193,43592.91442511,1232.22768193
24.Set.18,2.75,2.75,2.77428868249193,43439.41035084,1300.65078821
25.Set.18,2.75,2.75,2.77428868249193,43441.37778915,881.44391759
26.Set.18,2.75,2.75,2.72592159344839,42983.05040865,1273.6327929
27.Set.18,2.75,2.75,2.72594870787449,42803.15800333,776.34996411
28.Set.18,2.75,2.75,2.72594870787449,42422.73231172,645.81015302
01.Oct.18,2.75,2.75,2.72582193755744,42576.13113364,4460.09765098
02.Oct.18,2.75,2.75,2.73485080624205,42292.93256091,4261.22848166
03.Oct.18,2.75,2.75,2.73518029934841,41638.20208637,4340.64262402
04.Oct.18,2.75,2.75,2.73522971912821,41430.47108835,3860.19558959
05.Oct.18,2.75,2.75,2.73439822844525,41226.7299476,3371.87432276
08.Oct.18,n.d.,n.d.,n.d.,n.d.,n.d.
09.Oct.18,2.75,2.75,2.7392610244971,40577.60390131,3620.10317144
10.Oct.18,2.75,2.75,2.73710277858052,40657.33473441,3220.86916376
11.Oct.18,2.7,2.75,2.67276998038248,40667.46518474,2883.08608677
12.Oct.18,2.81,2.75,2.67276998038248,40412.46711582,3112.40576947
15.Oct.18,2.75,2.75,2.67264508786453,40543.01250956,3140.56440901
16.Oct.18,2.71,2.75,2.66693157927117,40552.82085716,2945.07804955
17.Oct.18,2.75,2.75,2.66436040291251,41355.91615544,2149.67291256
18.Oct.18,2.75,2.75,2.65819820508077,41716.92866513,1675.81260012
19.Oct.18,2.76,2.75,2.65819820508077,42540.9650432,1344.29432954
22.Oct.18,2.76,2.75,2.65810657211852,42944.13797599,1102.60719623
23.Oct.18,2.75,2.75,2.65810657211852,43495.41840645,999.06468588
24.Oct.18,2.78,2.75,2.65879328733978,43261.39304974,1135.16373782
25.Oct.18,2.84,2.75,2.65836343813084,42638.09230939,968.64437413
26.Oct.18,2.84,2.75,2.65732290029135,42248.09522982,683.58465252
29.Oct.18,2.76,2.75,2.65617797079556,42411.09953258,735.63806854
30.Oct.18,2.75,2.75,2.65617797079556,42069.59901007,558.79054902
31.Oct.18,2.75,2.75,2.65617797079556,40888.33954112,1320.48371612
01.Nov.18,n.d.,n.d.,n.d.,n.d.,n.d.
02.Nov.18,n.d.,n.d.,n.d.,n.d.,n.d.
05.Nov.18,2.76,2.75,2.65689025227595,41093.88963827,4939.0500764
06.Nov.18,2.76,2.75,2.67319804295607,40747.85818045,4791.06946134
07.Nov.18,2.77,2.75,2.6739533811266,40663.08214226,4337.24505871
08.Nov.18,2.77,2.75,2.66053500827727,40651.74088034,4323.90305086
09.Nov.18,2.76,2.75,2.6618566362814,40746.79431635,4525.53859456
12.Nov.18,2.75,2.75,2.66303869016077,40608.62661905,3404.03299378
13.Nov.18,2.76,2.75,2.66517865376232,39967.51731616,2994.14666002
14.Nov.18,2.75,2.75,2.66831927817986,39622.14903393,2875.38829537
15.Nov.18,2.76,2.75,2.67085810917804,39862.94719761,2308.69927365
16.Nov.18,2.75,2.75,2.67085810917804,40820.47331447,2085.82791494
19.Nov.18,2.76,2.75,2.67089408260247,41091.24470951,1924.07767762
20.Nov.18,2.75,2.75,2.67099561444786,41022.28395477,1962.89648987
21.Nov.18,2.75,2.75,2.67169863049193,42391.88846149,1493.64959433
22.Nov.18,2.75,2.75,2.67216560505828,42475.0421797,1239.3564939
23.Nov.18,2.75,2.75,2.67216560505828,43869.27813602,1273.78967807
26.Nov.18,2.75,2.75,2.67224262160174,43509.53684802,987.61888855
27.Nov.18,2.75,2.75,2.67224262160174,42072.7808266,837.19552761
28.Nov.18,2.75,2.75,2.67297498873485,41613.85585996,618.96328325
29.Nov.18,2.75,2.75,2.67340747556382,41527.90296778,766.86335598
30.Nov.18,2.75,2.75,2.67340747556382,41200.91179756,736.71644587
03.Dic.18,2.75,2.75,2.673456214456,41431.9027068,4375.13877941
04.Dic.18,2.75,2.75,2.673456214456,40696.95925756,4339.32151991
05.Dic.18,2.75,2.75,2.67419996648768,41171.20387205,3705.39080422
06.Dic.18,2.75,2.75,2.67570350368723,41483.74018076,4459.21550721
07.Dic.18,2.75,2.75,2.67570350368723,41181.18240535,4374.36235667
10.Dic.18,2.77,2.75,2.67572071280153,40854.84686216,4301.71566251
11.Dic.18,2.76,2.75,2.67339571651118,40312.66323404,3655.24443577
12.Dic.18,2.76,2.75,2.67658211702574,39918.18408026,3575.07549012
13.Dic.18,2.75,2.75,2.67857423727378,39606.75027136,2990.87252639
14.Dic.18,2.75,2.75,2.6805718470773,39290.15704474,3414.7825036
17.Dic.18,2.75,2.75,2.69018871704893,39293.89954603,2577.39757629
18.Dic.18,2.75,2.75,2.69108343562555,39460.46223464,2314.44845217
19.Dic.18,2.75,2.75,2.6918273831474,39359.35967358,2089.93434125
20.Dic.18,2.75,2.75,2.6923802008528,39490.31298927,1573.35458291
21.Dic.18,2.79,2.75,2.6923802008528,39674.2410557,1163.42425242
24.Dic.18,n.d.,n.d.,n.d.,n.d.,n.d.
25.Dic.18,n.d.,n.d.,n.d.,n.d.,n.d.
26.Dic.18,2.75,2.75,2.69313685147975,41664.1515916,675.78739007
27.Dic.18,2.75,2.75,2.69368420171443,40532.99666199,1080.64042952
28.Dic.18,2.75,2.75,2.69368420171443,39771.23982972,775.88742189
31.Dic.18,2.75,2.75,2.6938621629025,39546.19861484,1155.96005182
01.Ene.19,n.d.,n.d.,n.d.,n.d.,n.d.
02.Ene.19,2.75,2.75,2.69462963620124,39011.27888346,5392.43604414
03.Ene.19,2.75,2.75,2.69827615868795,38625.2565512,4182.13374013
04.Ene.19,2.76,2.75,2.69827615868795,38050.95528001,4547.03747079
07.Ene.19,2.75,2.75,2.69734883081319,37587.22715202,4290.98298844
08.Ene.19,2.75,2.75,2.70131648398709,37250.18311355,3860.43312503
09.Ene.19,2.75,2.75,2.70396501939433,37347.04970048,3692.44526505
10.Ene.19,2.75,2.75,2.70871273284963,37024.58709979,3450.00902615
11.Ene.19,2.75,2.75,2.71097982715621,37083.43325237,3089.64986909
14.Ene.19,2.76,2.75,2.71374061776777,37082.20153825,2806.25973933
15.Ene.19,2.75,2.75,2.71451957073616,37485.0616125,2614.26926205
16.Ene.19,2.75,2.75,2.71608041548716,37655.57353762,2437.4860796
17.Ene.19,2.75,2.75,2.71776834148814,37889.57186397,2219.41567837
18.Ene.19,2.76,2.75,2.71776834148814,38736.43899607,1765.23445004
21.Ene.19,2.76,2.75,2.7178268573505,40017.26357727,1352.53683058
22.Ene.19,2.76,2.75,2.7178268573505,40044.01171708,1563.58382879
23.Ene.19,2.76,2.75,2.71837367764214,40741.98755759,1501.99833971
24.Ene.19,2.76,2.75,2.71871861758416,40863.34697474,1114.25266776
25.Ene.19,2.75,2.75,2.71871861758416,40799.17347332,1411.05848867
28.Ene.19,2.75,2.75,2.71874810430217,40105.70339061,587.37485214
29.Ene.19,2.75,2.75,2.7189679939605,39715.46872154,597.55021309
30.Ene.19,2.75,2.75,2.72037622108408,39406.73375769,546.90446673
31.Ene.19,2.75,2.75,2.72057901174759,39082.35419679,616.29685435
01.Feb.19,2.75,2.75,2.72057901174759,39076.74806498,4251.26818086
04.Feb.19,2.75,2.75,2.73324251012143,39575.9263624,4851.4484624
05.Feb.19,2.75,2.75,2.73324251012143,39570.61455632,4344.41210464
06.Feb.19,2.75,2.75,2.7337583185207,39065.94308305,4528.14539787
07.Feb.19,2.75,2.75,2.73149559482326,39267.22601465,4367.64952025
08.Feb.19,2.75,2.75,2.72930460395965,39288.55410427,4017.32302473
11.Feb.19,2.75,2.75,2.73114040072888,37142.70747196,4837.80823724
12.Feb.19,2.74,2.75,2.7305569317474,37411.65750312,4181.08145094
13.Feb.19,2.75,2.75,2.72934777374131,37360.27275135,4247.17444994
14.Feb.19,2.75,2.75,2.7278867165236,37637.16555171,4131.51879671
15.Feb.19,2.75,2.75,2.72719678048451,37888.61185891,3315.82898665
18.Feb.19,2.75,2.75,2.72700113889403,38156.20296013,1895.818478
19.Feb.19,2.75,2.75,2.72537411536717,38185.56267102,1612.74017337
20.Feb.19,2.75,2.75,2.72550818737828,38934.24771099,1586.09199186
21.Feb.19,2.75,2.75,2.72591577327201,39622.32455412,1107.76053346
22.Feb.19,2.75,2.75,2.72591577327201,39781.26589557,859.25908147
25.Feb.19,2.75,2.75,2.72498285238438,40525.31793618,842.06840965
26.Feb.19,2.75,2.75,2.72443534772235,40441.407206,454.17557582
27.Feb.19,2.75,2.75,2.72545443984215,40136.01377101,949.42542832
28.Feb.19,2.75,2.75,2.72578745430096,40047.47359288,921.52976846
01.Mar.19,2.75,2.75,2.72578745430096,39835.27099482,5093.32577863
04.Mar.19,2.75,2.75,2.73585991778759,40402.11448417,4470.13802392
05.Mar.19,2.76,2.75,2.73585991778759,40034.26139908,4178.26181991
06.Mar.19,2.75,2.75,2.73647432719125,39922.0297231,4233.99074318
07.Mar.19,2.75,2.75,2.73504869304143,40144.87826658,4399.60802309
08.Mar.19,2.75,2.75,2.73504869304143,40643.00897413,3652.28649127
11.Mar.19,2.75,2.75,2.73461714690282,40853.94599011,3697.72688019
12.Mar.19,2.75,2.75,2.73513387659718,40786.98469953,3545.02055236
13.Mar.19,2.75,2.75,2.73532210097374,40781.37820207,3445.86321531
14.Mar.19,2.75,2.75,2.74275823376967,40805.87253854,4162.40616197
15.Mar.19,2.75,2.75,2.74275823376967,41107.90756015,3621.73327055
18.Mar.19,2.75,2.75,2.74238550724743,42019.78829742,1919.92406459
19.Mar.19,2.75,2.75,2.74238550724743,42382.0060112,1556.29532655
20.Mar.19,2.75,2.75,2.743001672255,42980.98307547,1679.93623192
21.Mar.19,2.75,2.75,2.74306043753632,43846.87587689,906.39103702
22.Mar.19,2.75,2.75,2.74306043753632,44503.14461123,963.10178131
25.Mar.19,2.75,2.75,2.74256756417009,44821.69264482,812.0690041
26.Mar.19,2.75,2.75,2.74256756417009,45064.98005186,838.1709691
27.Mar.19,2.75,2.75,2.74317675751698,45123.83495534,835.26185576
28.Mar.19,2.75,2.75,2.74323432050066,45108.57826928,894.9485148
29.Mar.19,2.75,2.75,2.74323432050066,44687.21796987,643.32511419
01.Abr.19,2.75,2.75,2.74274304749992,44821.69664538,4818.35335166
02.Abr.19,2.75,2.75,2.75489503390721,44824.2810323,4604.20282405
03.Abr.19,2.75,2.75,2.75528495709891,44957.08670751,4539.21902364
04.Abr.19,2.75,2.75,2.75522846185731,45447.64722261,4499.70568772
05.Abr.19,2.75,2.75,2.75522846185731,45823.54303149,4370.77284007
08.Abr.19,2.75,2.75,2.75458317912482,46424.84104191,4168.63849374
09.Abr.19,2.75,2.75,2.75458317912482,46261.05324342,3581.85116283
10.Abr.19,2.76,2.75,2.75478650405933,46235.75577619,3440.26192081
11.Abr.19,2.75,2.75,2.75208582469367,46071.59000629,3456.8829857
12.Abr.19,2.75,2.75,2.75122307347761,46201.04343637,3209.436963
15.Abr.19,2.75,2.75,2.75044843472174,46403.91651248,2951.6212664
16.Abr.19,2.75,2.75,2.75044843472174,46602.70748517,3107.57242564
17.Abr.19,2.75,2.75,2.75066603589277,47222.14654964,2043.72204072
18.Abr.19,n.d.,n.d.,n.d.,n.d.,n.d.
19.Abr.19,n.d.,n.d.,n.d.,n.d.,n.d.
22.Abr.19,2.75,2.75,2.74982625172799,48438.09768402,2246.36450852
23.Abr.19,2.75,2.75,2.74982625172799,49253.77888032,1469.67617706
24.Abr.19,2.75,2.75,2.75000843765056,50051.23471919,1173.30014323
25.Abr.19,2.75,2.75,2.74984562136747,50318.74098371,945.11411904
26.Abr.19,2.75,2.75,2.74984562136747,50099.38264319,667.79401486
29.Abr.19,2.75,2.75,2.74898107604563,49747.46460002,481.27104192
30.Abr.19,2.75,2.75,2.74898107604563,49063.40538544,927.09361136
01.May.19,n.d.,n.d.,n.d.,n.d.,n.d.
02.May.19,2.75,2.75,2.74876923699423,49474.89129102,4247.63836384
03.May.19,2.75,2.75,2.76104391714978,48966.28904047,4293.74913162
06.May.19,2.75,2.75,2.76029715282114,48503.90839836,4128.65267653
07.May.19,2.75,2.75,2.75746547012683,48370.05111104,3848.34618138
08.May.19,2.75,2.75,2.75669203696526,48364.76281683,3759.77065716
09.May.19,2.75,2.75,2.75731405622771,48328.26499297,4179.85002164
10.May.19,2.75,2.75,2.75394424613844,48128.54797621,3405.43825316
13.May.19,2.76,2.75,2.75130897804071,48518.03721516,2937.53155004
14.May.19,2.75,2.75,2.75085322544883,48522.17240747,2859.30121016
15.May.19,2.75,2.75,2.75096537681282,48592.12499708,2514.19130292
16.May.19,2.75,2.75,2.75079638405459,48910.71897601,2295.98609887
17.May.19,2.75,2.75,2.75079638405459,49322.94439803,1693.32861766
20.May.19,2.75,2.75,2.75026896866733,49895.70161086,1146.93777817
21.May.19,2.75,2.75,2.75026896866733,50708.60499879,1044.89930809
22.May.19,2.75,2.75,2.75032336048665,50943.17585756,1176.73933194
23.May.19,2.75,2.75,2.75013003555807,51194.56327181,858.53183056
24.May.19,2.75,2.75,2.75013003555807,51444.56719502,976.15875794
27.May.19,2.75,2.75,2.7494715342649,50978.63514856,1178.43724528
28.May.19,2.75,2.75,2.7494715342649,50789.36973906,1239.23019634
29.May.19,2.75,2.75,2.7494466944255,50320.51698226,857.28050528
30.May.19,2.75,2.75,2.74926590789263,50243.52597418,883.29332432
31.May.19,2.75,2.75,2.74926590789263,50370.17095031,858.73709421
03.Jun.19,2.75,2.75,2.74892246121559,50565.64522846,4371.73063927
04.Jun.19,2.75,2.75,2.74892246121559,50439.19552729,4401.04232719
05.Jun.19,2.75,2.75,2.74883384609016,50260.92761391,4282.54607802
06.Jun.19,2.75,2.75,2.74599207554073,50264.06638477,4528.56520102
07.Jun.19,2.75,2.75,2.74418722731008,49652.82822722,4427.31897311
10.Jun.19,2.75,2.75,2.74350638512397,49471.04543037,3742.09529311
11.Jun.19,2.75,2.75,2.74236007395974,49442.74101157,2408.07442133
12.Jun.19,2.75,2.75,2.74117070497492,49267.97083397,2279.48132183
13.Jun.19,2.75,2.75,2.74038359079437,49165.31592009,2742.03005026
14.Jun.19,2.75,2.75,2.74038359079437,49163.48801472,2200.01751382
17.Jun.19,2.75,2.75,2.740081848351,49246.80094695,2795.27373788
18.Jun.19,2.75,2.75,2.740081848351,49203.10428365,2555.64631235
19.Jun.19,2.75,2.75,2.73993373569263,49940.17746246,2827.63458789
20.Jun.19,2.75,2.75,2.7396295931657,50796.21724853,1909.02607756
21.Jun.19,2.75,2.75,2.7396295931657,51410.26318449,1488.68546724
24.Jun.19,2.75,2.75,2.73932113646142,51839.33594128,1042.5700083
25.Jun.19,2.75,2.75,2.73932113646142,51621.22647236,827.96737248
26.Jun.19,2.75,2.75,2.7391570342967,51529.44409522,973.30412804
27.Jun.19,2.75,2.75,2.73893851862228,51599.87906469,977.76508748
28.Jun.19,3.26,2.75,2.73893851862228,51434.93499252,1034.69019166
01.Jul.19,2.75,2.75,2.73842021807119,51556.30862801,4801.26974338
02.Jul.19,2.79,2.75,2.73640928037558,51300.91075356,4872.37944964
03.Jul.19,2.77,2.75,2.73602947553718,50988.82076212,6399.7004742
04.Jul.19,2.75,2.75,2.73549568959571,50740.82344347,5670.33504997
05.Jul.19,2.75,2.75,2.73549568959571,50668.14818701,3604.08499121
08.Jul.19,2.75,2.75,2.73209540653103,50602.79219694,3150.90648077
09.Jul.19,2.75,2.75,2.73002086729874,50212.30855999,2998.96078111
10.Jul.19,2.75,2.75,2.72960622464425,50157.03667079,2836.37687926
11.Jul.19,2.76,2.75,2.72767124634937,50014.3590485,2822.20903364
12.Jul.19,2.75,2.75,2.72617954476984,50423.88790224,2310.4071473
15.Jul.19,2.75,2.75,2.72426270639634,50450.2014831,1767.43512268
16.Jul.19,2.75,2.75,2.72426270639634,50034.87962636,1978.7719569
17.Jul.19,2.76,2.75,2.72348042184222,50527.47751428,1639.32040052
18.Jul.19,2.76,2.75,2.72284479753381,50832.03489586,1672.96756609
19.Jul.19,2.75,2.75,2.72284479753381,51302.24326588,1673.60673467
22.Jul.19,2.75,2.75,2.72209933309465,52118.75727352,1585.2510142
23.Jul.19,2.75,2.75,2.72209933309465,51792.55652683,1626.97624929
24.Jul.19,2.75,2.75,2.72130152281304,51142.17138749,1885.2616013
25.Jul.19,2.75,2.75,2.72056461526066,50367.94856707,1673.75171491
26.Jul.19,2.75,2.75,2.72056461526066,50055.80786005,1218.63290516
29.Jul.19,n.d.,n.d.,n.d.,n.d.,n.d.
30.Jul.19,n.d.,n.d.,n.d.,n.d.,n.d.
31.Jul.19,2.75,2.75,2.71998181997298,49906.09172945,514.14906445
01.Ago.19,2.75,2.75,2.71908364724089,49823.42838643,4142.98566281
02.Ago.19,2.75,2.75,2.72142488541488,49504.23266784,4548.10263973
05.Ago.19,2.76,2.75,2.72038881195406,49089.9233207,4309.11036291
06.Ago.19,2.75,2.75,2.72038881195406,48945.60570476,3994.90092664
07.Ago.19,2.75,2.75,2.71941951505582,48796.62125531,4031.19525809
08.Ago.19,2.75,2.75,2.7114947230254,48920.62969911,3894.81332783
09.Ago.19,2.5,2.5,2.69697017304692,45584.27075059,3568.87036301
12.Ago.19,2.5,2.5,2.68248812180656,45662.55107972,4005.32827455
13.Ago.19,2.5,2.5,2.66660793574159,45461.8084297,3504.53510165
14.Ago.19,2.5,2.5,2.65437133059676,45763.67108362,2614.90133072
15.Ago.19,2.5,2.5,2.64820014763401,46193.08573721,1901.33361522
16.Ago.19,2.5,2.5,2.64591616316945,46336.1073526,1127.93305291
19.Ago.19,2.5,2.5,2.6448533428335,47109.12769544,1462.19860605
20.Ago.19,2.5,2.5,2.6448533428335,47356.23051509,1087.23370247
21.Ago.19,2.5,2.5,2.64403716780736,48113.63720055,1173.95155444
22.Ago.19,2.5,2.5,2.64296109657377,48348.4787359,1542.5816537
23.Ago.19,2.5,2.5,2.64296109657377,48344.89599177,1402.39043521
26.Ago.19,2.5,2.5,2.64188893909445,48153.94962168,1288.31516155
27.Ago.19,2.5,2.5,2.64188893909445,47467.92930847,999.39662556
28.Ago.19,2.5,2.5,2.64102478809585,46461.77441576,801.42613451
29.Ago.19,n.d.,n.d.,n.d.,n.d.,n.d.
30.Ago.19,n.d.,n.d.,n.d.,n.d.,n.d.
02.Set.19,2.5,2.5,2.64009604625877,46842.59135842,4693.31760315
03.Set.19,2.5,2.5,2.64094454471686,46845.84318329,4930.8776036
04.Set.19,2.51,2.5,2.63986078284455,46541.79885056,4315.39775289
05.Set.19,2.5,2.5,2.63863661884554,46158.68786893,4531.99821223
06.Set.19,2.51,2.5,2.63863661884554,46101.48215561,4443.19981882
09.Set.19,2.5,2.5,2.63799089503138,46556.02278546,3066.15037804
10.Set.19,2.51,2.5,2.63799089503138,46026.05210887,3710.82273135
11.Set.19,2.51,2.5,2.63169610626985,45640.68799348,2934.01058304
12.Set.19,2.51,2.5,2.63190922397902,45456.49089712,2516.98912302
13.Set.19,2.5,2.5,2.62033624491752,45647.63587397,2740.3903684
16.Set.19,2.51,2.5,2.61913748530639,46144.85210247,2430.58854146
17.Set.19,2.5,2.5,2.61913748530639,46406.35244203,2414.97045187
18.Set.19,2.5,2.5,2.61913748530639,46949.2890567,1831.28098711
19.Set.19,2.51,2.5,2.61789753373541,47345.86804181,1770.48061406
20.Set.19,2.5,2.5,2.63986078284455,47448.25607701,1385.87200997
23.Set.19,2.5,2.5,2.61735015590836,48147.8029312,1551.09022554
24.Set.19,2.5,2.5,2.61735015590836,48017.98753222,1144.82937093
25.Set.19,2.5,2.5,2.61711193243924,47680.37772677,1319.52531691
26.Set.19,2.5,2.5,2.61684280579637,47168.34946401,949.11976829
27.Set.19,2.5,2.5,2.61684280579637,46693.88846166,867.80899522
30.Set.19,2.5,2.5,2.61646967847031,46725.89340065,542.30346431
01.Oct.19,2.5,2.5,2.61646967847031,46355.29240213,4599.20238081
02.Oct.19,2.5,2.5,2.61339289809195,46161.28698668,4504.97241035
03.Oct.19,2.5,2.5,2.61290589708131,45733.55435373,4650.30261656
04.Oct.19,2.5,2.5,2.61290589708131,45499.65649678,4171.40250891
07.Oct.19,2.5,2.5,2.61250062989159,45393.07408229,4316.77859973
08.Oct.19,n.d.,n.d.,n.d.,n.d.,n.d.
09.Oct.19,2.5,2.5,2.61221252045266,45399.54311323,3963.70862664
10.Oct.19,2.5,2.5,2.60823906600198,45643.0399815,3763.87480313
11.Oct.19,2.5,2.5,2.6032054137159,45649.92217765,2972.59738146
14.Oct.19,2.5,2.5,2.59387333738519,45495.63644317,2786.73799808
15.Oct.19,2.51,2.5,2.58716803020545,45550.11600996,3055.23332854
16.Oct.19,2.5,2.5,2.58678997026142,45950.32731324,2333.59078411
17.Oct.19,2.5,2.5,2.58629088664515,46042.46868065,1717.83673989
18.Oct.19,2.51,2.5,2.58629088664515,46983.64845323,1710.50219629
21.Oct.19,2.5,2.5,2.58590815437439,48006.41758807,1289.35706127
22.Oct.19,2.5,2.5,2.58590815437439,48249.43200072,1298.51209513
23.Oct.19,2.5,2.5,2.58556401650936,48396.68053055,1124.26064165
24.Oct.19,2.58,2.5,2.58508403230302,48124.08477194,877.98074222
25.Oct.19,2.51,2.5,2.58508403230302,47756.11967028,694.15551159
28.Oct.19,2.5,2.5,2.58471420336545,47084.62739442,942.69362725
29.Oct.19,2.5,2.5,2.58471420336545,46571.90124126,829.27014072
30.Oct.19,2.5,2.5,2.58451715811679,45859.81682487,1085.15968692
31.Oct.19,n.d.,n.d.,n.d.,n.d.,n.d.
01.Nov.19,n.d.,n.d.,n.d.,n.d.,n.d.
04.Nov.19,2.5,2.5,2.5834876097809,45773.50185461,4903.70542402
05.Nov.19,2.5,2.5,2.5834876097809,45385.72407467,4965.45379248
06.Nov.19,2.5,2.5,2.58329084092955,45143.20748675,5071.89143846
07.Nov.19,2.5,2.5,2.56087072959183,44819.24657499,5060.63837463
08.Nov.19,2.26,2.25,2.55335181599478,45201.13998279,4720.12182739
11.Nov.19,2.25,2.25,2.54621766748621,45277.31065025,4355.1788174
12.Nov.19,2.25,2.25,2.53816063146958,45130.25944164,3935.46426322
13.Nov.19,2.25,2.25,2.52996710202403,44648.43917851,3602.27317569
14.Nov.19,2.25,2.25,2.52377642395297,43979.59301963,3165.63297538
15.Nov.19,2.25,2.25,2.52081178027745,44056.58325319,2563.83608948
18.Nov.19,2.25,2.25,2.52045811560213,44493.29465613,2188.4046113
19.Nov.19,2.25,2.25,2.52045811560213,44916.0793732,1927.06193523
20.Nov.19,2.25,2.25,2.52026630200376,45750.25521116,1273.99434924
21.Nov.19,2.25,2.25,2.51994408089369,46366.46439712,819.05938847
22.Nov.19,2.25,2.25,2.51994408089369,46391.69539595,720.05431923
25.Nov.19,2.25,2.25,2.5195823038089,46406.56983823,718.51924706
26.Nov.19,2.25,2.25,2.5195823038089,46316.43685209,645.30073869
27.Nov.19,2.26,2.25,2.51926141656363,46075.66763412,949.81054661
28.Nov.19,2.26,2.25,2.51893114230601,46110.45757301,759.18810983
29.Nov.19,2.25,2.25,2.51893114230601,45964.43392205,687.0012762
02.Dic.19,2.25,2.25,2.51855142641753,45473.15662193,4315.06234451
03.Dic.19,2.26,2.25,2.50122969725424,45819.70773499,4767.03594978
04.Dic.19,2.25,2.25,2.5009415790269,45979.04811945,4663.9881065
05.Dic.19,2.25,2.25,2.50062223808741,45759.08969837,4529.08299237
06.Dic.19,2.25,2.25,2.50062223808741,45457.78729688,4592.48532452
09.Dic.19,2.25,2.25,2.50023870042994,45321.66142598,4836.97464112
10.Dic.19,2.25,2.25,2.50023870042994,45200.51991931,4442.67192455
11.Dic.19,2.25,2.25,2.49995254782956,44984.35535043,4495.75250005
12.Dic.19,2.25,2.25,2.49988701645892,44851.86772197,4023.86774879
13.Dic.19,2.25,2.25,2.49988701645892,44543.52738593,3360.08622425
16.Dic.19,2.25,2.25,2.49947245766689,45033.24401988,2261.77301883
17.Dic.19,2.24,2.25,2.49947245766689,45980.0260128,1672.3630074
18.Dic.19,2.25,2.25,2.49917561601468,46271.09440178,1961.77762313
19.Dic.19,2.25,2.25,2.49882635312571,46809.39099127,1853.26465818
20.Dic.19,2.25,2.25,2.49882635312571,46995.84128594,1348.62522964
23.Dic.19,2.25,2.25,2.4984050452786,47810.29698592,1434.54423365
24.Dic.19,2.25,2.25,2.4984050452786,47680.05899478,1705.28879671
25.Dic.19,n.d.,n.d.,n.d.,n.d.,n.d.
26.Dic.19,2.25,2.25,2.49796204641296,46718.71382994,990.93673639
27.Dic.19,2.25,2.25,2.49796204641296,46363.42276952,963.79381104
30.Dic.19,2.25,2.25,2.49749883142971,46466.21880936,570.07937654
31.Dic.19,2.25,2.25,2.49749883142971,45668.5994708,1331.8487615
01.Ene.20,n.d.,n.d.,n.d.,n.d.,n.d.
02.Ene.20,2.25,2.25,2.77428868249193,45473.36140134,4414.85840783
03.Ene.20,2.25,2.25,2.78859981947295,44917.30539343,4529.5987495
06.Ene.20,2.25,2.25,2.78859981947295,44329.51238905,4358.63909879
07.Ene.20,2.25,2.25,2.69827615868795,44505.46373012,4056.21095162
08.Ene.20,2.25,2.25,2.47312881670725,44538.98159673,4393.06039779
09.Ene.20,2.25,2.25,2.46628978739304,44713.5660169,4090.90622497
10.Ene.20,2.25,2.25,2.46366962658843,44738.15242789,3481.2856953
13.Ene.20,2.25,2.25,2.45875130601815,44386.23075955,3483.95675785
14.Ene.20,2.25,2.25,2.45122651081925,44071.34775055,3188.4966752
15.Ene.20,2.25,2.25,2.45087391990225,44194.83445618,1923.53516689
16.Ene.20,2.25,2.25,2.45088844190782,44484.37522323,2121.01104464
17.Ene.20,2.24,2.25,2.45088844190782,44855.10526228,1833.13813857
20.Ene.20,2.24,2.25,2.45088844190782,45562.64479887,1939.12645516
21.Ene.20,2.25,2.25,2.44990211762859,46615.12275773,1296.0512754
22.Ene.20,2.25,2.25,2.44958536462348,47417.90675859,1294.93822163
23.Ene.20,2.25,2.25,2.44942781721844,48062.99287889,1168.40370471
24.Ene.20,2.25,2.25,2.44942781721844,47947.54083372,1288.19601801
27.Ene.20,2.25,2.25,2.44887588380549,47161.16480578,1010.24502357
28.Ene.20,2.25,2.25,2.44852993415318,46918.04989496,1059.97719825
29.Ene.20,2.26,2.25,2.44821623586093,46835.1994133,962.41898309
30.Ene.20,2.25,2.25,2.4480501551498,46496.73788856,777.29451572
31.Ene.20,2.25,2.25,2.4480501551498,46204.46964722,2133.18076048
03.Feb.20,2.25,2.25,2.44766421540082,46240.06987641,3631.47229095
04.Feb.20,2.25,2.25,2.4276947225515,45900.74261344,4418.62892914
05.Feb.20,2.25,2.25,2.42710686484672,45822.95655429,4316.36465835
06.Feb.20,2.25,2.25,2.42364249853522,46103.07246461,4268.25564113
07.Feb.20,2.25,2.25,2.42364249853522,46062.89552064,4478.89823271
10.Feb.20,2.25,2.25,2.41911677425839,46268.19636748,3946.99904734
11.Feb.20,2.25,2.25,2.41855316881189,43728.70578213,5266.86320985
12.Feb.20,2.25,2.25,2.41126349781115,43459.90077227,3410.9932398
13.Feb.20,2.25,2.25,2.40158718163713,43111.38980288,3258.17015357
14.Feb.20,2.25,2.25,2.39546127007409,42999.26867619,2674.32760554
17.Feb.20,2.19,2.25,2.38648610759113,43148.37477161,2227.60244934
18.Feb.20,2.24,2.25,2.38016071579821,43466.38113078,2382.73014839
19.Feb.20,2.2,2.25,2.37486345654438,43791.94946648,1144.78148337
20.Feb.20,2.24,2.25,2.37248479296275,44053.37227508,1023.80696322
21.Feb.20,2.25,2.25,2.37248479296275,44898.58189909,812.91217696
24.Feb.20,2.25,2.25,2.3722489716928,45393.54757594,874.29931785
25.Feb.20,2.25,2.25,2.37205247165715,45501.68957982,605.8308642
26.Feb.20,2.25,2.25,2.37196312259043,45097.30455148,874.68427872
27.Feb.20,2.25,2.25,2.37195152206169,44922.21904954,1335.57426383
28.Feb.20,2.25,2.25,2.37195152206169,45054.88495132,723.01616853
02.Mar.20,2.25,2.25,2.37171713120729,45123.61704201,4973.58990634
03.Mar.20,2.25,2.25,2.3539741509709,44996.07647344,5107.94564968
04.Mar.20,2.25,2.25,2.35370007992172,44772.82990223,4853.56284956
05.Mar.20,2.25,2.25,2.35386928703486,44582.46940637,4647.56831563
06.Mar.20,2.25,2.25,2.35386928703486,44458.2611968,4034.71861041
09.Mar.20,2.25,2.25,2.35328867434201,44883.84794102,4157.62545118
10.Mar.20,2.25,2.25,2.35275125546315,44924.22931871,3969.90258619
11.Mar.20,2.25,2.25,2.35250248317204,44626.11178269,3358.19665655
12.Mar.20,2.25,2.25,2.3523346803737,44165.08401052,2934.65889629
13.Mar.20,2.25,2.25,2.3523346803737,43960.54354988,3037.57647867
16.Mar.20,2.25,2.25,2.35196946863015,44231.66391336,2830.63182717
17.Mar.20,2.25,2.25,2.35193670441418,44512.19649792,2945.46869934
18.Mar.20,2.25,2.25,2.35186466922076,44878.3384174,4609.26747579
19.Mar.20,2.25,2.25,2.35186447996996,45261.44363229,5241.44294043
20.Mar.20,1.25,1.25,2.35186447996996,45229.3336223,2436.19129115
23.Mar.20,1.25,1.25,2.35148168854526,45769.4056044,1578.06999064
24.Mar.20,1.25,1.25,2.3512954619844,45887.03410599,1145.70466955
25.Mar.20,1.25,1.25,2.3512954619844,45516.18914653,1105.00025176
26.Mar.20,1.25,1.25,2.3512954619844,45407.14723056,689.62534236
27.Mar.20,1.25,1.25,2.3512954619844,45296.15203511,829.27947569
30.Mar.20,1.25,1.25,2.35074222943516,45219.00313169,1053.33625253
31.Mar.20,1.25,1.25,2.35026556153751,44857.60469034,717.11150385
01.Abr.20,1.25,1.25,2.35026556153751,44877.72497834,4373.57928255
02.Abr.20,1.25,1.25,2.34086674090456,44899.17985739,5223.62838614
03.Abr.20,1.25,1.25,2.34086674090456,44489.87857181,5542.30641308
06.Abr.20,1.25,1.25,2.34086674090456,43926.86661034,5067.8065319
07.Abr.20,1.17,1.25,2.34224610299916,43624.43362992,3213.54756141
08.Abr.20,1.04,1.25,2.34224610299916,43981.32521387,1733.55568146
09.Abr.20,n.d.,n.d.,n.d.,n.d.,n.d.
10.Abr.20,n.d.,n.d.,n.d.,n.d.,n.d.
13.Abr.20,0.2,0.25,2.34224610299916,44329.88333736,1764.25859872
14.Abr.20,0.25,0.25,2.34224610299916,44345.61442897,1284.85627828
15.Abr.20,0.25,0.25,2.34224610299916,44356.87154544,1150.60818647
16.Abr.20,0.24,0.25,2.34224610299916,43746.87885042,791.58260078
17.Abr.20,0.21,0.25,2.34224610299916,43545.11333355,537.95211523
20.Abr.20,0.21,0.25,2.34224610299916,43702.35128599,819.63747156
21.Abr.20,0.23,0.25,2.34224610299916,44365.68028832,1039.36795472
22.Abr.20,0.23,0.25,2.34224610299916,44496.28410061,1045.00866519
23.Abr.20,0.25,0.25,2.34224610299916,44688.10072984,805.48188812
24.Abr.20,0.25,0.25,2.34224610299916,44766.87230143,480.61658526
27.Abr.20,0.25,0.25,2.34224610299916,44566.3227374,1375.3372899
28.Abr.20,0.25,0.25,2.34224610299916,44245.22943756,1030.73370756
29.Abr.20,0.25,0.25,2.34224610299916,43679.35989475,574.57517798
30.Abr.20,0.25,0.25,2.34224610299916,42634.32983817,2134.70177462
01.May.20,n.d.,n.d.,n.d.,n.d.,n.d.
04.May.20,0.36,0.25,2.34224610299916,42548.07704624,7560.03625313
05.May.20,0.25,0.25,2.31668414448436,42313.95534245,6279
06.May.20,0.24,0.25,2.31668414448436,41855.3566332,5422.04918834
07.May.20,0.2,0.25,2.31791466228304,41287.71565169,6317.62130128
08.May.20,0.26,0.25,2.31372218804227,43676.43872359,2134.75190853
11.May.20,0.26,0.25,2.30534774948675,43714.5011285,2983.49272427
12.May.20,0.25,0.25,2.2999407592042,43625.38397442,2061.07783649
13.May.20,0.2,0.25,2.28336466457053,43195.57223381,2073.88827874
14.May.20,0.21,0.25,2.25915692063451,42984.41642463,2745.04291109
15.May.20,0.24,0.25,2.2278141443867,42610.45034072,2088.6690652
18.May.20,0.2,0.25,2.20856249699569,42169.83935685,2291.871773
19.May.20,0.2,0.25,2.17848911788159,42104.80778968,1613.02073983
20.May.20,0.21,0.25,2.14225471262797,42241.15777873,1750.18196216
21.May.20,0.21,0.25,2.11442673184508,42549.95133393,1079.500044
22.May.20,0.25,0.25,2.08733005232406,42218.75714897,1257.17975489
25.May.20,0.25,0.25,2.06527779055027,42214.4424227,1228.62573066
26.May.20,0.25,0.25,2.04602256756444,41867.12862636,1073.8436923
27.May.20,0.25,0.25,2.03105423770864,41288.72907896,571.13917572
28.May.20,0.25,0.25,2.01649701951489,40965.13260445,692.5749558
29.May.20,0.25,0.25,2.00363894311487,40973.4693536,624.90238092
01.Jun.20,0.25,0.25,1.99062441810687,40517.22731678,9321.24308681
02.Jun.20,0.25,0.25,1.97752722371937,40110.79061743,7913.78223652
03.Jun.20,0.25,0.25,1.96054301078197,40454.53123125,6364.78170345
04.Jun.20,0.25,0.25,1.90010384976571,40271.77988797,4641.38987329
05.Jun.20,0.24,0.25,1.87970508504007,39926.74031172,3578.62936377
08.Jun.20,0.25,0.25,1.87609953035264,39936.89471815,3828.54747337
09.Jun.20,0.25,0.25,1.85975111465716,39962.31599406,1249.92222662
10.Jun.20,0.22,0.25,1.84545684375712,39842.57546293,1890.71411044
11.Jun.20,0.19,0.25,1.82444310056861,39836.42646393,1730.94227759
12.Jun.20,0.15,0.25,1.81729169649275,39413.35158564,4029.93744513
15.Jun.20,0.19,0.25,1.83255502270983,39277.42716805,4416.57026211
16.Jun.20,0.19,0.25,1.80825961491538,40086.95429763,3210.40909025
17.Jun.20,0.19,0.25,1.78823120872088,40114.11906056,3614.39639753
18.Jun.20,0.17,0.25,1.78105790723581,40145.50795399,3128.30730635
19.Jun.20,0.14,0.25,1.79685346088627,40219.44950463,2902.12606355
22.Jun.20,0.25,0.25,1.790966375678,40185.16290866,3871.08494153
23.Jun.20,0.19,0.25,1.7741679376827,39924.72385088,4480.88922546
24.Jun.20,0.19,0.25,1.76260078763093,39739.23332556,3533.7665402
25.Jun.20,0.16,0.25,1.75050885729363,39446.08367844,3674.50246431
26.Jun.20,0.19,0.25,1.77431578620878,44647.598844,3746.76697392
29.Jun.20,n.d.,n.d.,n.d.,n.d.,n.d.
30.Jun.20,0.2,0.25,1.75011161477254,45496.42065196,4098.72530567
01.Jul.20,0.25,0.25,1.74820844513374,45317.22323459,6250.34813812
02.Jul.20,0.25,0.25,1.68412978186026,44856.39804316,6667.51341116
03.Jul.20,0.24,0.25,1.66524896058422,44461.6970842,5178.33919634
06.Jul.20,0.24,0.25,1.64778986419198,44009.55269302,5550.18902636
07.Jul.20,0.24,0.25,1.67666193644468,44161.8442133,3868.10581755
08.Jul.20,0.24,0.25,1.65865099330109,45381.12789459,4617.65944957
09.Jul.20,0.24,0.25,1.64299485474511,44907.23523165,3966.42118216
10.Jul.20,0.2,0.25,1.6210996189389,44533.7257299,3147.81932711
13.Jul.20,0.23,0.25,1.60685662387667,44531.56090785,3048.88114021
14.Jul.20,0.22,0.25,1.63664325346143,45168.11422082,1738.73138863
15.Jul.20,0.23,0.25,1.61779360500216,45349.84759489,2631.74510079
16.Jul.20,0.22,0.25,1.60281299928128,45369.41352758,2118.72205597
17.Jul.20,0.23,0.25,1.58950758157866,45175.55519605,2945.6
20.Jul.20,0.24,0.25,1.5771417547493,45340.2059096,1327.27279439
21.Jul.20,0.24,0.25,1.61741045035156,45565.36560665,1509.8
22.Jul.20,0.24,0.25,1.60216491405914,45471.0119601,2357.39298774
23.Jul.20,0.25,0.25,1.60106349209211,45752.67336357,2443.92404481
24.Jul.20,0.25,0.25,1.61385071014542,45161.80089725,2491.7
27.Jul.20,0.25,0.25,1.60093817488292,51032.78701719,2234.8
28.Jul.20,n.d.,n.d.,n.d.,n.d.,n.d.
29.Jul.20,0.25,0.25,1.58421812568731,50570.47341546,2705.77
30.Jul.20,0.25,0.25,1.59176531952108,50548.89285103,3144.5
31.Jul.20,0.25,0.25,1.57924374588768,50429.5467438,3192.6
03.Ago.20,0.25,0.25,1.58541759475721,50231.72064751,6406.1
04.Ago.20,0.25,0.25,1.50661692388328,49226.09327579,6611.13933513
05.Ago.20,0.25,0.25,1.48542492319258,51971.06354539,6388.9
06.Ago.20,0.25,0.25,1.41206690471938,52058.15054092,6650.9
07.Ago.20,0.24,0.25,1.37812465568404,53234.94300236,6154.9
10.Ago.20,0.25,0.25,1.39704336880697,52327.24052294,4553.6
11.Ago.20,0.25,0.25,1.35826979537708,48187.09752395,2099.5
12.Ago.20,0.16,0.25,1.32043656421377,48305.36217966,2834.9
13.Ago.20,0.23,0.25,1.32166418769333,48003.14585574,2782.210883
14.Ago.20,0.23,0.25,1.28063615933056,48070.24802036,2152
17.Ago.20,0.25,0.25,1.25999108378525,48033.82467109,1595.8436785
18.Ago.20,0.25,0.25,1.2236801809137,48087.8861139,1911.6
19.Ago.20,0.25,0.25,1.19219143090609,50065.11561862,2008
20.Ago.20,0.25,0.25,1.20947717441291,53330.23487281,1579.9
21.Ago.20,0.25,0.25,1.19250818168012,60487.46827369,1565.2
24.Ago.20,0.25,0.25,1.18245283019711,60719.00337079,1431.6
25.Ago.20,0.25,0.25,1.17261088940354,61700.31042048,1567.4
26.Ago.20,0.25,0.25,1.16297563662655,62543.83211509,1776.6
27.Ago.20,0.25,0.25,1.1852286962133,65761.83185561,783.5
28.Ago.20,0.25,0.25,1.17533104051689,66302.3426593,987.4
31.Ago.20,0.25,0.25,1.16744074547825,65911.78261124,794
01.Set.20,0.25,0.25,1.1614789054872,66263.03155773,4924.5
02.Set.20,0.25,0.25,1.08531323245067,66462.87685539,4510.8
03.Set.20,0.25,0.25,1.09694370474773,66159.34578096,4240.5
04.Set.20,0.25,0.25,1.07649514179367,64960.70407895,4082.2
07.Set.20,0.25,0.25,1.05702070133513,64736.79260962,3448.4
08.Set.20,0.09,0.25,1.0867475271231,64803.8094804,3743
09.Set.20,0.22,0.25,1.05136260565067,64320.3110187,3108.9
10.Set.20,0.21,0.25,1.03477179451253,64399.28540721,2031.8
11.Set.20,0.25,0.25,1.01885504695381,64009.12595452,2155.3
14.Set.20,0.25,0.25,1.02925875183157,64348.36197996,2044.5
15.Set.20,0.25,0.25,1.04147255169257,64527.44939172,1722.4
16.Set.20,0.25,0.25,1.03001491867854,64558.24984807,1521.6
17.Set.20,0.25,0.25,1.04679815784102,64508.49261965,1583.23410747
18.Set.20,0.25,0.25,1.03268084128252,64946.42533442,1333.3
21.Set.20,0.25,0.25,1.06473720195184,65451.27979036,1299.7
22.Set.20,0.25,0.25,1.05420256531217,65540.5206421,1100.1
23.Set.20,0.25,0.25,1.04378657369893,65618.46976019,1343.3
24.Set.20,0.25,0.25,1.05880916423921,65340.37892229,1966.6
25.Set.20,0.25,0.25,1.04775353622551,64844.67311419,1234.9
28.Set.20,0.25,0.25,1.05033691035798,64734.24543612,1007.5034174
29.Set.20,0.25,0.25,1.04008217463813,64390.71264048,1065.2
30.Set.20,0.25,0.25,1.03612819800066,64310.86723426,1190.9
01.Oct.20,0.25,0.25,1.03612819800066,64022.934599,5456
02.Oct.20,0.25,0.25,0.980512896747327,63638.23258637,4131
05.Oct.20,0.25,0.25,0.969428077498408,61383.23142588,4277.9
06.Oct.20,0.25,0.25,0.981187383115886,60871.61114002,3891.15067763
07.Oct.20,0.25,0.25,0.970594489649471,60618.69082763,3391.2
08.Oct.20,0.25,0.25,0.961222439240919,60244.25689537,3110.781202
09.Oct.20,0.25,0.25,0.979398534033233,59807.90786607,2509.6
12.Oct.20,0.25,0.25,0.964016032427968,59844.60496389,2897.9
13.Oct.20,0.25,0.25,0.983892338007526,59473.62185095,2100.5
14.Oct.20,0.25,0.25,0.964279545683708,59222.17852092,2770.4
15.Oct.20,0.25,0.25,0.983387269648913,58986.12168596,3036.4
16.Oct.20,0.25,0.25,0.967327188336772,58928.98422613,2135.8
19.Oct.20,0.25,0.25,0.955483396661707,59349.55472245,1280.8132126
20.Oct.20,0.25,0.25,0.948478632717563,59561.23451547,1575.2
21.Oct.20,0.25,0.25,0.939924361808932,62003.16300123,1179.8
22.Oct.20,0.25,0.25,0.939446731782176,61799.54747984,1411.9
23.Oct.20,0.25,0.25,0.949356098578014,61415.09323395,1221.4
26.Oct.20,0.25,0.25,0.945922794498353,61737.64526748,869.6
27.Oct.20,0.25,0.25,0.942526593021604,61397.95797578,1138.2
28.Oct.20,0.25,0.25,0.942629332835594,60455.52493142,1215
29.Oct.20,0.25,0.25,0.936381833877144,59695.5051921,1584.5
30.Oct.20,0.25,0.25,0.932315165626602,60052.31321219,1289.8
02.Nov.20,0.25,0.25,0.931855603834734,59699.61993479,5333.6667455
03.Nov.20,0.25,0.25,0.869412409883772,59196.1942562,6286.30171368
04.Nov.20,0.25,0.25,0.862391886333831,58877.78970205,5676.1
05.Nov.20,0.25,0.25,0.80521225150859,58567.72306755,5744.17047381
06.Nov.20,0.25,0.25,0.809767082987923,58531.78185432,4824.1
09.Nov.20,0.25,0.25,0.802672646937683,58439.69190259,3261.29351427
10.Nov.20,0.25,0.25,0.799169881131922,58096.59050031,4565.7
11.Nov.20,0.25,0.25,0.79215540758779,57621.72152011,2175.2
12.Nov.20,0.25,0.25,0.79895803047846,57358.62733639,2348.7
13.Nov.20,0.25,0.25,0.792149941907073,57217.10874446,2106.8
16.Nov.20,0.25,0.25,0.794114345524823,56963.23692632,1948.6
17.Nov.20,0.25,0.25,0.789330274500164,57074.98301168,1736.5
18.Nov.20,0.25,0.25,0.785452104852005,57086.90925971,1969.4
19.Nov.20,0.25,0.25,0.78293622866748,57459.02952335,1925
20.Nov.20,0.25,0.25,0.778204314909217,58303.47788063,1794.4
23.Nov.20,0.25,0.25,0.774546248080865,58446.86083755,1517.1
24.Nov.20,0.25,0.25,0.782723947922686,58465.19708278,1384.7
25.Nov.20,0.25,0.25,0.778879810070053,58034.76037702,1537
26.Nov.20,0.25,0.25,0.776430767291953,57406.35154346,812.2
27.Nov.20,0.25,0.25,0.771604115721814,56844.5829993,753.8
30.Nov.20,0.25,0.25,0.769298383294179,56702.43158888,1108.7
01.Dic.20,0.25,0.25,0.743831812512424,65668.34348174,5757.7
02.Dic.20,0.25,0.25,0.749721213975058,65663.28564502,5697.7
03.Dic.20,0.25,0.25,0.745456181356567,65169.22922039,5905.5
04.Dic.20,0.25,0.25,0.750007558221856,64580.18375918,3608.9
07.Dic.20,0.25,0.25,0.747402797605769,64233.55511511,2892.8
08.Dic.20,n.d.,n.d.,n.d.,n.d.,n.d.
09.Dic.20,0.25,0.25,0.751816141824504,63990.59859984,3399.5
10.Dic.20,0.25,0.25,0.76473975185613,63031.98124591,3907.6
11.Dic.20,0.25,0.25,0.756981404489327,62131.78945183,3184.1
14.Dic.20,0.25,0.25,0.750985062721113,61348.97452274,2664.4
15.Dic.20,0.25,0.25,0.768160785473219,60629.2652026,2604.2
16.Dic.20,0.25,0.25,0.770491554404143,59905.03079171,2001.1
17.Dic.20,0.25,0.25,0.765630350532496,60125.60678342,2146.3
18.Dic.20,0.25,0.25,0.785452104852005,59852.37447105,2534.8
21.Dic.20,0.25,0.25,0.78293622866748,60137.7382424,1828.7
22.Dic.20,0.25,0.25,0.778204314909217,59396.24253633,1468
23.Dic.20,0.25,0.25,0.758599339424994,60963.70174576,1607.1
24.Dic.20,0.25,0.25,0.754961810813999,60892.9035957,1204.8
25.Dic.20,n.d.,n.d.,n.d.,n.d.,n.d.
28.Dic.20,0.25,0.25,0.759971277326509,60320.31098131,1299.1
29.Dic.20,0.25,0.25,0.750116548488803,59848.61665851,1024.8
30.Dic.20,0.25,0.25,0.741833984870444,59093.46608152,1920.6
31.Dic.20,0.25,0.25,0.741833984870444,58479.41043754,2250.3
01.Ene.21,n.d.,n.d.,n.d.,n.d.,n.d.
04.Ene.21,0.25,0.25,0.746507873081113,57461.82710352,5449.2
05.Ene.21,0.25,0.25,0.67209154890099,57359.68144728,4379.6
06.Ene.21,0.25,0.25,0.664748004949855,56354.72751135,5253.8
07.Ene.21,0.25,0.25,0.663385020072456,55969.10861351,3735.3
08.Ene.21,0.25,0.25,0.663385020072456,55853.26262396,1997.9
11.Ene.21,0.25,0.25,0.663385020072456,54890.265022,2579.1
12.Ene.21,0.25,0.25,0.668477411603743,53920.3148071,2120.2
13.Ene.21,0.25,0.25,0.668477411603743,52986.04605894,2210.5
14.Ene.21,0.25,0.25,0.660549829249869,52133.8860147,2259.3
15.Ene.21,0.25,0.25,0.654633069061214,51480.87208399,2220.16173361
18.Ene.21,0.25,0.25,0.648397036651854,51567.27857396,2499.2
19.Ene.21,0.25,0.25,0.65186479949292,51304.8543253,1689.6
20.Ene.21,0.25,0.25,0.659682489162788,51406.93551656,2155
21.Ene.21,0.25,0.25,0.654252998257696,53103.41056883,1643.3
22.Ene.21,0.25,0.25,0.648976602415932,53382.59559497,1283.2
25.Ene.21,0.25,0.25,0.644263990525392,54230.14817565,1336.6
26.Ene.21,0.25,0.25,0.648315469655083,54703.83544348,1497.5
27.Ene.21,0.25,0.25,0.646363938353033,54442.4563764,1484.5
28.Ene.21,0.25,0.25,0.646827214761233,53433.92859145,1235.3
29.Ene.21,0.25,0.25,0.646827214761233,52947.99777951,1261.9
01.Feb.21,0.25,0.25,0.64309601134324,52641.82240024,4839.9
02.Feb.21,0.25,0.25,0.575043740763676,51889.19830901,3919
03.Feb.21,0.25,0.25,0.572185489910578,51459.60697096,3543.4
04.Feb.21,0.25,0.25,0.511920508374787,51041.73933012,4135.8
05.Feb.21,0.25,0.25,0.517823710688808,51133.17083789,3019.4
08.Feb.21,0.25,0.25,0.514349298875885,51814.61017265,2467.3
09.Feb.21,0.25,0.25,0.487652995994042,51770.11378001,2570.44059618
10.Feb.21,0.25,0.25,0.488915526071867,51644.52993583,2826.3
11.Feb.21,0.25,0.25,0.486213125847982,51443.36486611,2537.4
12.Feb.21,0.25,0.25,0.486066506085617,52344.90105853,3107.6
15.Feb.21,0.25,0.25,0.481470651081268,52579.27898251,1353.9
16.Feb.21,0.25,0.25,0.489541535644733,52436.32352238,1621.9
17.Feb.21,0.25,0.25,0.488577151731825,52390.02003936,1632.8
18.Feb.21,0.25,0.25,0.485356832977649,53127.40514133,2035.6
19.Feb.21,0.25,0.25,0.482994115757566,53532.32306457,1282.7
22.Feb.21,0.25,0.25,0.481600921575467,54274.10908316,1298.7
23.Feb.21,0.25,0.25,0.489493432357621,53735.50244141,1491.8
24.Feb.21,0.25,0.25,0.485927458411183,53330.10089087,1205
25.Feb.21,0.25,0.25,0.486612084582335,53170.11358222,1658.1
26.Feb.21,0.25,0.25,0.486612084582335,53213.3906,1020.81766448
01.Mar.21,0.25,0.25,0.483353353393769,53233.51361425,4127.3
02.Mar.21,0.25,0.25,0.470497451091691,53697.89246482,4696.2
03.Mar.21,0.25,0.25,0.467935650014023,53381.3024271,3272
04.Mar.21,0.25,0.25,0.465917636653799,52932.90772261,3241.5
05.Mar.21,0.25,0.25,0.463932725775242,52339.80079192,2983.3
08.Mar.21,0.25,0.25,0.463932725775242,52178.33750299,3437.3
09.Mar.21,0.25,0.25,0.463932725775242,51755.15154778,3408.7
10.Mar.21,0.25,0.25,0.46475825643183,51215.3051495,2829.5
11.Mar.21,0.25,0.25,0.46198324002445,50866.68307284,2403.9
12.Mar.21,0.25,0.25,0.459777536614458,51091.71746851,2382.3
15.Mar.21,0.25,0.25,0.457336274795204,51194.87458122,1962.8
16.Mar.21,0.25,0.25,0.461506219712282,52589.55394048,1479.809
17.Mar.21,0.25,0.25,0.461506219712282,54499.9109292,1351.6
18.Mar.21,0.25,0.25,0.461506219712282,56269.60768302,1308.2
19.Mar.21,0.25,0.25,0.456438286966033,57738.40624337,1004.2
22.Mar.21,0.25,0.25,0.457912661654593,59684.99618501,1312.1
23.Mar.21,0.25,0.25,0.456304586791366,60539.22724093,1164
24.Mar.21,0.25,0.25,0.454731412425118,61661.59127031,1511.52982752
25.Mar.21,0.25,0.25,0.459114321739692,62365.34993758,1076.24843451
26.Mar.21,0.25,0.25,0.459114321739692,62947.15388294,1093.87154459
29.Mar.21,0.25,0.25,0.459114321739692,64453.63883041,1214.2
30.Mar.21,0.25,0.25,0.456780366711452,65549.05310594,846
31.Mar.21,0.25,0.25,0.462189454560809,65375.93397345,4178.4
01.Abr.21,n.d.,n.d.,n.d.,n.d.,n.d.
02.Abr.21,n.d.,n.d.,n.d.,n.d.,n.d.
05.Abr.21,0.25,0.25,0.463668750228501,65657.33616078,6604.3
06.Abr.21,0.25,0.25,0.460514402469324,65967.88573156,7263.7
07.Abr.21,0.25,0.25,0.46019174239575,65836.93537138,4223
08.Abr.21,0.25,0.25,0.459235325786579,66203.57550467,4676.3
09.Abr.21,0.25,0.25,0.458216646965895,66478.08374727,3774.98771523
12.Abr.21,0.25,0.25,0.464679285182918,66708.81627319,2762.2
13.Abr.21,0.25,0.25,0.466873945852257,66881.2665704,2762.2
14.Abr.21,0.25,0.25,0.465406407816669,66788.30030741,3823.9
15.Abr.21,0.25,0.25,0.467955089354738,66591.56195316,2112.2
16.Abr.21,0.25,0.25,0.468962895689373,66783.18462045,1904.50020419
19.Abr.21,0.25,0.25,0.468962895689373,67028.35799817,2500.5
20.Abr.21,0.25,0.25,0.468962895689373,67360.34790779,1949.50529559
21.Abr.21,0.25,0.25,0.468962895689373,68215.39971735,1787.37
22.Abr.21,0.25,0.25,0.468962895689373,69183.54064531,1739
23.Abr.21,0.25,0.25,0.470008965910683,69491.53154927,1368.7
26.Abr.21,0.25,0.25,0.471596413915606,69767.54326474,936.6
27.Abr.21,0.25,0.25,0.473336085166017,70193.1319411,1053.4
28.Abr.21,0.25,0.25,0.473336085166017,69432.23402847,819.4
29.Abr.21,0.25,0.25,0.473336085166017,69086.67938811,1445.4
30.Abr.21,0.25,0.25,0.473336085166017,68662.72533014,2254
03.May.21,0.25,0.25,0.473336085166017,68539.4307,7263.8
04.May.21,0.25,0.25,0.456017260343247,67949.1834,5054.4
05.May.21,0.25,0.25,0.456017260343247,67787.22910068,4493.7
06.May.21,0.25,0.25,0.458089347447529,66558.4163271,4904.9
07.May.21,0.25,0.25,0.458089347447529,65702.99200778,3858.3
10.May.21,0.25,0.25,0.458650715981853,65987.94808779,2488.6
11.May.21,0.25,0.25,0.458650715981853,65341.41807252,2366.1
12.May.21,0.25,0.25,0.460240920356381,64639.54074079,2141.1
13.May.21,0.25,0.25,0.469913267488342,64508.89234796,2081.5
14.May.21,0.25,0.25,0.469913267488342,63937.71790864,1707.1
17.May.21,0.25,0.25,0.469913267488342,65279.06828432,2039.2
18.May.21,0.25,0.25,0.469913267488342,65330.57303925,1922.5
19.May.21,0.25,0.25,0.469913267488342,65749.84027135,2604.8
20.May.21,0.25,0.25,0.444509150134338,66150.99435263,1745.65736532
21.May.21,0.25,0.25,0.443830208167583,67329.71839923,2050.74886361
24.May.21,0.25,0.25,0.449568868220796,67476.03931713,967.2946864
25.May.21,0.25,0.25,0.448585854833998,67728.78408834,771.9
26.May.21,0.25,0.25,0.447569659803211,67652.4839638,860.6
27.May.21,0.25,0.25,0.446821776941455,67141.57265113,1150.2
28.May.21,0.25,0.25,0.445860551566433,66751.06110162,1002.29752177
31.May.21,0.25,0.25,0.44539154013894,66278.75406564,925.07733056
01.Jun.21,0.25,0.25,0.444141584734721,66467.43654224,8028.75624757
02.Jun.21,0.25,0.25,0.442723787153482,66031.02035136,4194.9
03.Jun.21,0.25,0.25,0.43581938311555,65389.05037284,5887.81815853
04.Jun.21,0.25,0.25,0.433120002297239,64715.35846516,5592.63954166
07.Jun.21,0.25,0.25,0.434466996395401,64740.60791609,4177.57264984
08.Jun.21,0.25,0.25,0.431259491264568,64547.99596147,3343.5
09.Jun.21,0.25,0.25,0.430788621966864,63625.81862676,3190.8
10.Jun.21,0.25,0.25,0.430462547243845,63217.83618971,2173.11103645
11.Jun.21,0.25,0.25,0.428718213575186,63165.54516689,1567.83189468
14.Jun.21,0.25,0.25,0.429632563309518,63314.45004524,1123.5123006
15.Jun.21,0.25,0.25,0.429201479328505,63221.04667837,1402.3
16.Jun.21,0.25,0.25,0.429111479613559,63115.71706832,1604.76157527
17.Jun.21,0.25,0.25,0.429014753441726,62932.11488039,1494.1013974
18.Jun.21,0.25,0.25,0.428680202327957,63968.75072343,1398.83318061
21.Jun.21,0.25,0.25,0.433150060428503,66306.34197454,746.13832069
22.Jun.21,0.25,0.25,0.432685736077374,66725.74246053,747.78885503
23.Jun.21,0.25,0.25,0.433867005471972,66450.86522411,623.18051472
24.Jun.21,0.25,0.25,0.433191936693534,66035.31556746,524.65529895
25.Jun.21,0.25,0.25,0.433191936693534,65534.66278855,670.08139454
28.Jun.21,n.d.,0.25,n.d.,n.d.,n.d.
29.Jun.21,n.d.,n.d.,n.d.,n.d.,n.d.
30.Jun.21,0.25,0.25,0.436325735689174,65189.80924131,1068.7263691
01.Jul.21,0.25,0.25,0.43468039479526,65466.3221848,6526.84059729
02.Jul.21,0.25,0.25,0.434633512112825,65118.15495651,5794.15792928
05.Jul.21,0.25,0.25,0.432155295763058,64588.07476807,3558.36464641
06.Jul.21,0.25,0.25,0.417243734666679,64841.12939038,5939.94758536
07.Jul.21,0.25,0.25,0.416587753791133,64833.23463426,3836.02668252
08.Jul.21,0.25,0.25,0.431203680193409,64737.9848717,2715.31339508
09.Jul.21,0.25,0.25,0.427656951859624,64347.7899574,1879.95351463
12.Jul.21,0.25,0.25,0.425067400633316,63602.51856096,2542.27668519
13.Jul.21,0.25,0.25,0.422893657326225,63488.84538731,1456.41396726
14.Jul.21,0.25,0.25,0.423958185142857,63135.96692212,2648.38637392
15.Jul.21,0.25,0.25,0.422810140008353,63387.41019275,1610.69998593
16.Jul.21,0.25,0.25,0.422358554449035,63419.83909344,1524.57391615
19.Jul.21,0.25,0.25,0.422109488512241,63722.4519053,1740.80655388
20.Jul.21,0.25,0.25,0.421787787919405,64448.48161523,1085.68406843
21.Jul.21,0.25,0.25,0.42052897729482,65099.64851346,954.49787903
22.Jul.21,0.25,0.25,0.42052897729482,65313.9238835,963.79347085
23.Jul.21,0.25,0.25,0.42052897729482,65173.98935576,1115.27797572
26.Jul.21,0.25,0.25,0.419720855505128,68210.52517934,566.11037552
27.Jul.21,0.25,0.25,0.42539791255068,67817.55779227,626.87869065
28.Jul.21,n.d.,n.d.,n.d.,n.d.,n.d.
29.Jul.21,n.d.,n.d.,n.d.,n.d.,n.d.
30.Jul.21,0.25,0.25,0.42539791255068,67990.73642344,2125.30152983
02.Ago.21,0.25,0.25,0.421989610689682,69733.41984431,5348.9658952
03.Ago.21,0.25,0.25,0.392162152666639,68957.4650996,5273.30248236
04.Ago.21,0.25,0.25,0.390684216574792,68367.40197473,4520.60386296
05.Ago.21,0.25,0.25,0.394836346506603,67988.53845399,4706.23215426
06.Ago.21,0.25,0.25,0.393650001733703,67713.38612729,3791.88410081
09.Ago.21,0.25,0.25,0.393650001733703,67791.6707535,3600.37397328
10.Ago.21,0.25,0.25,0.393650001733703,68213.04465182,1626.20953972
11.Ago.21,0.25,0.25,0.393650001733703,63739.2451528,3310.78762383
12.Ago.21,0.25,0.25,0.400361434405997,64215.63674172,2819.63459893
13.Ago.21,0.5,0.5,0.400361434405997,64562.77907223,2775.14112685
16.Ago.21,0.5,0.5,0.406835216778582,65015.0519558,1617.65769273
17.Ago.21,0.5,0.5,0.400961997027567,65517.25753755,1260.30020868
18.Ago.21,0.5,0.5,0.407113388294707,66234.59345375,1963.41074396
19.Ago.21,0.5,0.5,0.407353111489455,67158.40399105,1154.89551585
20.Ago.21,0.5,0.5,0.389618427055286,67699.21780006,743.48031132
23.Ago.21,0.5,0.5,0.407362801349889,68406.7093806,982.16518258
24.Ago.21,0.5,0.5,0.41478573180215,68907.47887798,879.57071654
25.Ago.21,0.5,0.5,0.415057166311123,68662.02792077,870.81325567
26.Ago.21,0.5,0.5,0.415964064949955,68114.71050082,632.36781425
27.Ago.21,0.5,0.5,0.415964064949955,68160.83589909,1013.17360595
30.Ago.21,n.d.,n.d.,n.d.,n.d.,n.d.
31.Ago.21,0.5,0.5,0.415964064949955,68110.78553648,1162.17668338
01.Set.21,0.5,0.5,0.416539522487239,68564.0142226,4636.88891639
02.Set.21,0.5,0.5,0.427203879502215,68710.97767605,5459.85426907
03.Set.21,0.5,0.5,0.432810462903366,68213.29941213,5211.30959599
06.Set.21,0.5,0.5,0.440694350825785,67916.60042681,4822.7
07.Set.21,0.5,0.5,0.440694350825785,67811.79313634,4120.92325508
08.Set.21,0.5,0.5,0.440694350825785,68037.87018288,2916.33743502
09.Set.21,0.5,0.5,0.440694350825785,67542.63749403,3552.62640594
10.Set.21,1,1,0.450459133624661,67102.99755385,2187.30822279
13.Set.21,1,1,0.470926591309776,67000.11079371,2350.38696448
14.Set.21,1,1,0.479200861878263,67061.09741929,1748.57570651
15.Set.21,1,1,0.4855766478496,67224.22902573,1377.47121975
16.Set.21,1,1,0.493402422019182,67319.87106888,1414.74252906
17.Set.21,1,1,0.500960859084048,67240.42768621,1489.08038067
20.Set.21,1,1,0.519726545095662,67979.40061608,1527.41055231
21.Set.21,1,1,0.519726545095662,71664.85578452,1341.07642818
22.Set.21,1,1,0.519726545095662,73554.13575887,1728.79501894
23.Set.21,1,1,0.519726545095662,73593.63138425,1303.08740982
24.Set.21,1,1,0.544368323628273,74708.18574206,755.77804232
27.Set.21,1,1,0.567937258415711,76831.78189452,788.85418828
28.Set.21,1,1,0.567937258415711,75995.97657112,940.40132173
29.Set.21,1,1,0.568447132018511,75829.07907632,697.42618837
30.Set.21,1,1,0.568447132018511,74952.28606096,766.35431813
01.Oct.21,1,1,0.569067430912706,73959.56385777,6186.76582749
04.Oct.21,1,1,0.569067430912706,73718.80396524,6702.52648746
05.Oct.21,1,1,0.569067430912706,73277.15680804,6705.36326296
06.Oct.21,1,1,0.569067430912706,72770.55294774,6530.19027042
07.Oct.21,1,1,0.569067430912706,72292.44982746,5441.85119183
08.Oct.21,n.d.,n.d.,n.d.,n.d.,n.d.
11.Oct.21,1.5,1.5,0.569067430912706,72525.67747206,2071.83366044
12.Oct.21,1.5,1.5,0.589061498917444,72229.14639859,1548.58925719
13.Oct.21,1.5,1.5,0.606977745549224,71628.6105473,1583.80657084
14.Oct.21,1.5,1.5,0.623529876801602,71328.95625993,1401.55721909
15.Oct.21,1.5,1.5,0.675744869338227,71121.62362882,1632.57624886
18.Oct.21,1.5,1.5,0.655144202521359,72216.3272031,1666.43214125
19.Oct.21,1.5,1.5,0.655144202521359,72574.0843549,1406.3419254
20.Oct.21,1.5,1.5,0.655144202521359,73394.28725581,1180.00129046
21.Oct.21,1.5,1.5,0.655144202521359,74476.05091306,1336.02493538
22.Oct.21,1.5,1.5,0.655144202521359,74589.01489225,890.67631669
25.Oct.21,1.5,1.5,0.651388454774188,75432.64916317,818.25551713
26.Oct.21,1.5,1.5,0.651388454774188,75489.62476384,828.81525814
27.Oct.21,1.5,1.5,0.651388454774188,75263.81777737,1091.50209764
28.Oct.21,1.5,1.5,0.651388454774188,74559.41549851,799.62184582
29.Oct.21,1.5,1.5,0.651388454774188,73503.2686292,1138.54554047
01.Nov.21,n.d.,n.d.,n.d.,n.d.,n.d.
02.Nov.21,1.5,1.5,0.659941626034492,73084.29065249,6305.7588566
03.Nov.21,1.5,1.5,0.659941626034492,72939.40843906,5728.07357261
04.Nov.21,1.5,1.5,0.659941626034492,72882.73955741,6144.18495002
05.Nov.21,1.5,1.5,0.659941626034492,72035.00383988,5458.90111525
08.Nov.21,1.5,1.5,0.659941626034492,72313.67648185,3455.61361471
09.Nov.21,1.5,1.5,0.659941626034492,71770.62147418,4015.93561109
10.Nov.21,1.5,1.5,0.659941626034492,85120.88650241,4963.6651113
11.Nov.21,1.5,1.5,0.659941626034492,84649.6296913,4676.56417453
12.Nov.21,2,2,0.720223977420719,84199.09519988,3883.1154375
15.Nov.21,2,2,0.76045527608942,84627.84866061,3753.77371377
16.Nov.21,2,2,0.808478549738357,83994.82543886,2107.42538928
17.Nov.21,2,2,0.808478549738357,84720.75166359,1781.93235122
18.Nov.21,2,2,0.79992575888947,89908.98861545,2399.3673201
19.Nov.21,2,2,0.79992575888947,90790.93991212,1246.85586792
22.Nov.21,2,2,0.79992575888947,93071.75449146,1285.98848645
23.Nov.21,2,2,0.79992575888947,92889.75103623,944.29020136
24.Nov.21,2,2,0.79992575888947,93164.9213852,631.17237699
25.Nov.21,2,2,0.79992575888947,93022.54854919,616.35114135
26.Nov.21,2,2,0.79992575888947,92344.34197411,713.54654443
29.Nov.21,2,2,0.79992575888947,91916.0900196,607.92228653
30.Nov.21,2,2,0.802140491862945,92037.73216036,1095.95458327
01.Dic.21,2,2,0.802140491862945,92532.06437207,6049.92444502
02.Dic.21,2,2,0.802140491862945,92379.25246593,6260.14979168
03.Dic.21,2,2,0.802140491862945,92285.78718597,6014.76003294
06.Dic.21,2,2,0.802140491862945,92103.92561767,5661.50539353
07.Dic.21,2,2,0.802140491862945,91481.09863888,5368.63623686
08.Dic.21,n.d.,n.d.,n.d.,n.d.,n.d.
09.Dic.21,2,2,0.802140491862945,91524.91089038,6071.64979989
10.Dic.21,2.5,2.5,0.835970553716106,90842.48664289,4176.59328875
13.Dic.21,2.5,2.5,0.869507311338246,90244.7669561,3387.84541281
14.Dic.21,2.5,2.5,0.910350841869845,89887.49413836,2639.4509632
15.Dic.21,2.5,2.5,0.9396339788393,89802.59923093,2920.34122305
16.Dic.21,2.5,2.5,0.9396339788393,89458.62725623,2728.32350374
17.Dic.21,2.5,2.5,0.833486927774501,89513.2913759,3231.01345401
20.Dic.21,2.5,2.5,0.833486927774501,90322.2976705,1445.47439697
21.Dic.21,2.5,2.5,0.833486927774501,91046.9475563,1904.01288
22.Dic.21,2.5,2.5,0.833486927774501,91626.23729977,1592.11606299
23.Dic.21,2.5,2.5,0.833486927774501,91425.76446461,1003.661548
24.Dic.21,2.5,2.5,0.833486927774501,91701.67503392,1508.27543741
27.Dic.21,2.5,2.5,0.833486927774501,90920.16966,1256.88583989
28.Dic.21,2.5,2.5,0.833486927774501,90623.39656139,772.33469133
29.Dic.21,2.5,2.5,0.833486927774501,89830.18690222,632.25536024
30.Dic.21,2.5,2.5,0.833486927774501,88453.18223843,725.0811362
31.Dic.21,2.5,2.5,0.833486927774501,88001.96493991,2483.37791252
03.Ene.22,2.5,2.5,0.833486927774501,87239.05577473,7283.14835026
04.Ene.22,2.5,2.5,0.764494330991702,86928.70935382,9683.40264968
05.Ene.22,2.5,2.5,0.764494330991702,86170.85936721,9317.38481712
06.Ene.22,2.5,2.5,0.764494330991702,85612.56495891,8040.6105363
07.Ene.22,3,3,0.767484821234853,85386.80379799,5332.21219543
10.Ene.22,3,3,0.868373383909038,85018.10813443,5416.75889146
11.Ene.22,3,3,1.00907555722963,84016.67122887,4588.58092797
12.Ene.22,3,3,1.09155312731377,83520.04391337,3390.97151924
13.Ene.22,3,3,1.19339870518753,82959.13144469,3116.52629405
14.Ene.22,3,3,1.10772060903049,82928.95659547,2804.94657032
17.Ene.22,3,3,1.10772060903049,83234.83424436,1675.70585013
18.Ene.22,3,3,1.10772060903049,83528.57437373,1470.35626249
19.Ene.22,3,3,1.10772060903049,84820.07207012,1644.16901438
20.Ene.22,3,3,1.23006474824274,85468.49544249,1272.37568387
21.Ene.22,3,3,1.23006474824274,86619.72321065,1151.04881717
24.Ene.22,3,3,1.23006474824274,87144.11861156,1822.12397615
25.Ene.22,3,3,1.23006474824274,87007.36539752,999.30926849
26.Ene.22,3,3,1.23006474824274,86708.00774766,1291.27992985
27.Ene.22,3,3,1.40826038777668,86494.5401211,2381.31158342
28.Ene.22,3,3,1.40826038777668,86182.48998695,1411.70169553
31.Ene.22,3,3,1.40826038777668,85518.65243043,1485.46678206
01.Feb.22,3.02,3,0.833486927774501,85241.91502852,6824.41844088
02.Feb.22,3,3,0.764494330991702,84961.94743115,6420.64509993
03.Feb.22,3,3,0.764494330991702,84399.33994503,8822.24148923
04.Feb.22,3.01,3,0.764494330991702,83982.22220793,8261.77390058
07.Feb.22,3,3,0.767484821234853,83803.25720218,6658.92123393
08.Feb.22,3,3,0.868373383909038,84072.83812007,5693.97355511
09.Feb.22,3,3,1.00907555722963,83940.07278048,6103.58233035
10.Feb.22,3,3,1.09155312731377,83546.17686272,4420.17254933
11.Feb.22,3.5,3.5,1.19339870518753,79554.22380324,4981.43405956
14.Feb.22,3.5,3.5,1.10772060903049,80135.51511707,3725.35619084
15.Feb.22,3.5,3.5,1.10772060903049,79941.73988916,1472.43616448
16.Feb.22,3.5,3.5,1.10772060903049,80177.57746841,1521.3425527
17.Feb.22,3.5,3.5,1.10772060903049,80852.26135353,1745.21187269
18.Feb.22,3.5,3.5,1.23006474824274,81880.10859133,938.56607052
21.Feb.22,3.5,3.5,1.23006474824274,84028.28722808,936.84992722
22.Feb.22,3.5,3.5,1.23006474824274,83612.24258047,856.71106407
23.Feb.22,3.5,3.5,1.23006474824274,84314.41094787,725.91334898
24.Feb.22,3.5,3.5,2.52174145149559,84210.45585819,918.08898975
25.Feb.22,3.5,3.5,2.52174145149559,84297.45719573,933.66956376
28.Feb.22,3.52,3.5,2.52174145149559,84434.26608029,1552.34630927
01.Mar.22,3.58,3.5,2.52174145149559,85426.25944655,7806.28270917
02.Mar.22,3.58,3.5,2.52174145149559,85014.94534373,7304.7419734
03.Mar.22,3.58,3.5,2.52802272113937,84408.63217443,8391.651779
04.Mar.22,3.73,3.5,2.52802272113937,84056.43452856,7090.54565864
07.Mar.22,3.65,3.5,3.24642480793366,84231.09332702,8377.74701965
08.Mar.22,3.61,3.5,3.24642480793366,84527.82984734,7928.43157595
09.Mar.22,3.55,3.5,3.24642480793366,84398.21684463,6319.86677281
10.Mar.22,3.7,3.5,3.24642480793366,84024.85243571,6924.42131881
11.Mar.22,4,4,3.4129741144881,83162.39860561,3794.46296718
14.Mar.22,4,4,3.46837849181881,83006.61510622,2845.59474873
15.Mar.22,4,4,3.52591929813394,82689.63995768,957.58359959
16.Mar.22,4,4,3.52591929813394,83202.4153608,1508.81848297
17.Mar.22,4,4,3.55780426606954,83239.53115847,1350.73722094
18.Mar.22,4,4,3.67202935261045,84094.86059228,955.56946799
21.Mar.22,4,4,3.7615346168676,85141.43870955,1893.9205357
22.Mar.22,4,4,3.7615346168676,86069.33387373,1055.19784365
23.Mar.22,4,4,3.7615346168676,86958.34380971,802.67244236
24.Mar.22,4,4,3.7615346168676,86828.56491381,1208.93366695
25.Mar.22,4,4,3.7615346168676,86431.95086421,1359.0192713
28.Mar.22,4,4,3.7615346168676,86402.73657294,1712.25850315
29.Mar.22,4.11,4,3.7615346168676,87591.24350143,1236.74141423
30.Mar.22,4,4,3.7615346168676,89735.69824476,818.52223135
31.Mar.22,4,4,3.7615346168676,89916.64977741,1284.66577872
01.Abr.22,4.14,4,3.7615346168676,91418.06248989,5375.03219898
04.Abr.22,4.09,4,3.7615346168676,91985.41343368,7591.18540629
05.Abr.22,4.19,4,3.7615346168676,93475.57542891,8029.33936216
06.Abr.22,4.3,4,3.7615346168676,93779.78547484,7909.47394479
07.Abr.22,4.28,4,3.81973875824553,94828.24592274,8148.60473025
08.Abr.22,4.51,4.5,3.81973875824553,94360.6211728,6339.52004724
11.Abr.22,4.5,4.5,3.93434198506476,94429.67167773,5707.67316995
12.Abr.22,4.5,4.5,4.01561420151028,88296.60615687,4002.40760873
13.Abr.22,4.5,4.5,4.05865626272407,87274.34349023,2321.01429654
14.Abr.22,n.d.,n.d.,n.d.,n.d.,n.d.
15.Abr.22,n.d.,n.d.,n.d.,n.d.,n.d.
18.Abr.22,4.5,4.5,4.11173785539581,87129.62074604,2492.79005003
19.Abr.22,4.5,4.5,4.1378869308904,87129.75951767,1546.78128062
20.Abr.22,4.5,4.5,4.19370907431484,87734.67889757,1282.26271188
21.Abr.22,4.59,4.5,4.20026994103466,89300.74349809,968.30627999
22.Abr.22,4.82,4.5,4.24852248706639,90172.09365843,1099.39730811
25.Abr.22,4.62,4.5,4.24852248706639,91353.11241694,1706.18811098
26.Abr.22,4.61,4.5,4.24852248706639,92088.52842756,1249.60024763
27.Abr.22,4.5,4.5,4.24852248706639,92368.30559432,972.7850499
28.Abr.22,4.5,4.5,4.24852248706639,91835.41047482,1013.90771107
29.Abr.22,4.5,4.5,4.24852248706639,91103.63284602,2694.3567299
02.May.22,4.79,4.5,4.24852248706639,91114.1880266,8933.71385987
03.May.22,4.8,4.5,4.24852248706639,90922.12932857,9525.63532933
04.May.22,4.91,4.5,4.24852248706639,90453.2005599,10141.17382817
05.May.22,4.99,4.5,4.24852248706639,90196.6479201,12770.94891687
06.May.22,5,4.5,4.24852248706639,89662.04184549,13625.12426577
09.May.22,4.5,4.5,4.24852248706639,89774.03769824,6681.91326484
10.May.22,4.5,4.5,4.24852248706639,89405.26152561,6231.85091628
11.May.22,4.5,4.5,4.24852248706639,89443.44225493,4642.80744832
12.May.22,4.5,4.5,4.24852248706639,88674.81641859,5108.55007457
13.May.22,5,5,4.30518095514872,88309.99354803,2823.16178395
16.May.22,5,5,4.36741555381032,88213.05875588,2281.90111453
17.May.22,5,5,4.44350142210952,87726.03554927,2178.82686313
18.May.22,5,5,4.53787619521978,88560.07299338,1518.44186897
19.May.22,5,5,4.54854159569582,89205.90730552,952.25466444
20.May.22,5.02,5,4.58048922743433,90097.92257752,1251.71649631
23.May.22,5,5,4.58048922743433,89884.0261297,976.13792532
24.May.22,5,5,4.58453351066119,90862.099136,707.28410673
25.May.22,5,5,4.58453351066119,91161.31084494,948.87902879
26.May.22,5,5,4.58453351066119,90959.61996903,1003.72403362
27.May.22,4.97,5,4.58453351066119,90918.05065799,779.83684207
30.May.22,5.29,5,4.58453351066119,90156.8984492,2100.27373923
31.May.22,5.35,5,4.58453351066119,90327.66780733,1398.24522421
01.Jun.22,5.14,5,4.58453351066119,90453.58783602,11468.29411239
02.Jun.22,5,5,4.58453351066119,90172.88627984,11637.35708963
03.Jun.22,5,5,4.58453351066119,90208.18894946,10751.94191998
06.Jun.22,5,5,4.58453351066119,89886.27451093,10718.75841465
07.Jun.22,5,5,4.58453351066119,90027.29885422,10078.19631297
08.Jun.22,5,5,4.58453351066119,89541.43890865,9334.33567167
09.Jun.22,4.99,5,4.58453351066119,89574.76670594,8496.90271211
10.Jun.22,4.59,5.5,4.58453351066119,89295.74320455,4963.04772553
13.Jun.22,5.05,5.5,4.58453351066119,89411.60132971,2907.32236498
14.Jun.22,5.5,5.5,4.58453351066119,89174.07808643,1656.87379577
15.Jun.22,5.5,5.5,4.47258749926307,89790.32326821,1294.87570644
16.Jun.22,5.5,5.5,4.47258749926307,89569.7347361,825.31530225
17.Jun.22,5.5,5.5,4.47258749926307,89606.76155414,940.57368135
20.Jun.22,5.5,5.5,4.31144118958577,90335.10869353,1386.8779893
21.Jun.22,5.5,5.5,4.31144118958577,91143.57189996,805.45429135
22.Jun.22,5.5,5.5,3.7186961732283,91741.15807363,1353.8216582
23.Jun.22,5.5,5.5,3.7186961732283,92636.48257775,745.55461498
24.Jun.22,5.5,5.5,2.21001558214766,92687.00219757,1199.90388074
27.Jun.22,5.5,5.5,2.21001558214766,91878.73091438,974.69179519
28.Jun.22,5.5,5.5,2.21001558214766,91361.01472168,1161.55799484
29.Jun.22,n.d.,n.d.,n.d.,n.d.,n.d.
30.Jun.22,5.5,5.5,2.21001558214766,91109.15296478,1330.49790185
01.Jul.22,5.5,5.5,2.21001558214766,90794.09155152,10567.53096084
04.Jul.22,5.5,5.5,5.09399880976584,90231.47402467,11820.7680681
05.Jul.22,5.5,5.5,5.09399880976584,89892.25725229,10465.60576539
06.Jul.22,5.48,5.5,5.09399880976584,89498.44677876,9358.2471791
07.Jul.22,5.47,5.5,5.09399880976584,89381.73259126,8816.58911508
08.Jul.22,5.98,6,5.14777470657019,89238.91091988,4981.17948094
11.Jul.22,6,6,5.18010459083023,89048.67748841,4031.80733028
12.Jul.22,6,6,5.21736702101742,88613.33858468,4947.00036258
13.Jul.22,6,6,5.25032007555177,88329.27428942,4266.95033516
14.Jul.22,6,6,5.26959015388561,87973.32042219,4114.11345169
15.Jul.22,6,6,5.28827459257524,88048.80652722,3978.87094748
18.Jul.22,6.06,6,5.3093060525614,88520.9149561,2840.84111457
19.Jul.22,6.01,6,5.32772506729633,88618.18949977,2946.34805871
20.Jul.22,6,6,5.33536553953493,90024.22861827,3337.94954999
21.Jul.22,6,6,5.33536553953493,90669.52007407,2375.59005024
22.Jul.22,6,6,5.33536553953493,90947.90471032,1802.97954849
25.Jul.22,6,6,5.33536553953493,90755.6025784,1013.08993188
26.Jul.22,6,6,5.33536553953493,90112.40652184,1501.73435525
27.Jul.22,6.06,6,5.35745434730812,89786.06144237,1085.23314076
28.Jul.22,n.d.,n.d.,n.d.,n.d.,n.d.
29.Jul.22,n.d.,n.d.,n.d.,n.d.,n.d.
01.Ago.22,6.04,6,5.35745434730812,89955.75732377,11352.95378276
02.Ago.22,6,6,5.35745434730812,89576.95285442,10508.92770057
03.Ago.22,6,6,5.35745434730812,89416.40133832,8918.30436741
04.Ago.22,6,6,5.35745434730812,89042.80883363,7836.5548522
05.Ago.22,6.2,6,5.35745434730812,88814.90851211,9206.58479413
08.Ago.22,6.46,6,5.35745434730812,89165.15929493,11442.29296419
09.Ago.22,6.15,6,5.35745434730812,88994.57405228,10174.93257886
10.Ago.22,6.01,6,5.35745434730812,88517.21759766,10065.04604592
11.Ago.22,6,6,5.17116718529438,84391.6259082,10296.94599925
12.Ago.22,6.5,6.5,5.61427196830561,85383.20674381,5850.67457922
15.Ago.22,5.83,6.5,5.67855448748752,85285.13334526,4612.35267218
16.Ago.22,6.25,6.5,5.73594013867834,84548.16991622,3870.12018365
17.Ago.22,6.32,6.5,5.76340950898737,84462.31697292,3058.4540393
18.Ago.22,6.18,6.5,5.77372237617432,85166.3153214,2027.03123049
19.Ago.22,6.4,6.5,5.79215016172927,85805.72610415,584.75091931
22.Ago.22,6.48,6.5,5.88158446447512,86552.2292004,1483.19475439
23.Ago.22,6.5,6.5,5.93355821737882,86759.69644065,1481.57766515
24.Ago.22,6.48,6.5,5.9660725298839,88263.58386539,929.94328631
25.Ago.22,6.5,6.5,6.014141897749,87766.37567066,1010.92406562
26.Ago.22,6.5,6.5,6.05629220829883,87370.42345474,1176.96729612
29.Ago.22,6.47,6.5,6.08259123543398,86613.2734947,1034.20982248
30.Ago.22,n.d.,n.d.,n.d.,n.d.,n.d.
31.Ago.22,6.5,6.5,6.10637810326754,86694.61741625,1515.21520973
01.Set.22,6.5,6.5,6.10637810326754,86930.11842843,11889.58048114
02.Set.22,6.5,6.5,6.10637810326754,86902.8744639,10844.83583751
05.Set.22,6.5,6.5,6.10637810326754,86657.41574735,10817.87944198
06.Set.22,6.5,6.5,6.10637810326754,86083.63602671,10547.26700578
07.Set.22,6.5,6.5,6.10637810326754,86005.8043594,10742.44053113
08.Set.22,6.5,6.5,6.10637810326754,85956.36315909,10250.46161463
09.Set.22,6.75,6.75,6.16319754597735,85087.3830535,5039.07728595
12.Set.22,6.71,6.75,6.26337733873033,85334.42152966,5137.70226495
13.Set.22,6.75,6.75,6.31287493455808,84571.32198784,3450.27705388
14.Set.22,6.75,6.75,6.33280771357444,84341.78457048,3339.12779985
15.Set.22,6.75,6.75,6.41369359315557,84766.59534985,3784.30467723
16.Set.22,6.75,6.75,6.41369359315557,87080.99724037,3292.67099496
19.Set.22,6.75,6.75,6.42873167876042,87259.49410673,3874.11641233
20.Set.22,6.74,6.75,6.48941129041091,88573.49335459,3311.27982868
21.Set.22,6.75,6.75,6.49717892811179,89196.26696118,1966.48016809
22.Set.22,6.65,6.75,6.49717892811179,89341.67992038,1834.85930291
23.Set.22,6.58,6.75,6.49717892811179,89442.0313797,602.9477252
26.Set.22,6.75,6.75,6.49717892811179,89082.19438099,1099.79628501
27.Set.22,6.75,6.75,6.51142315339803,88826.40431014,1298.48257789
28.Set.22,6.75,6.75,6.52854399372321,88188.36760142,1225.53601361
29.Set.22,6.75,6.75,6.54109607477077,88221.88898087,1045.39498514
30.Set.22,6.81,6.75,6.54109607477077,88201.23033571,1849.15245557
03.Oct.22,6.83,6.75,6.54109607477077,87983.38340112,12657.17441255
04.Oct.22,6.75,6.75,6.54109607477077,88485.86890474,11467.94213749
05.Oct.22,6.76,6.75,6.54109607477077,88044.54093654,12816.13004838
06.Oct.22,6.9,6.75,6.54109607477077,88067.22240522,12202.03557812
07.Oct.22,7.13,7,6.54109607477077,87549.40593157,11797.710944
10.Oct.22,7,7,6.54109607477077,87212.35144819,8106.92085348
11.Oct.22,7,7,6.54109607477077,86985.06001523,7872.64636078
12.Oct.22,7,7,6.56451192082323,87284.34123125,6067.64831876
13.Oct.22,7,7,6.58131757997737,86908.51497137,5923.15635927
14.Oct.22,7,7,6.59057280556178,85767.25532737,4277.25485383
17.Oct.22,7,7,6.60289742082157,85929.38526643,3970.54777894
18.Oct.22,7,7,6.61637786968773,86243.98825376,3339.13705221
19.Oct.22,7,7,6.61637786968773,86595.14865888,2777.64330921
20.Oct.22,7,7,6.61637786968773,87352.94367832,2443.377881
21.Oct.22,7,7,6.61637786968773,88374.86890533,1467.5244708
24.Oct.22,7.01,7,6.61637786968773,88818.0105741,2639.1544414
25.Oct.22,7,7,6.61637786968773,89284.85822972,1945.42599655
26.Oct.22,7,7,6.61637786968773,88892.10528504,1950.17533163
27.Oct.22,7,7,6.61637786968773,86638.08100705,1628.8983321
28.Oct.22,7,7,6.61637786968773,85384.04888206,987.44588037
31.Oct.22,7,7,6.61637786968773,85384.72872183,2055.54483406
01.Nov.22,n.d.,7,n.d.,n.d.,n.d.
02.Nov.22,7,7,6.61637786968773,84814.59485016,12262.23048899
03.Nov.22,7,7,6.61637786968773,84607.80037181,11330.82698398
04.Nov.22,7.05,7,6.61637786968773,84260.07601377,10773.31485508
07.Nov.22,7,7,6.61637786968773,83926.3370968,11131.11987564
08.Nov.22,7,7,6.61637786968773,83711.94632472,10839.43147894
09.Nov.22,7,7,6.61637786968773,83936.82580117,10500.55629649
10.Nov.22,7,7,6.61637786968773,83451.29525693,10247.98857598
11.Nov.22,7.25,7.25,6.61637786968773,83220.90840426,4376.43394506
14.Nov.22,7.28,7.25,6.59381203849276,82476.32379657,5098.9791646
15.Nov.22,7.27,7.25,6.59381203849276,82564.11044155,4823.27003798
16.Nov.22,7.25,7.25,6.59381203849276,83001.66993876,2818.54691538
17.Nov.22,7.25,7.25,6.62361936045088,83066.02649978,2003.09032615
18.Nov.22,7.26,7.25,6.6250136994618,83278.36241473,1754.70631238
21.Nov.22,7.36,7.25,6.6250136994618,84634.43295896,1444.47872548
22.Nov.22,7.28,7.25,6.6250136994618,85311.52013769,1535.23742113
23.Nov.22,7.25,7.25,6.6250136994618,85517.30657921,1674.65207704
24.Nov.22,7.27,7.25,6.63574145118854,85582.03309165,1598.6572676
25.Nov.22,7.25,7.25,6.64882063618686,84866.75257672,1092.75050815
28.Nov.22,7.25,7.25,6.64882063618686,84250.45981693,1827.13899444
29.Nov.22,7.3,7.25,6.65515939489514,84059.71387366,1236.37943536
30.Nov.22,7.45,7.25,6.65515939489514,83673.79730251,1317.32013183
01.Dic.22,7.25,7.25,6.65515939489514,83615.25807768,12009.30559798
02.Dic.22,7.25,7.25,6.65515939489514,83387.99490816,11231.33938469
05.Dic.22,7.31,7.25,6.65515939489514,83579.94280152,10746.0106282
06.Dic.22,7.33,7.25,6.65515939489514,82895.61788853,10484.45649557
07.Dic.22,7.27,7.25,6.65515939489514,82090.74464337,7464.5203907
08.Dic.22,n.d.,n.d.,n.d.,n.d.,n.d.
09.Dic.22,n.d.,n.d.,n.d.,n.d.,n.d.
12.Dic.22,7.54,7.5,6.65515939489514,82270.16942614,5161.77814167
13.Dic.22,7.56,7.5,6.65515939489514,81788.28904109,4116.09030052
14.Dic.22,7.5,7.5,6.65515939489514,81270.25394847,5184.01766881
15.Dic.22,7.5,7.5,6.65515939489514,80687.76892187,4479.77024552
16.Dic.22,7.5,7.5,6.65515939489514,80788.9083053,2893.06402288
19.Dic.22,7.5,7.5,6.65515939489514,80681.32265764,3276.0177822
20.Dic.22,7.5,7.5,6.65515939489514,81381.26544088,2036.92164015
21.Dic.22,7.54,7.5,6.65515939489514,82130.84364752,1540.61345593
22.Dic.22,7.51,7.5,6.65515939489514,81816.54532165,1703.26900236
23.Dic.22,7.63,7.5,6.65515939489514,81764.47332959,1546.21368802
26.Dic.22,7.5,7.5,6.65515939489514,81322.23976795,1582.21442239
27.Dic.22,7.51,7.5,6.65173919863906,80810.44019534,1059.29563976
28.Dic.22,7.5,7.5,6.65173919863906,79180.64756171,628.66526735
29.Dic.22,7.5,7.5,6.66330792885632,78460.79307386,597.07172277
30.Dic.22,7.5,7.5,6.67466552056253,77882.58818683,1173.55950009
02.Ene.23,n.d.,n.d.,n.d.,n.d.,n.d.
03.Ene.23,7.52,7.5,6.81097755413351,77091.14457858,12773.45822936
04.Ene.23,7.61,7.5,6.81097755413351,76232.3655307,12669.14923339
05.Ene.23,7.65,7.5,6.81097755413351,75735.08119071,12455.03019257
06.Ene.23,7.53,7.5,6.81097755413351,75077.22508978,11091.93198339
09.Ene.23,7.5,7.5,6.83900293626307,74877.15111728,9691.99958079
10.Ene.23,7.5,7.5,6.85761508804387,74477.58492123,7762.12175229
11.Ene.23,7.5,7.5,6.85761508804387,73969.14914657,7031.96301862
12.Ene.23,7.5,7.5,6.85761508804387,73856.89325173,6748.49022449
13.Ene.23,7.75,7.75,6.85761508804387,73343.93205592,5103.04355797
16.Ene.23,7.75,7.75,6.85761508804387,72985.78812999,4222.35766716
17.Ene.23,7.75,7.75,6.85761508804387,73142.7987903,3289.791513
18.Ene.23,7.75,7.75,6.85761508804387,73557.69458295,2751.21548558
19.Ene.23,7.75,7.75,6.85761508804387,73827.46333024,2175.94866372
20.Ene.23,7.75,7.75,6.85761508804387,74137.65253144,1463.8110163
23.Ene.23,7.75,7.75,6.85761508804387,74960.66954943,1980.78656645
24.Ene.23,7.75,7.75,6.85761508804387,76185.07217382,1295.46502621
25.Ene.23,7.75,7.75,6.85761508804387,76734.10288912,1740.65730959
26.Ene.23,7.75,7.75,6.85761508804387,76217.03116665,1559.27844708
27.Ene.23,7.75,7.75,6.85761508804387,75903.82161496,897.51951185
30.Ene.23,7.75,7.75,6.85761508804387,74224.43082526,1866.54276079
31.Ene.23,7.73,7.75,6.86162699231526,72358.32823571,1060.62952742
01.Feb.23,7.77,7.75,6.86162699231526,71932.70944178,12914.55854439
02.Feb.23,7.75,7.75,6.86162699231526,71581.70624033,13085.0748167
03.Feb.23,7.83,7.75,6.86162699231526,70236.1084542,13325.26120988
06.Feb.23,7.75,7.75,6.86162699231526,70120.77904399,13000.60088334
07.Feb.23,7.75,7.75,6.86162699231526,70182.82967635,9365.25974978
08.Feb.23,7.75,7.75,6.86162699231526,70453.06270836,7672.60808901
09.Feb.23,7.75,7.75,6.86162699231526,70311.12815423,6034.74440557
10.Feb.23,7.75,7.75,6.86162699231526,65858.44037276,5161.96364953
13.Feb.23,7.75,7.75,6.88026233498228,66470.8985079,5954.56303986
14.Feb.23,7.75,7.75,6.89352188930425,66724.13232592,4019.77626692
15.Feb.23,7.75,7.75,6.89726831881649,66774.97714005,3793.13593379
16.Feb.23,7.75,7.75,6.92253812456707,66800.23407377,2864.94913524
17.Feb.23,7.75,7.75,6.92817194636546,67132.40286905,1905.53182953
20.Feb.23,7.75,7.75,6.98160019525646,68648.45749363,2002.17990713
21.Feb.23,7.75,7.75,6.99005229704246,69546.63688447,1509.95802268
22.Feb.23,7.75,7.75,6.99005229704246,70033.80431571,1335.28494516
23.Feb.23,7.86,7.75,6.99005229704246,70933.64571341,1030.60942295
24.Feb.23,7.75,7.75,6.99831562207047,71122.06572046,1362.19463135
27.Feb.23,7.75,7.75,7.01482190304306,71521.38685499,1539.57615474
28.Feb.23,7.75,7.75,7.02328468118365,71385.02243691,986.90357431
01.Mar.23,7.75,7.75,7.02328468118365,71456.19003325,13470.13600738
02.Mar.23,7.75,7.75,7.07824115405599,71459.5487353,12529.21967883
03.Mar.23,7.75,7.75,7.07824115405599,71172.66496663,10876.98893298
06.Mar.23,7.74,7.75,7.07824115405599,71041.87936917,10328.70395114
07.Mar.23,7.75,7.75,7.09190367110845,70692.83001059,9225.43685193
08.Mar.23,7.73,7.75,7.11169868876413,70453.56188763,8300.57355847
09.Mar.23,7.75,7.75,7.14081993252619,70069.66758148,6566.88880435
10.Mar.23,7.73,7.75,7.17069705861266,69611.92602383,4541.33052752
13.Mar.23,7.75,7.75,7.25835451805369,69986.98083831,5160.50718328
14.Mar.23,7.75,7.75,7.35199736157127,69840.40459641,6175.91409108
15.Mar.23,7.75,7.75,7.37122519497596,69969.29300305,5507.00123284
16.Mar.23,7.75,7.75,7.37620373499641,70249.83383018,4964.18682911
17.Mar.23,7.75,7.75,7.39865318465614,70194.5487585,3684.19792433
20.Mar.23,7.75,7.75,7.41086459470094,70857.01592389,2933.91336469
21.Mar.23,7.75,7.75,7.41758146208653,71466.76817636,2087.9133808
22.Mar.23,7.75,7.75,7.47711846040179,70763.52771106,1751.19970144
23.Mar.23,7.75,7.75,7.47986393374405,72432.79115371,1357.12514577
24.Mar.23,7.75,7.75,7.48306699743259,72070.69261867,1410.30454396
27.Mar.23,7.75,7.75,7.5312832595226,72518.27897254,1908.04409264
28.Mar.23,7.75,7.75,7.5351334329971,72805.76549588,1663.29822162
29.Mar.23,7.75,7.75,7.53798626808471,73410.84671194,1466.23646339
30.Mar.23,7.75,7.75,7.54235145195136,73272.31821744,983.3359786
31.Mar.23,7.75,7.75,7.5457982314306,73360.98612955,2616.75453393
03.Abr.23,7.75,7.75,7.5457982314306,74406.26375024,12912.37740691
04.Abr.23,7.75,7.75,7.5635581536173,74696.82600903,12304.84120815
05.Abr.23,7.75,7.75,7.5635581536173,74772.48507508,10384.98136672
06.Abr.23,n.d.,n.d.,n.d.,n.d.,n.d.
07.Abr.23,n.d.,n.d.,n.d.,n.d.,n.d.
10.Abr.23,7.75,7.75,7.55144877361399,76065.86161598,12032.27299884
11.Abr.23,7.75,7.75,7.55144877361399,76736.37119324,9846.13721202
12.Abr.23,7.74,7.75,7.55004156051406,77168.15088265,8186.59021499
13.Abr.23,7.72,7.75,7.55888678459267,77279.11432837,5602.97286078
14.Abr.23,7.75,7.75,7.56256619453362,76809.37335957,4371.10909698
17.Abr.23,7.65,7.75,7.56563029057892,77008.45652862,3257.65666371
18.Abr.23,7.75,7.75,7.56737428639543,77004.26842512,2278.32945784
19.Abr.23,7.75,7.75,7.56892171730837,76990.59098201,1786.57744561
20.Abr.23,7.75,7.75,7.56892171730837,77546.41362266,1668.15517463
21.Abr.23,7.75,7.75,7.56892171730837,78613.66320638,1239.84105267
24.Abr.23,7.76,7.75,7.56892171730837,79720.35158553,1547.20474502
25.Abr.23,7.82,7.75,7.56892171730837,79941.76242798,2005.94870199
26.Abr.23,7.77,7.75,7.56892171730837,80488.89360722,1354.81677497
27.Abr.23,7.75,7.75,7.56892171730837,75012.55135972,1357.91319579
28.Abr.23,7.75,7.75,7.56892171730837,75354.81375918,737.49247777
01.May.23,n.d.,n.d.,n.d.,n.d.,n.d.
02.May.23,7.75,7.75,7.56892171730837,76092.98042334,9557.30783121
03.May.23,7.75,7.75,7.5684648181291,76131.94278939,11164.85521781
04.May.23,7.75,7.75,7.5684648181291,75686.53983809,11152.28698791
05.May.23,7.75,7.75,7.5684648181291,76112.49765169,10857.46193243
08.May.23,7.75,7.75,7.5684648181291,76009.82864589,10029.42828085
09.May.23,7.75,7.75,7.5684648181291,75804.24308282,9893.25951303
10.May.23,7.75,7.75,7.5684648181291,75230.00953627,9015.28918124
11.May.23,7.75,7.75,7.5684648181291,74784.48924389,7940.02908149
12.May.23,7.75,7.75,7.56824795978003,75217.00402659,6902.27307243
15.May.23,7.75,7.75,7.56936288927994,74590.6917699,5471.97983525
16.May.23,7.75,7.75,7.56293132879306,75025.48977996,3591.41291889
17.May.23,7.75,7.75,7.56716317791652,75330.65655265,2991.15370788
18.May.23,7.75,7.75,7.57202618104241,75493.25052159,2475.81319199
19.May.23,7.75,7.75,7.57202618104241,75950.51872466,1746.56602326
22.May.23,7.75,7.75,7.57202618104241,77052.85270331,2228.84666522
23.May.23,7.75,7.75,7.57202618104241,77747.35381615,1222.48822531
24.May.23,7.76,7.75,7.57202618104241,78096.23134462,1341.26835613
25.May.23,7.77,7.75,7.57671145502423,78049.87939381,1128.93159812
26.May.23,7.75,7.75,7.57286961143313,77761.12898839,859.55430782
29.May.23,7.75,7.75,7.57286961143313,79342.93774044,922.19829068
30.May.23,7.75,7.75,7.57286961143313,78780.05789025,869.19990615
31.May.23,7.75,7.75,7.57286961143313,79252.35488057,598.80602383
01.Jun.23,7.75,7.75,7.57286961143313,79395.22768757,11563.67986223
02.Jun.23,7.73,7.75,7.57478824402386,79037.12252056,11574.47574488
05.Jun.23,7.54,7.75,7.57478824402386,78682.47535513,11484.82013915
06.Jun.23,7.75,7.75,7.57478824402386,78521.31769378,9885.70144085
07.Jun.23,7.75,7.75,7.57478824402386,78474.58393114,8785.23622251
08.Jun.23,7.75,7.75,7.57478824402386,78095.13107023,7611.42863637
09.Jun.23,7.75,7.75,7.57478824402386,77679.02639603,5892.85799936
12.Jun.23,7.74,7.75,7.57478824402386,73232.1027031,5680.48528443
13.Jun.23,7.75,7.75,7.56764375459617,73079.85294046,5409.63356999
14.Jun.23,7.75,7.75,7.56242944847135,72740.61723066,5522.83788678
15.Jun.23,7.75,7.75,7.55606712193997,72512.17847257,5725.27706278
16.Jun.23,7.67,7.75,7.5497744674555,72492.85220456,4418.05766167
19.Jun.23,7.75,7.75,7.54383812621999,72876.78150468,2792.3648231
20.Jun.23,7.72,7.75,7.54132834806285,73350.36803207,1743.10357921
21.Jun.23,7.75,7.75,7.53880275642297,73748.26360181,1216.01524146
22.Jun.23,7.92,7.75,7.53880275642297,73799.54671133,1459.85596554
23.Jun.23,7.75,7.75,7.53880275642297,74207.45232375,686.52026675
26.Jun.23,7.75,7.75,7.53880275642297,74144.05347077,1002.88471214
27.Jun.23,7.75,7.75,7.53928983741643,74061.89244829,793.07233182
28.Jun.23,7.75,7.75,7.54160214806975,73103.81695962,1123.57422511
29.Jun.23,n.d.,n.d.,n.d.,n.d.,n.d.
30.Jun.23,7.77,7.75,7.53981234218525,73003.99403315,1800.9638613
03.Jul.23,7.81,7.75,7.53981234218525,73452.81289265,9436.60366801
04.Jul.23,7.75,7.75,7.53981234218525,72896.4757268,12907.56696959
05.Jul.23,7.75,7.75,7.53981234218525,72793.9676153,13331.86377425
06.Jul.23,7.75,7.75,7.53981234218525,72493.76348261,13076.90083122
07.Jul.23,7.75,7.75,7.53981234218525,72068.92836207,12312.47099385
10.Jul.23,7.75,7.75,7.54295936617008,71891.57560866,10976.50273785
11.Jul.23,7.75,7.75,7.54295936617008,70710.38113181,9048.01449781
12.Jul.23,7.74,7.75,7.54295936617008,70184.89733012,7572.33648138
13.Jul.23,7.75,7.75,7.53632313813288,69624.43392692,6813.0063132
14.Jul.23,7.75,7.75,7.52997100609347,69312.52524748,5650.68244493
17.Jul.23,7.75,7.75,7.5229507920835,68890.48885037,4503.33902395
18.Jul.23,7.75,7.75,7.51887391418734,68838.56472558,5230.53249702
19.Jul.23,7.75,7.75,7.51887391418734,69148.32593908,4363.32152679
20.Jul.23,7.75,7.75,7.51887391418734,69576.34879056,3955.59972119
21.Jul.23,7.75,7.75,7.51682138979782,70365.6596964,2192.60732009
24.Jul.23,7.75,7.75,7.51391923853639,70588.62630888,1238.46601863
25.Jul.23,7.76,7.75,7.51391923853639,69844.7488723,1334.87657038
26.Jul.23,7.75,7.75,7.51391923853639,69436.76157659,1442.03611123
27.Jul.23,7.75,7.75,7.51391923853639,69033.80567559,808.62947095
28.Jul.23,n.d.,n.d.,n.d.,n.d.,n.d.
31.Jul.23,7.75,7.75,7.51391923853639,69250.61969747,1167.76761015
01.Ago.23,7.75,7.75,7.51391923853639,69180.2919704,13333.05176325
02.Ago.23,7.75,7.75,7.51391923853639,68918.98729708,12831.72613095
03.Ago.23,7.75,7.75,7.51391923853639,68547.8738002,12160.4833281
04.Ago.23,7.75,7.75,7.51391923853639,68003.50786921,10854.93939188
07.Ago.23,7.75,7.75,7.51391923853639,68037.13847369,9778.41101614
08.Ago.23,7.75,7.75,7.51391923853639,68153.14029087,9140.0768875
09.Ago.23,7.75,7.75,7.51391923853639,67957.09370311,8590.78694573
10.Ago.23,7.75,7.75,7.51391923853639,67588.93273359,7721.45454691
11.Ago.23,7.75,7.75,7.51391923853639,62811.31892281,7086.04405206
14.Ago.23,7.75,7.75,7.50686204345366,63028.95481354,6272.79499788
15.Ago.23,7.75,7.75,7.50441626649042,63346.20754065,5970.84682226
16.Ago.23,7.75,7.75,7.50154175088598,63633.230625,4919.95612118
17.Ago.23,7.75,7.75,7.49478007451073,63617.31936552,4553.36719665
18.Ago.23,7.75,7.75,7.5,64417,3021
21.Ago.23,7.75,7.75,7.48190658489594,65218.13950989,3676.06355626
22.Ago.23,7.75,7.75,7.4806256348247,66197.98047145,2282.00151035
23.Ago.23,7.75,7.75,7.4806256348247,66534.15111946,1492.40070543
24.Ago.23,7.75,7.75,7.47699880402135,66334.24615582,1369.38292232
25.Ago.23,7.75,7.75,7.47514139657281,66171.34736188,1166.71744986
28.Ago.23,7.75,7.75,7.47312591460032,65872.85459185,1550.6335051
29.Ago.23,7.75,7.75,7.46877692395523,65519.97788705,1304.07424481
30.Ago.23,n.d.,n.d.,n.d.,n.d.,n.d.
31.Ago.23,7.75,7.75,7.46432778753063,65520.9742333,645.94733725
01.Set.23,7.75,7.75,7.46314550531759,65675.33877375,13576.45677541
04.Set.23,7.75,7.75,7.46314550531759,65602.34651497,11958.04007654
05.Set.23,7.75,7.75,7.46314550531759,65085.99727859,10992.2417281
06.Set.23,7.75,7.75,7.46314550531759,64871.27059589,10507.21595855
07.Set.23,7.75,7.75,7.46314550531759,64887.92851918,10047.33201578
08.Set.23,7.75,7.75,7.45921776641727,64874.22967303,9240.40376322
11.Set.23,7.75,7.75,7.45921776641727,64111.96834083,7816.60168301
12.Set.23,7.75,7.75,7.45287150995258,63734.19886518,7170.62249398
13.Set.23,7.75,7.75,7.42336693491947,63531.85477733,5851.73159686
14.Set.23,7.75,7.75,7.4027489608761,63144.92847926,4457.08186587
15.Set.23,7.5,7.5,7.3693192884117,63246.77971829,3075.6240761
18.Set.23,7.5,7.5,7.35288425482362,63996.03633102,2872.83661352
19.Set.23,7.5,7.5,7.31601236911953,64510.03137205,2955.32705267
20.Set.23,7.5,7.5,7.30757199931533,64849.74843618,2331.04138897
21.Set.23,7.5,7.5,7.28665970209372,65717.16624047,1757.93314966
22.Set.23,7.5,7.5,7.27561552663241,65946.8499855,1487.45906038
25.Set.23,7.5,7.5,7.24773716802548,66248.36369255,1932.96382918
26.Set.23,7.5,7.5,7.23906973948884,65949.62062618,1846.50213062
27.Set.23,7.5,7.5,7.23607485597201,65487.32411503,1195.40772359
28.Set.23,7.5,7.5,7.23316075369047,65312.14376628,1621.20250006
29.Set.23,7.5,7.5,7.23136944887677,64774.45840305,1313.38960247
02.Oct.23,7.5,7.5,7.23136944887677,64812.60129925,13831.66778361
03.Oct.23,7.5,7.5,7.20622616950503,64343.68345003,12769.11110326
04.Oct.23,7.5,7.5,7.20622616950503,63980.1800226,11613.34903543
05.Oct.23,7.5,7.5,7.20622616950503,63813.75876236,10129.91480901
06.Oct.23,7.25,7.25,7.20622616950503,63366.01566556,10424.46719559
09.Oct.23,7.25,7.25,7.20622616950503,63541.11079605,10065.61490393
10.Oct.23,7.25,7.25,7.20622616950503,63567.26656498,8586.14716831
11.Oct.23,7.25,7.25,7.20622616950503,63180.26140749,7880.64686473
12.Oct.23,7.25,7.25,7.20622616950503,62542.04239105,6293.96928797
13.Oct.23,7.26,7.25,7.20622616950503,61995.73423365,5957.58418088
16.Oct.23,7.28,7.25,7.19370561323552,62553.12971507,7762.78100348
17.Oct.23,7.25,7.25,7.16775206757933,60444.36560497,8551.56994458
18.Oct.23,6.97,7.25,7.15815389528545,63074.35894284,5264.84190399
19.Oct.23,7.25,7.25,7.13403557726922,63369.73698953,4352.06211335
20.Oct.23,7.25,7.25,7.12373014139262,64429.43263002,2779.77282399
23.Oct.23,7.25,7.25,7.11248413597672,64371.27913552,2250.31561501
24.Oct.23,7.25,7.25,7.10584282215436,65146.58622449,2112.50083077
25.Oct.23,7.25,7.25,7.10383401647578,65316.14737495,2030.67839609
26.Oct.23,7.25,7.25,7.1018622571144,64580.02418844,2345.91248652
27.Oct.23,7.25,7.25,7.0989718687289,64026.42879952,1735.28068904
30.Oct.23,7.25,7.25,7.09319827136905,63504.70937891,1878.12833437
31.Oct.23,7.25,7.25,7.09319827136905,63044.22227863,1091.04545961
01.Nov.23,n.d.,n.d.,n.d.,n.d.,n.d.
02.Nov.23,7.25,7.25,7.09319827136905,62208.55751101,13395.39231645
03.Nov.23,7.25,7.25,7.09319827136905,61936.88146649,11746.83441101
06.Nov.23,7.25,7.25,7.09319827136905,61586.9855146,11155.18924348
07.Nov.23,7.25,7.25,7.09319827136905,61581.25727611,10195.96914267
08.Nov.23,7.2,7.25,7.09319827136905,61157.96041902,8143.7766727
09.Nov.23,7.25,7.25,7.09319827136905,61196.25405359,8342.18212769
10.Nov.23,7,7,7.09319827136905,60883.49870397,8289.92817501
13.Nov.23,7,7,7.06653293855284,61064.14061568,7584.96019775
14.Nov.23,7.1,7,7.06653293855284,60759.84655893,9207.89618596
15.Nov.23,7,7,7.06130605463372,60104.25566428,7723.27979673
16.Nov.23,7,7,7.02392622078655,60021.81845357,6173.16823415
17.Nov.23,7,7,6.98647485267035,60329.46813147,3775.15940653
20.Nov.23,7,7,6.97480543095018,60534.50882817,4292.01551235
21.Nov.23,7,7,6.96321422426563,61420.19582935,3417.69687601
22.Nov.23,6.99,7,6.9530303938114,61940.14880833,2785.97001879
23.Nov.23,7,7,6.94822002793098,62253.1864201,2093.7702488
24.Nov.23,7,7,6.94822002793098,62248.07104014,1957.33554639
27.Nov.23,7,7,6.93426654730507,62324.38338766,1901.00000594
28.Nov.23,7,7,6.92719442156611,62097.11575169,1660.63262576
29.Nov.23,7,7,6.91790623168075,61595.42070905,1255.0896797
30.Nov.23,7,7,6.91790623168075,60901.40087142,1680.3012833
01.Dic.23,7,7,6.91790623168075,61510.45872168,10076.0078313
04.Dic.23,7,7,6.91790623168075,61344.55941924,12235.44088083
05.Dic.23,7,7,6.91790623168075,60357.32282176,10800.67709187
06.Dic.23,7,7,6.91790623168075,60214.60857075,9083.18446457
07.Dic.23,7,7,6.91790623168075,60149.47988815,8117.13516273
08.Dic.23,n.d.,n.d.,n.d.,n.d.,n.d.
11.Dic.23,7,7,6.91790623168075,60214.83349116,8518.17964727
12.Dic.23,7,7,6.91790623168075,59982.53509709,8138.44213433
13.Dic.23,7,7,6.89557558130427,59369.13186162,7983.25504037
14.Dic.23,7,7,6.87210751760038,58401.25977594,7997.0490736
15.Dic.23,6.75,6.75,6.82566363428519,58141.90789194,7562.49073914
18.Dic.23,6.75,6.75,6.80205910942022,58056.72267248,7158.28750939
19.Dic.23,6.75,6.75,6.74424204094274,58473.10663017,6184.08213129
20.Dic.23,6.75,6.75,6.7290792337382,58032.60132086,4709.36867897
21.Dic.23,6.75,6.75,6.7098618893335,58333.09924193,4558.11077064
22.Dic.23,6.75,6.75,6.69845573053555,58671.97371596,2284.48890782
25.Dic.23,n.d.,n.d.,n.d.,n.d.,n.d.
26.Dic.23,6.75,6.75,6.68948300767135,57885.23443918,2599.34757748
27.Dic.23,6.75,6.75,6.68501426371864,56984.16721502,1876.88942846
28.Dic.23,6.75,6.75,6.67774632628651,56470.70573753,1647.38074891
29.Dic.23,6.75,6.75,6.67774632628651,55038.37780984,1396.70112826
01.Ene.24,n.d.,n.d.,n.d.,n.d.,n.d.
02.Ene.24,n.d.,n.d.,n.d.,n.d.,n.d.
03.Ene.24,6.75,6.75,6.67435096038779,55808.05171366,12396.96657233
04.Ene.24,6.75,6.75,6.67435096038779,54298.8457206,12663.93910032
05.Ene.24,6.75,6.75,6.67435096038779,53279.17822348,12438.81040685
08.Ene.24,6.75,6.75,6.67435096038779,53198.18482766,12196.14110984
09.Ene.24,6.75,6.75,6.67435096038779,53381.15138214,11065.93481587
10.Ene.24,6.75,6.75,6.65539101733372,53059.97027994,10136.81416372
11.Ene.24,6.75,6.75,6.6413511714661,52256.5984742,7995.48999902
12.Ene.24,6.5,6.5,6.63296453076825,51451.74054805,7007.62895367
15.Ene.24,6.5,6.5,6.56308084943953,50818.06936705,6209.33786389
16.Ene.24,6.5,6.5,6.53387047746335,51179.72303624,4732.09021722
17.Ene.24,6.5,6.5,6.50620494129855,51174.24608882,4869.87779288
18.Ene.24,6.5,6.5,6.50620494129855,51792.78423691,3949.6533474
19.Ene.24,6.5,6.5,6.50620494129855,52378.20582354,3923.67148456
22.Ene.24,6.5,6.5,6.49137285567307,53442.88851013,3572.46668238
23.Ene.24,6.5,6.5,6.48679806901402,53787.2023788,1915.57581966
24.Ene.24,6.5,6.5,6.48679806901402,54745.04080107,2703.43509378
25.Ene.24,6.5,6.5,6.468337716355,55281.94968481,2655.95197427
26.Ene.24,6.5,6.5,6.468337716355,53686.77911338,2167.73619337
29.Ene.24,6.5,6.5,6.468337716355,53003.0577637,1241.28804396
30.Ene.24,6.5,6.5,6.468337716355,52650.18995033,1183.60222727
31.Ene.24,6.52,6.5,6.468337716355,52294.03789195,1173.35315286
01.Feb.24,6.5,6.5,6.468337716355,52090.55308642,13432.85131625
02.Feb.24,6.5,6.5,6.468337716355,51930.29905479,11723.96749117
05.Feb.24,6.5,6.5,6.468337716355,51869.33179731,11206.80201372
06.Feb.24,6.5,6.5,6.468337716355,51910.21697142,9439.51675603
07.Feb.24,6.5,6.5,6.468337716355,51069.92488768,9705.88439626
08.Feb.24,6.5,6.5,6.468337716355,51322.22162414,9075.76903171
09.Feb.24,6.25,6.25,6.46028472042919,46354.01690984,7977.18244432
12.Feb.24,6.25,6.25,6.4530072167082,47523.93502091,7255.95589732
13.Feb.24,6.25,6.25,6.44592446725381,47081.64514422,5715.49989958
14.Feb.24,6.25,6.25,6.40055250724958,46616.67015874,5814.5487893
15.Feb.24,6.25,6.25,6.38388970477843,46265.39955247,4191.41341746
16.Feb.24,6.25,6.25,6.36605615468405,46473.48706192,3827.05391057
19.Feb.24,6.25,6.25,6.31170856550732,47736.91611284,4084.32620845
20.Feb.24,6.25,6.25,6.30252604866708,48849.79923122,2497.41219205
21.Feb.24,6.25,6.25,6.30252604866708,50191.80003829,2961.50624908
22.Feb.24,6.25,6.25,6.28014587050719,50389.37867304,2060.96657161
23.Feb.24,6.25,6.25,6.28014587050719,50951.96377584,1627.17564205
26.Feb.24,6.25,6.25,6.28014587050719,50899.55342279,1727.51937702
27.Feb.24,6.25,6.25,6.28014587050719,50591.31711474,2879.76811261
28.Feb.24,6.25,6.25,6.26056961981787,50768.61075175,1498.72033236
29.Feb.24,6.25,6.25,6.26056961981787,51403.70476432,929.3212372
01.Mar.24,6.25,6.25,6.26056961981787,51095.6392953,11284.89768701
04.Mar.24,6.25,6.25,6.26056961981787,51209.8633205,11249.29869609
05.Mar.24,6.25,6.25,6.26056961981787,50662.47479444,11089.50794994
06.Mar.24,6.25,6.25,6.26056961981787,50377.87903199,10600.87711702
07.Mar.24,6.25,6.25,6.26056961981787,50196.98414229,9930.19216333
08.Mar.24,6.25,6.25,6.26056961981787,50277.55622059,8511.79773634
11.Mar.24,6.25,6.25,6.2570357360109,50052.05877064,7146.03949662
12.Mar.24,6.25,6.25,6.2089222988314,49981.14867384,7229.74215392
13.Mar.24,6.25,6.25,6.19646327197271,49818.20667992,6610.02606006
14.Mar.24,6.25,6.25,6.14733022517721,49532.39108789,5958.05816421
15.Mar.24,6.25,6.25,6.14242702912077,49640.76745504,5607.39438811
18.Mar.24,6.07,6.25,6.09892468198009,50221.4979788,5031.33283462
19.Mar.24,6.25,6.25,6.08622273670415,50352.29708939,3336.20461789
20.Mar.24,6.25,6.25,6.05183197390369,51547.8312175,3545.48011485
21.Mar.24,6.25,6.25,6.02265723054748,52840.57272629,2869.07978452
22.Mar.24,6.25,6.25,6.02265723054748,53026.11028201,2913.73502924
25.Mar.24,6.25,6.25,6.02265723054748,54091.25805298,2540.2983978
26.Mar.24,6.25,6.25,5.98378833056262,54555.68252179,1657.5128664
27.Mar.24,6.25,6.25,5.97343490397504,53749.72357745,1439.06821492
28.Mar.24,n.d.,n.d.,n.d.,n.d.,n.d.
29.Mar.24,n.d.,n.d.,n.d.,n.d.,n.d.
01.Abr.24,6.25,6.25,5.97343490397504,54193.36120938,12742.15681747
02.Abr.24,6.25,6.25,5.97343490397504,54289.43133076,11655.04188718
03.Abr.24,6.25,6.25,5.97343490397504,54376.41180577,10785.48350286
04.Abr.24,6.25,6.25,5.97343490397504,54228.99445426,10246.57960203
05.Abr.24,6.25,6.25,5.97343490397504,54417.68840263,5944.65529363
08.Abr.24,6.25,6.25,5.97343490397504,54889.03490291,4419.30184608
09.Abr.24,6.25,6.25,5.97343490397504,55403.01379129,4691.39174403
10.Abr.24,6.25,6.25,5.97343490397504,55160.68586032,4490.77182708
11.Abr.24,6.25,6.25,5.97343490397504,55335.5843538,4200.54178994
12.Abr.24,6,6,5.97343490397504,54979.93128569,4297.00254765
15.Abr.24,6,6,5.97128824002193,55346.90620817,4489.76346686
16.Abr.24,6,6,5.96706951137102,55169.96772389,4507.02817989
17.Abr.24,6,6,5.96301436103651,55482.61544733,4619.28607161
18.Abr.24,6,6,5.911426983896,55796.30734672,4666.06985737
19.Abr.24,6,6,5.90525250279018,56675.80752176,3592.09575902
22.Abr.24,6,6,5.85771616199389,57227.53748201,3228.05624364
23.Abr.24,6,6,5.84914204043842,56057.09878122,2500.94928206
24.Abr.24,6,6,5.82890845,56067.43561,2104.031108
25.Abr.24,6,6,5.82890844990316,55638.45239111,2586.32042596
26.Abr.24,6,6,5.82890844990316,55222.95617776,2587.8390851
29.Abr.24,6,6,5.82890844990316,54863.96100691,1214.14401531
30.Abr.24,6,6,5.82890844990316,54541.73596873,1455.62667852
01.May.24,n.d.,n.d.,n.d.,n.d.,n.d.
02.May.24,6,6,5.82890844990316,54277.39551688,13412.64633661
03.May.24,6,6,5.81717152447411,54128.62749155,11409.46459546
06.May.24,6,6,5.81717152447411,53703.24054361,11588.06650989
07.May.24,6,6,5.81717152447411,53521.31975475,10767.54138977
08.May.24,6,6,5.81717152447411,52263.32521974,9784.56758748
09.May.24,6,6,5.81717152447411,52336.82616305,7247.90590749
10.May.24,5.75,5.75,5.80606555730233,51951.7299344,5116.57378535
13.May.24,5.75,5.75,5.79495277880337,51495.45853528,4323.84507682
14.May.24,5.75,5.75,5.78416368532715,50967.49320147,3338.25841899
15.May.24,5.75,5.75,5.7361529084028,50491.22891511,3730.69683661
16.May.24,5.75,5.75,5.73015710531373,50414.17519692,3109.0123186
17.May.24,5.75,5.75,5.7267873360922,50152.33878953,3000.04295193
20.May.24,5.75,5.75,5.72071450276167,50700.11138091,3591.96143469
21.May.24,5.75,5.75,5.68239760692593,51626.61596768,3431.09817713
22.May.24,5.75,5.75,5.67986082580231,51992.15714484,2782.1512248
23.May.24,5.75,5.75,5.65528470562566,52090.10394934,3393.7226676
24.May.24,5.75,5.75,5.65528470562566,52211.98052141,3441.53517024
27.May.24,5.75,5.75,5.65528470562566,52169.39720819,2604.90101973
28.May.24,5.75,5.75,5.62668527320139,51636.11800731,1733.87216417
29.May.24,5.75,5.75,5.62543620046461,51627.96465939,1590.89194368
30.May.24,5.75,5.75,5.62543620046461,51886.83798319,1033.21931352
31.May.24,5.75,5.75,5.62543620046461,52080.75397227,1468.99970863
03.Jun.24,5.75,5.75,5.62543620046461,52209.1929487,13585.98224411
04.Jun.24,5.75,5.75,5.62543620046461,51990.10745989,12839.87387999
05.Jun.24,5.75,5.75,5.62543620046461,51530.83571831,12070.9715678
06.Jun.24,5.74,5.75,5.62543620046461,51076.20752902,9804.52513753
07.Jun.24,n.d.,n.d.,n.d.,n.d.,n.d.
10.Jun.24,5.75,5.75,5.62543620046461,51274.15605891,8582.37765086
11.Jun.24,5.75,5.75,5.62543620046461,51338.97488433,7261.22460559
12.Jun.24,5.75,5.75,5.62543620046461,51278.56805133,7517.47905149
13.Jun.24,5.72,5.75,5.62543620046461,51278.33613108,4941.73252795
14.Jun.24,5.75,5.75,5.60316758556453,50513.34382208,4424.02635454
17.Jun.24,5.75,5.75,5.59618315631078,50552.28969625,4699.25052391
18.Jun.24,5.75,5.75,5.59136026328306,50446.77156322,3394.64624062
19.Jun.24,5.75,5.75,5.56609466384401,50299.7942736,3402.26087253
20.Jun.24,5.75,5.75,5.56282930101669,50831.5703313,3704.24394823
21.Jun.24,5.75,5.75,5.55990355599557,51542.78678928,2078.40658102
24.Jun.24,5.75,5.75,5.54662148092314,51907.84070572,2972.033002
25.Jun.24,5.75,5.75,5.54510605752625,52344.73056235,3261.18236734
26.Jun.24,5.75,5.75,5.54510605752625,52411.24290954,3596.58025466
27.Jun.24,5.75,5.75,5.54510605752625,50901.59823509,2658.81540868
28.Jun.24,5.75,5.75,5.54510605752625,50330.04875986,1860.57177711
01.Jul.24,5.75,5.75,5.54510605752625,46083.83971118,15342.22404911
02.Jul.24,5.75,5.75,5.54510605752625,45747.07547869,14323.73163056
03.Jul.24,5.75,5.75,5.54420702082011,45159.70545479,13708.39094387
04.Jul.24,5.75,5.75,5.54308806563436,44240.6727821,11044.57039635
05.Jul.24,5.75,5.75,5.54056240164225,44416.61522122,9386.02132404
08.Jul.24,5.75,5.75,5.53472169502962,44550.26695166,8178.8146074
09.Jul.24,5.75,5.75,5.53113595041859,44164.36645654,8104.1571798
10.Jul.24,5.75,5.75,5.51937252399949,43411.79479843,8085.06736116
11.Jul.24,5.75,5.75,5.51624588811576,42892.54652056,6519.05670466
12.Jul.24,5.75,5.75,5.51370912131968,42482.997488,4555.44440155
15.Jul.24,5.75,5.75,5.51135522215429,42482.13646259,4467.40652273
16.Jul.24,5.75,5.75,5.50166469330151,42830.32330555,4700.94982852
17.Jul.24,5.75,5.75,5.50002116864739,43229.60440957,3419.17165872
18.Jul.24,5.7,5.75,5.49916390482654,43758.38279951,4639.12687831
19.Jul.24,5.75,5.75,5.49776426338141,44455.02201026,2963.99898489
22.Jul.24,5.74,5.75,5.49635671571972,45187.49242159,2997.32658507
23.Jul.24,n.d.,n.d.,n.d.,n.d.,n.d.
24.Jul.24,5.59,5.75,5.49374190977952,45390.02870081,3078.53560731
25.Jul.24,5.75,5.75,5.49374190977952,43308.00902394,1572.10170466
26.Jul.24,n.d.,n.d.,n.d.,n.d.,n.d.
29.Jul.24,n.d.,n.d.,n.d.,n.d.,n.d.
30.Jul.24,5.75,5.75,5.49374190977952,44775.66300583,6965.80599668
31.Jul.24,5.75,5.75,5.49374190977952,44716.14516606,1971.97086267
01.Ago.24,5.75,5.75,5.49374190977952,45073.79144991,12943.00526705
02.Ago.24,5.75,5.75,5.49374190977952,44038.21675022,11724.26341239
05.Ago.24,5.75,5.75,5.49374190977952,43253.63598691,10705.43483052
06.Ago.24,n.d.,n.d.,n.d.,n.d.,n.d.
07.Ago.24,5.75,5.75,5.49241115269706,43486.68131406,8674.20685244
08.Ago.24,5.75,5.75,5.48935272857555,43315.03601963,5856.99609086
09.Ago.24,5.5,5.5,5.48308832306713,37946.8093467,4674.0085543
12.Ago.24,5.5,5.5,5.47683378999561,44656.26497135,5551.0487978
13.Ago.24,5.5,5.5,5.46468168660272,44652.42716973,4544.27435173
14.Ago.24,5.5,5.5,5.44938849791519,44290.05447524,4673.90692748
15.Ago.24,5.5,5.5,5.44168250565537,44501.48343477,4088.94901225
16.Ago.24,5.5,5.5,5.43777359196711,44211.67346271,4266.37659468
19.Ago.24,5.5,5.5,5.42953354813607,45164.17794896,3671.8671954
20.Ago.24,5.5,5.5,5.41812995246392,46249.39263448,3123.19468587
21.Ago.24,5.5,5.5,5.4103905295359,46512.37973344,2723.38954901
22.Ago.24,5.37,5.5,5.40252143883147,46808.94148893,2039.5739851
23.Ago.24,5.5,5.5,5.38733503758306,47209.09580814,1840.67840195
26.Ago.24,5.5,5.5,5.38235416294481,48197.81979444,2337.54251879
27.Ago.24,5.5,5.5,5.38235416294481,48159.19158607,2264.60700909
28.Ago.24,5.44,5.5,5.36995860520239,47684.63561269,2523.61695891
29.Ago.24,5.5,5.5,5.36995860520239,47498.93312554,2116.7366983
30.Ago.24,n.d.,n.d.,n.d.,n.d.,n.d.
02.Set.24,5.5,5.5,5.36995860520239,47822.94709895,13038.39648173
03.Set.24,5.5,5.5,5.36591741332996,47700.2941372,12561.46251943
04.Set.24,5.5,5.5,5.36181200183334,47400.46564824,12052.54847017
05.Set.24,5.5,5.5,5.35579998178129,47150.23402015,10796.59183949
06.Set.24,5.49,5.5,5.35425753874564,47374.38974987,9682.20419253
09.Set.24,5.48,5.5,5.3499058683671,47795.5134484,7979.13534326
10.Set.24,5.4,5.5,5.34414226207429,47471.59293145,6247.67066861
11.Set.24,5.5,5.5,5.32257770312649,47251.3536825,5902.41811248
12.Set.24,5.35,5.5,5.31628427167977,47003.56967103,4826.849644
13.Set.24,5.25,5.25,5.27338743832391,46499.23191764,4438.9947655
16.Set.24,5.25,5.25,5.24775384901032,47022.72321056,4333.89551916
17.Set.24,5.25,5.25,5.24051189001079,46881.54400407,3754.90454627
18.Set.24,5.25,5.25,5.19645744198844,47191.24009585,3835.35377517
19.Set.24,5.25,5.25,5.1742893958407,47109.97632558,3711.83416409
20.Set.24,5.25,5.25,5.16109983994006,47224.49522975,3955.90137533
23.Set.24,5.25,5.25,5.15684870896306,48317.19515248,3371.85186552
24.Set.24,5.25,5.25,5.14549100731175,48902.19242208,2155.92156665
25.Set.24,5.25,5.25,5.13995794948404,48380.78450791,3534.59887318
26.Set.24,5.25,5.25,5.12745799932763,48380.12590272,3229.89371588
27.Set.24,5.25,5.25,5.12745799932763,47239.82542642,3353.3239577
30.Set.24,5.25,5.25,5.12745799932763,49112.24554109,1934.05235896
01.Oct.24,5.25,5.25,5.12659042429446,48956.25039831,12604.34606593
02.Oct.24,5.25,5.25,5.12554526574993,48484.96466005,11210.82046928
03.Oct.24,5.25,5.25,5.12554526574993,47959.94696422,11089.79360338
04.Oct.24,5.25,5.25,5.12283024516046,48198.69449787,8323.84965415
07.Oct.24,5.25,5.25,5.12283024516046,47389.31898477,10606.84977558
08.Oct.24,n.d.,n.d.,n.d.,n.d.,n.d.
09.Oct.24,5.25,5.25,5.11801941156732,47957.66860052,6766.70165437
10.Oct.24,5.25,5.25,5.11179604710648,48312.38181448,6792.49345119
11.Oct.24,5.25,5.25,5.09224743735886,45756.86991721,6195.03642932
14.Oct.24,5.25,5.25,5.08725823140137,45397.19779618,6674.08803896
15.Oct.24,5.25,5.25,5.06511279407013,47311.99066079,5923.21031037
16.Oct.24,5.25,5.25,5.05637858092467,47237.03051323,4605.74749769
17.Oct.24,5.25,5.25,5.03904601953294,47540.34687357,4492.18656973
18.Oct.24,5.25,5.25,5.03502211028691,47126.27149063,3412.64531496
21.Oct.24,5.25,5.25,5.01558285753098,48621.72657449,3616.43313974
22.Oct.24,5.25,5.25,5.01351778764287,49091.24113985,3759.47017683
23.Oct.24,5.25,5.25,5.01283431248498,48919.67855693,3887.12765201
24.Oct.24,5.25,5.25,4.99691237234877,49178.45629638,4019.6528505
25.Oct.24,5.25,5.25,4.99691237234877,48196.272504,4587.3237019
28.Oct.24,5.2,5.25,4.99518372443143,47473.97617966,2891.57014861
29.Oct.24,5.25,5.25,4.99100004132894,46511.3948315,1674.98313682
30.Oct.24,5.25,5.25,4.98639798830408,46119.75526592,1935.22850833
31.Oct.24,5.25,5.25,4.98639798830408,44949.49357777,1946.79761275
01.Nov.24,n.d.,n.d.,n.d.,n.d.,n.d.
04.Nov.24,5.25,5.25,4.98545138204067,45209.57199579,14373.68418856
05.Nov.24,5.25,5.25,4.9834997618824,45110.40519373,13420.22383789
06.Nov.24,5.25,5.25,4.98307847185436,44771.36828415,12284.67698827
07.Nov.24,5.25,5.25,4.98242710102746,43791.7724654,11477.16338638
08.Nov.24,5,5,4.97317799498903,42920.06433903,10001.0832316
11.Nov.24,5,5,4.94845105765538,43327.86548929,9912.4838457
12.Nov.24,5,5,4.94233261378251,42433.54347402,8359.73550801
13.Nov.24,5,5,4.93818196508554,41570.57271343,7317.40426505
14.Nov.24,5,5,4.91739737936128,41628.08898605,7416.62536097
15.Nov.24,5,5,4.89688963593283,41383.55848456,7285.05172312
18.Nov.24,5,5,4.89106273866063,41695.17707602,5142.01829936
19.Nov.24,5,5,4.87050073219115,42407.5615355,3835.50764245
20.Nov.24,5,5,4.86601421283204,42561.30827731,3041.10824027
21.Nov.24,5,5,4.8636745740926,43560.9386692,3580.01438596
22.Nov.24,5,5,4.85689747316213,43594.41207568,2878.73057572
25.Nov.24,5,5,4.85689747316213,44061.89962909,3864.81889437
26.Nov.24,5,5,4.8558634654121,44592.04388172,3703.11458472
27.Nov.24,5,5,4.85514480784265,44456.90341551,3242.44989341
28.Nov.24,5,5,4.85514480784265,44262.34329768,2944.00121768
29.Nov.24,5,5,4.85022836081099,43757.453205,1816.01466125
02.Dic.24,5,5,4.85022836081099,44198.91648339,14547.34164924
03.Dic.24,5,5,4.84960352859456,43615.05180104,12840.57174792
04.Dic.24,5,5,4.84912380099711,43138.86968483,12223.95626551
05.Dic.24,5,5,4.84912380099711,42775.53505359,11245.02457251
06.Dic.24,5,5,4.84912380099711,42078.26809078,9693.05728678
09.Dic.24,n.d.,n.d.,n.d.,n.d.,n.d.
10.Dic.24,5,5,4.84606006314723,42262.6056845,9225.62905263
11.Dic.24,5,5,4.84532625528947,41713.46619547,8708.12705524
12.Dic.24,5,5,4.84532625528947,41211.48489897,8442.0997953
13.Dic.24,5,5,4.84532625528947,40315.11838296,7953.82765428
16.Dic.24,5,5,4.81271534148787,39023.97846569,6518.98736218
17.Dic.24,5,5,4.80516235756411,38106.9368082,5805.68205681
18.Dic.24,4.29,5,4.77900394059392,38680.53253047,4189.12055888
19.Dic.24,5,5,4.777594555489,38702.07196108,2105.03503355
20.Dic.24,5,5,4.77554285394117,39030.52667952,1768.32654971
23.Dic.24,5,5,4.76921288908405,40094.84767369,2480.73888772
24.Dic.24,5,5,4.76724621485461,39922.9754502,3530.48298379
25.Dic.24,n.d.,n.d.,n.d.,n.d.,n.d.
26.Dic.24,5,5,4.76555188686579,39888.80926121,2453.61384352
27.Dic.24,5,5,4.75984609671527,39364.0699186,1514.59682394
30.Dic.24,4.94,5,4.75984609671527,38782.90825394,1453.99327815
31.Dic.24,n.d.,n.d.,n.d.,n.d.,n.d.
01.Ene.25,n.d.,n.d.,n.d.,n.d.,n.d.
02.Ene.25,5,5,4.75984609671527,37985.14458313,15980.40336268
03.Ene.25,5,5,4.7553972792312,37331.88762364,12929.83732781
06.Ene.25,5,5,4.7553972792312,36941.53906744,11444.57436854
07.Ene.25,5,5,4.75376167584762,36670.35331188,9771.57632903
08.Ene.25,5,5,4.7517889613147,36241.04093601,8762.32963811
09.Ene.25,5,5,4.75045276374215,36751.10979008,7561.11245732
10.Ene.25,4.75,4.75,4.74855713171527,36231.54886169,6338.8274035
13.Ene.25,4.75,4.75,4.74609680376855,35954.63454009,6590.52435507
14.Ene.25,4.75,4.75,4.7387408613587,35409.32418619,4952.16522319
15.Ene.25,4.75,4.75,4.71690636566249,35392.4070688,4541.08925094
16.Ene.25,4.74,4.75,4.71670921364036,35315.43907588,3500.58433659
17.Ene.25,4.74,4.75,4.71670921364036,35571.99581796,3455.27097197
20.Ene.25,4.75,4.75,4.71246154025269,34904.11043411,5824.50180762
21.Ene.25,4.75,4.75,4.711292510873,37250.83659218,4043.76470372
22.Ene.25,4.75,4.75,4.71003758785183,38328.87032586,3515.02131274
23.Ene.25,4.75,4.75,4.70890742689808,38524.15989892,3062.31539756
24.Ene.25,4.75,4.75,4.70890742689808,38232.1206926,2881.67751641
27.Ene.25,4.75,4.75,4.70890742689808,38314.06382641,2718.46910855
28.Ene.25,4.75,4.75,4.702008962526,38722.54004344,2418.17343154
29.Ene.25,4.75,4.75,4.70142388311132,38484.10150326,2797.88855888
30.Ene.25,4.54,4.75,4.70086869199553,38384.07900267,981.8039649
31.Ene.25,4.75,4.75,4.70086869199553,38132.37003311,1260.1123597
03.Feb.25,4.75,4.75,4.70086869199553,38319.53625682,13551.1302824
04.Feb.25,4.75,4.75,4.70021636874608,38015.63274816,11210.68964833
05.Feb.25,4.75,4.75,4.69865659561105,38153.15108783,10678.48576619
06.Feb.25,4.75,4.75,4.69750811882134,38014.00628773,9362.0468809
07.Feb.25,4.75,4.75,4.69603184118791,38073.88485703,7370.13128419
10.Feb.25,4.75,4.75,4.68894753468668,39757.39336371,7256.63721093
11.Feb.25,4.75,4.75,4.68573250188597,33886.34991292,6579.24524215
12.Feb.25,4.75,4.75,4.68147369005777,33567.71759266,7991.16982969
13.Feb.25,4.75,4.75,4.67224202910595,34384.14339501,6895.03477558
14.Feb.25,4.75,4.75,4.65669241020341,33862.21687191,6696.03048426
17.Feb.25,4.75,4.75,4.6482630770095,34715.52944068,6782.02528815
18.Feb.25,4.75,4.75,4.64596725945807,34745.81172329,5693.05420412
19.Feb.25,4.75,4.75,4.64468356794437,34963.44996801,4826.08900942
20.Feb.25,4.75,4.75,4.63651639762347,35174.71862306,4441.42826949
21.Feb.25,4.75,4.75,4.63116949985464,36144.49055163,3148.3752573
24.Feb.25,4.75,4.75,4.63016953478191,36840.86529381,4433.02395767
25.Feb.25,4.75,4.75,4.62975068429374,37112.14522468,2851.25778954
26.Feb.25,4.75,4.75,4.62853573565603,37222.31099078,2750.21239602
27.Feb.25,4.75,4.75,4.62853573565603,37064.57736542,2272.21968832
28.Feb.25,4.82,4.75,4.62853573565603,37286.53777863,3410.78035543
03.Mar.25,4.75,4.75,4.62853573565603,38217.81006604,13158.8078691
04.Mar.25,4.75,4.75,4.62800213327435,37988.93347779,12307.53441353
05.Mar.25,4.75,4.75,4.62704605285387,37944.75837675,12203.3866654
06.Mar.25,4.75,4.75,4.62704605285387,37991.30642651,11573.90931304
07.Mar.25,4.75,4.75,4.62704605285387,37638.08171725,10993.75998506
10.Mar.25,4.75,4.75,4.62704605285387,37893.30878882,10173.04553235
11.Mar.25,4.75,4.75,4.62668125018425,37652.35347273,9948.62538647
12.Mar.25,4.75,4.75,4.62648891622534,37304.08239634,9674.96250963
13.Mar.25,4.75,4.75,4.62648891622534,36666.28678553,9109.47854632
14.Mar.25,4.75,4.75,4.61910252029694,36366.24660403,6594.97978157
17.Mar.25,4.75,4.75,4.61817710100075,35780.12903761,4958.81106949
18.Mar.25,4.75,4.75,4.615992496808,35156.56410694,3714.07082393
19.Mar.25,4.75,4.75,4.60819912569434,35552.76143157,3097.4197391
20.Mar.25,4.75,4.75,4.60697512549098,35970.43066652,3334.06281428
21.Mar.25,4.75,4.75,4.60620053074775,36292.19457547,2065.10001092
24.Mar.25,4.75,4.75,4.60552017953031,37407.62986075,3481.99471449
25.Mar.25,4.75,4.75,4.60526896833877,38046.85138016,2626.18000395
26.Mar.25,4.75,4.75,4.60121195267554,38292.58579738,2324.59103103
27.Mar.25,4.75,4.75,4.60121195267554,38466.11530095,1541.19122485
28.Mar.25,4.75,4.75,4.60121195267554,38440.65125318,2192.67936592
31.Mar.25,4.75,4.75,4.60121195267554,39036.62751148,1817.62586616
01.Abr.25,4.75,4.75,4.60057960008676,39640.03058501,13717.31475502
02.Abr.25,4.75,4.75,4.60032733461928,39680.10063627,13470.60577537
03.Abr.25,4.75,4.75,4.60032733461928,40138.20640071,13088.32528529
04.Abr.25,4.75,4.75,4.59457552071847,40367.02422692,12861.87273751
07.Abr.25,4.75,4.75,4.59206240305725,41574.18246197,9194.4242708
08.Abr.25,4.75,4.75,4.58764136366764,42083.40948422,8660.45403044
09.Abr.25,4.8,4.75,4.5806352734073,44273.40097446,9206.06883812
10.Abr.25,4.75,4.75,4.57789317595592,44125.34575842,7701.36235011
11.Abr.25,4.75,4.75,4.57789317595592,43599.1597116,7498.74297806
14.Abr.25,4.7,4.75,4.57359988093198,43501.7485392,4945.98970939
15.Abr.25,4.75,4.75,4.57317757122468,43141.44625378,2967.97853726
16.Abr.25,4.75,4.75,4.57309324151982,42475.7530509,2887.80163748
17.Abr.25,n.d.,n.d.,n.d.,n.d.,n.d.
18.Abr.25,n.d.,n.d.,n.d.,n.d.,n.d.
21.Abr.25,4.75,4.75,4.57190410930475,42296.93003493,4701.76005793
22.Abr.25,4.75,4.75,4.57182337436261,43648.65660194,2412.65180855
23.Abr.25,4.75,4.75,4.56365570468723,44464.72445198,2304.97931995
24.Abr.25,4.75,4.75,4.56245081705804,45314.86731012,2239.94764512
25.Abr.25,4.75,4.75,4.56245081705804,45309.6577644,2682.74560911
28.Abr.25,4.75,4.75,4.56245081705804,45792.1914837,3206.39425777
29.Abr.25,4.75,4.75,4.56229278893384,45407.77184861,1767.30016546
30.Abr.25,4.75,4.75,4.5591717206402,44689.17116917,3140.84334367
01.May.25,n.d.,n.d.,n.d.,n.d.,n.d.
02.May.25,4.75,4.75,4.5591717206402,44337.32813629,13804.48991352
05.May.25,4.75,4.75,4.5591717206402,44367.79002483,12835.29570153
06.May.25,4.76,4.75,4.55903160519885,44234.78492523,13072.5015856
07.May.25,4.75,4.75,4.5589045950781,43967.22525766,11986.74146398
08.May.25,4.75,4.75,4.54949865310415,44069.44697816,11447.00199746
09.May.25,4.5,4.5,4.54489796449642,43894.43610144,9320.55333591
12.May.25,4.5,4.5,4.54057293178681,43863.26619287,8646.82046819
13.May.25,4.5,4.5,4.53318274123575,43462.23883308,6612.33790611
14.May.25,4.5,4.5,4.52570668646989,42882.95642313,5446.48701627
15.May.25,4.5,4.5,4.52052859060754,42679.67670752,4799.62197152
16.May.25,4.5,4.5,4.51340435144026,42657.67611613,4468.44604972
19.May.25,4.5,4.5,4.50419571625596,43775.01324247,3500.90048293
20.May.25,4.5,4.5,4.49597036818947,43960.36769141,3410.14200874
21.May.25,4.5,4.5,4.47798659484926,44205.98734783,3853.68249815
22.May.25,4.5,4.5,4.4732771224026,44678.11375598,3629.74611106
23.May.25,4.5,4.5,4.4732771224026,44198.85923512,2365.04216115
26.May.25,4.5,4.5,4.47045245105469,45022.25615159,3072.81661283
27.May.25,4.5,4.5,4.46742855425607,45132.81814541,2160.09689179
28.May.25,4.5,4.5,4.46553680324557,45021.48545176,3408.78542875
29.May.25,4.5,4.5,4.46553680324557,44964.27935765,2664.65570619
30.May.25,4.5,4.5,4.46553680324557,44711.71247134,1461.62851223
02.Jun.25,4.5,4.5,4.46553680324557,44862.51208917,14085.14265367
03.Jun.25,4.5,4.5,4.45242578649149,44706.06038121,13212.82382222
04.Jun.25,4.5,4.5,4.45219436346536,44406.46174652,12566.23629811
05.Jun.25,4.5,4.5,4.45219436346536,44162.39836624,11865.03447371
06.Jun.25,4.5,4.5,4.45219436346536,43749.85344499,11044.35232648
09.Jun.25,4.5,4.5,4.44864945034813,44114.22962355,9891.35961188
10.Jun.25,4.5,4.5,4.44314770440329,43706.46552148,8972.5372199
11.Jun.25,4.5,4.5,4.44281355878811,47991.24292263,7922.97220136
12.Jun.25,4.5,4.5,4.44086958739,47995.3084577,7171.99520824
13.Jun.25,4.5,4.5,4.44086958739,47242.72731359,5819.26819497
16.Jun.25,4.5,4.5,4.44086958739,47179.03436411,6051.30551603
17.Jun.25,4.5,4.5,4.42370504317415,45101.44069337,5983.19015323
18.Jun.25,4.5,4.5,4.4197511857243,45116.10031672,5690.40695363
19.Jun.25,4.5,4.5,4.40344160765124,44987.2134847,4693.98833094
20.Jun.25,4.5,4.5,4.39941641791614,45088.45363961,4035.8837454
23.Jun.25,4.5,4.5,4.39058805386776,45454.20951895,3014.68612383
24.Jun.25,4.5,4.5,4.38710753342956,45383.6919568,2282.97396853
25.Jun.25,4.5,4.5,4.37668550583771,46020.53693015,2621.41654424
26.Jun.25,4.5,4.5,4.37456444977741,45520.4797977,2511.29367874
27.Jun.25,4.5,4.5,4.37456444977741,45040.95718578,1912.58917467
30.Jun.25,4.63,4.5,4.37456444977741,44651.04909151,2132.65986402
01.Jul.25,4.5,4.5,4.37422031168958,44367.48362216,14178.48620714
02.Jul.25,4.5,4.5,4.3738636023547,44039.03173068,12973.5310739
03.Jul.25,4.5,4.5,4.3738636023547,43416.59069585,12013.26637377
04.Jul.25,4.5,4.5,4.3738636023547,43033.3382002,9594.20629032
07.Jul.25,4.5,4.5,4.36151229689192,43790.47199634,9806.25835917
08.Jul.25,4.5,4.5,4.35716826100259,43797.70350853,8772.85540181
09.Jul.25,4.5,4.5,4.35067718295903,43337.91367228,8780.4141289
10.Jul.25,4.5,4.5,4.33546135168735,43000.68015583,8424.20393808
11.Jul.25,4.5,4.5,4.33143298048043,42752.20777163,6978.13010817
14.Jul.25,4.5,4.5,4.32623983399226,42530.07127626,6534.33059974
15.Jul.25,4.5,4.5,4.30819403440337,42440.70198885,6477.05123903
16.Jul.25,4.5,4.5,4.30588889891941,42364.14800403,6156.90609736
17.Jul.25,4.5,4.5,4.29950564223857,42184.25912134,5489.6283945
18.Jul.25,4.5,4.5,4.29950564223857,42134.7002487,5457.67814308
21.Jul.25,4.5,4.5,4.28109211952729,42401.42595186,3745.79130823
22.Jul.25,4.49,4.5,4.27666055468599,42353.32702379,2984.62664089
23.Jul.25,n.d.,n.d.,n.d.,n.d.,n.d.
24.Jul.25,4.5,4.5,4.27431048095021,42607.59515129,2289.49269321
25.Jul.25,4.5,4.5,4.26973955664035,42030.39842699,2359.10145792
28.Jul.25,n.d.,n.d.,n.d.,n.d.,n.d.
29.Jul.25,n.d.,n.d.,n.d.,n.d.,n.d.
30.Jul.25,4.5,4.5,4.26964856154778,41696.90906979,2536.44999099
31.Jul.25,4.5,4.5,4.26964856154778,41881.82944766,1193.90617484
01.Ago.25,4.5,4.5,4.26964856154778,41544.00380469,12461.29403998
04.Ago.25,4.5,4.5,4.26964856154778,41286.12835111,11460.34155254
05.Ago.25,4.5,4.5,4.26910464376384,41066.20308228,10355.14229357
06.Ago.25,n.d.,n.d.,n.d.,n.d.,n.d.
07.Ago.25,4.5,4.5,4.26699335972289,40804.68327968,9509.50631793
08.Ago.25,4.5,4.5,4.24262782110858,40489.31929797,9062.45067504
11.Ago.25,4.5,4.5,4.2412568755235,35675.05856522,7671.11265724
12.Ago.25,4.5,4.5,4.23268886427552,35583.70250112,9593.42350582
13.Ago.25,4.5,4.5,4.2295438515008,35115.39070058,8346.55797703
14.Ago.25,4.5,4.5,4.2202917112233,36131.7074997,6222.5643496
15.Ago.25,4.5,4.5,4.2182547326011,35546.8873004,4363.63984496
18.Ago.25,4.5,4.5,4.21411848754447,36071.51669979,4792.01818331
19.Ago.25,4.5,4.5,4.20644671597401,36032.05356768,4496.83763646
20.Ago.25,4.5,4.5,4.20425304149784,36122.44989832,3903.57339028
21.Ago.25,4.5,4.5,4.20274436796383,36761.52883075,3273.81969707
22.Ago.25,4.5,4.5,4.18611267147724,37360.81490204,3162.58685515
25.Ago.25,4.5,4.5,4.18129528503107,37722.00135363,2963.08120161
26.Ago.25,4.5,4.5,4.17876054343285,38457.18008339,2203.18788073
27.Ago.25,4.5,4.5,4.17670107220492,38544.84273622,2434.71077621
28.Ago.25,4.5,4.5,4.17265152590416,38176.53280744,1495.42517664
29.Ago.25,4.5,4.5,4.17265152590416,38591.15362382,2008.66993906
01.Set.25,4.5,4.5,4.17265152590416,38963.66893728,13878.40064503
02.Set.25,4.5,4.5,4.17221135466214,38535.35582589,13629.40308833
03.Set.25,4.5,4.5,4.17193623866149,38286.47519138,12128.56932868
04.Set.25,4.5,4.5,4.17193623866149,37852.22545143,11640.79044929
05.Set.25,4.5,4.5,4.15141563672948,38014.62079428,9434.14384836
08.Set.25,4.5,4.5,4.15141563672948,38534.56567729,8756.37073946
09.Set.25,4.5,4.5,4.14072897119175,37980.51128661,7672.6408659
10.Set.25,4.5,4.5,4.1357874590264,37478.80684669,7083.10794674
11.Set.25,4.5,4.5,4.12971287359721,36783.15729336,6191.00724277
12.Set.25,4.25,4.25,4.12971287359721,36197.85961134,5502.59521685
15.Set.25,4.29,4.25,4.12971287359721,36619.33447041,6234.36439504
16.Set.25,4.25,4.25,4.10917474767716,36898.62625676,6480.16924827
17.Set.25,4.25,4.25,4.10876257785282,36865.2465449,6189.35058524
18.Set.25,4.25,4.25,4.10725973272049,37057.34839506,5795.1199437
19.Set.25,4.25,4.25,4.10725973272049,37256.39012576,5049.14876656
22.Set.25,4.25,4.25,4.10041135264364,38380.02800661,4025.76872018
23.Set.25,4.25,4.25,4.09764579292041,38669.51109414,3156.40546209
24.Set.25,4.25,4.25,4.08230347346205,38741.03111783,2678.03806541
25.Set.25,4.25,4.25,4.07949942162229,38404.6851507,1995.48785084
26.Set.25,4.25,4.25,4.07806960983265,37011.4793279,1264.26714732
29.Set.25,4.25,4.25,4.07674736794804,37414.88993272,3202.98922891
30.Set.25,4.25,4.25,4.071658417588,37353.08524951,1098.06841378
01.Oct.25,4.25,4.25,4.07123335452661,36682.6415091,13707.73319513
02.Oct.25,4.25,4.25,4.07123335452661,36700.18517924,13173.50113175
03.Oct.25,4.25,4.25,4.07123335452661,36422.65346133,11616.96306023
06.Oct.25,4.25,4.25,4.07123335452661,36602.43459748,11194.71919511
07.Oct.25,4.25,4.25,4.07085214768944,35949.09961309,11001.23554642
08.Oct.25,n.d.,n.d.,n.d.,n.d.,n.d.
09.Oct.25,4.25,4.25,4.06436689250488,36636.47899386,9787.32863555
10.Oct.25,4.25,4.25,4.059463796625,35974.66993479,8293.48083411
13.Oct.25,4.25,4.25,4.05311878446138,35986.03199122,6505.40463988
14.Oct.25,4.25,4.25,4.04929011850067,35821.27774162,5008.12905227
15.Oct.25,4.25,4.25,4.04377093046468,35975.9162968,4653.03539582
16.Oct.25,4.25,4.25,4.04147995401499,35718.07274155,4906.52804767
17.Oct.25,4.25,4.25,4.04147995401499,35326.96693413,4399.80995916
20.Oct.25,4.25,4.25,4.03912226526231,36515.41492042,4364.4609999
21.Oct.25,4.25,4.25,4.0364026942856,36970.62243698,3669.0603672
22.Oct.25,4.25,4.25,4.03255281485378,37508.32616544,3119.72135066
23.Oct.25,4.25,4.25,4.03255281485378,37794.97378155,3007.84697854
24.Oct.25,4.25,4.25,4.03255281485378,38443.58406811,3145.01255319
27.Oct.25,4.25,4.25,4.03255281485378,38790.11391205,3742.90700185
28.Oct.25,4.25,4.25,4.03249721047991,38384.82869998,3081.02651529
29.Oct.25,4.25,4.25,4.03181208869303,37950.29717426,2345.6016567
30.Oct.25,4.25,4.25,4.03181208869303,37793.34649536,1967.71716002
31.Oct.25,4.25,4.25,4.03181208869303,37652.93896008,1468.46887449
03.Nov.25,4.25,4.25,4.03181208869303,37790.24620138,13908.62663201
04.Nov.25,4.25,4.25,4.0203721104597,37523.81914041,13967.541632
05.Nov.25,4.25,4.25,4.02032119220563,36975.59508088,14065.71784355
06.Nov.25,4.26,4.25,4.02032119220563,37002.6795867,13104.24450575
07.Nov.25,4.25,4.25,4.02032119220563,36436.3783205,13122.65736092
10.Nov.25,4.25,4.25,4.02032119220563,36531.09469805,10028.83277978
11.Nov.25,4.25,4.25,4.01801102877501,36065.83122867,7875.60495063
12.Nov.25,4.25,4.25,4.01633950055069,35758.3822742,7149.05215809
13.Nov.25,4.25,4.25,4.01613802981138,35404.83389619,6742.47120053
14.Nov.25,4.25,4.25,4.01613802981138,34598.23674394,5422.92000146
17.Nov.25,4.25,4.25,4.01559832962929,34235.00375601,5456.44094517
18.Nov.25,4.25,4.25,4.01584558600067,34337.54125108,4965.94634049
19.Nov.25,4.25,4.25,4.00427185411554,34808.50020288,4828.99101374
20.Nov.25,4.25,4.25,4.00427185411554,35008.6766137,4481.12652574
21.Nov.25,4.25,4.25,4.00464806263783,35657.05113876,3321.14337217
24.Nov.25,4.25,4.25,4.00501843229886,36990.01688464,3253.05487053
25.Nov.25,4.25,4.25,4.00535579413459,37226.76875074,4324.0390608
26.Nov.25,4.25,4.25,4.00535357386805,37035.9214821,3852.82685356
27.Nov.25,4.25,4.25,4.00535357386805,37048.21493021,2907.90529526
28.Nov.25,4.25,4.25,4.00535357386805,37477.02561214,2072.37472973
01.Dic.25,4.25,4.25,4.00535357386805,37765.85911565,13582.87177148
02.Dic.25,4.25,4.25,3.99637106010471,37640.8345431,13718.9827235
03.Dic.25,4.25,4.25,3.9963656181496,37394.38167049,13074.84424709
04.Dic.25,4.25,4.25,3.9963656181496,37223.67690529,13048.7091335
05.Dic.25,4.25,4.25,3.9963656181496,36298.53375147,11881.98060851
08.Dic.25,n.d.,n.d.,n.d.,n.d.,n.d.
09.Dic.25,n.d.,n.d.,n.d.,n.d.,n.d.
10.Dic.25,4.25,4.25,3.99727716860051,36680.35675474,10296.11963133
11.Dic.25,4.25,4.25,3.99729982619747,35943.43213457,9690.44213252
12.Dic.25,4.25,4.25,3.99733311427867,35137.83695501,8292.31156967
15.Dic.25,4.25,4.25,3.99727128172074,34442.95294807,7472.04291613
16.Dic.25,4.25,4.25,4.00173441971543,33738.70794457,6664.08440599
17.Dic.25,4.25,4.25,4.00137149601538,33031.46270022,5998.6935673
18.Dic.25,4.25,4.25,4.00125712064201,33182.00621587,6813.04986843
19.Dic.25,4.21,4.25,4.00168889913455,33177.42622422,4743.89307683
22.Dic.25,4.25,4.25,4.00168889913455,33751.20711238,6214.43350977
23.Dic.25,4.25,4.25,3.99874026671678,34240.20092499,3851.27159626
24.Dic.25,4.25,4.25,3.99874026671678,33898.70328092,2829.59167804
25.Dic.25,n.d.,n.d.,n.d.,n.d.,n.d.
26.Dic.25,n.d.,n.d.,n.d.,n.d.,n.d.
29.Dic.25,4.25,4.25,3.99863492253002,34230.31666862,3402.61515277
30.Dic.25,4.25,4.25,4.00128975568217,33991.45588673,2470.93754967
31.Dic.25,3.85,4.25,4.00166391397694,32959.27649707,3474.59613062
